specimen_id,m01,m02,m03,m04,m05,m06,m07,m08,m09,m10,m11,m12,m13,m14,m15,species,caste,investigator,lm,scale,scale1,body,scale2,its,notes
MM190709-001,2.19974025460323,0.662482612221219,2.92166764455754,0.210650879772162,0.100252493621734,1.87355541345006,0.296828337299834,0.745231957913335,0.174827111090601,0.295318649587638,1.96943706448147,0.271905305003066,3.0845293268375,0.62446682972173,0.435716310560562,vag,W,JL,1,303.374,70.432,1256.471,69.863,265.002,
JL190809-005,2.73354115485456,0.692499845166085,4.19099898841842,0.253312413551064,0.0874914841346849,2.73182765953054,0.378983876628337,0.912690187658705,0.210615413200107,0.306311030368092,2.52969301595822,0.356786886599641,4.14641920766325,0.772402403022358,0.489411424678462,vag,W,JL,1,242.195,138.378,2463.597,138.408,582.417,
JL190809-003,2.28052328941762,0.678040273864924,3.14746826872583,0.244760995716319,0.0946340045644154,2.14837983070048,0.315288149364053,0.739329605617336,0.185218824415329,0.320123391142656,2.2507422954848,0.312867225713974,3.21378109962117,0.687235159870136,0.518649038731476,vag,W,JL,1,302.777,139.481,2278.458,136.228,560.879,
JL190716-005,2.87957276617142,0.848670947075339,4.15897884782821,0.291064685697258,0.11649292056412,2.19079324136197,0.455644691936287,1.05700796640236,0.243052095894812,0.327795806813579,2.53853997401957,0.338513900464202,4.04817089353143,0.790368614888931,0.546818327847023,vag,W,JL,1,214.777,69.93,979.423,69.004,250.545,
JL190716-003,2.12325924143532,0.597133241762832,2.9204339238628,0.210755857671369,0.0957011994398826,1.7317251681856,0.318611871413628,0.777206297644232,0.191312165174469,0.284864465632655,1.9204339238628,0.262770575791299,2.7805482867293,0.599512737991398,0.40747536118547,vag,W,JL,1,299.223,70.711,1057.98,69.168,257,
JL190710-001,2.55060339345022,0.779582767365719,3.59944410857156,0.265391047635499,0.110550159779528,2.26011479000966,0.360234133932147,0.936480767569859,0.249526942675659,0.326868870865165,2.32492953212471,0.33789640633465,3.51515746331352,0.675337421386117,0.479523095404474,vag,W,JL,1,254.726,71.203,1473.545,70.261,310.644,
JL190703-004,2.27047747186689,0.724280561762953,3.15230676493411,0.221135048906148,0.123269468376689,2.03229104569569,0.352214181284115,0.781415996989366,0.202741541750897,0.295231942025317,2.19194788672823,0.23141583047201,3.112365911899,0.67942411637565,0.488598556627557,vag,W,JL,1,300.269,69.39,1162.612,69.721,300.167,
JL190703-002,2.10224971476308,0.684048511404601,2.9894746764877,0.226817796183189,0.0969740507542932,1.94030990869168,0.332337577485299,0.733275039900663,0.206046697590358,0.305120612146054,1.94493871063162,0.345915179804901,2.95349094230575,0.631145595974502,0.42824869408625,vag,W,JL,1,307.639,68.362,1163.95,69.995,259.106,
FJ190827-004,3.03932814617934,0.814058377189386,4.75477914397488,0.265702557077185,0.107106851191711,3.22827979759487,0.442368082119755,1.07395794642728,0.221314282682206,NA,2.844149015711,0.308527932004226,4.67031504001312,0.812056515216563,0.642014017857574,vag,W,JL,1,207.307,138.481,2880.992,140.676,644.023,
FJ190827-003,3.07229802597646,0.802897735265157,4.99997655553993,0.280902142823651,0.12227223707038,2.987025835795,0.446330941998406,1.07790125193417,0.239546115252966,0.294734374267361,2.80893233928823,0.405893937262625,4.49868242134384,0.798560510151451,0.560650818211657,vag,W,JL,1,213.27,139.007,2722.257,138.199,653.449,
FJ190827-001,3.03455392440364,0.893145464772664,4.8731570316028,0.267522559280004,0.118837295896944,3.07125484261981,0.42884022721691,1.05690721976185,0.237674591793889,0.257809590962028,2.92511665861214,0.377169770960918,4.66508084897364,0.812276684914794,0.605032363356916,vag,W,JL,1,252.446,138.7,2790.819,140.252,639.253,redo base
FJ190716-010,2.57487992615654,0.759023138659866,3.79460332608458,0.239095574085953,0.0990237644518844,2.42839765953785,0.381377211783664,0.916785306403417,0.227557533753657,0.346739623586101,2.41691828720725,0.238121685257905,3.82379261252523,0.70877986201286,0.48505139316948,vag,W,JL,1,255.676,68.132,1446.867,68.602,313.439,
FJ190716-003,2.37988787584415,0.725436265961307,3.44470063162494,0.239510305356913,0.1026283244188,2.14163769930907,0.38322351096078,0.918684628379037,0.199845507426177,0.348638241593614,2.18787623428253,0.336204710462971,3.38240033083258,0.695879807898628,0.488836351010249,vag,W,JL,1,256.323,68.98,1141.602,69.453,282.899,
FJ190709-011,2.51681724713314,0.743060438704184,3.72450806368851,0.257258840029951,0.12162999395651,2.29792126738454,0.418741661693774,0.935509496641872,0.25089227003379,0.354486816448936,2.31947258193871,0.362476386676954,3.61323562390485,0.821724637295557,0.584899636250299,vag,W,JL,1,263.093,69.452,1569.077,69.409,298.965,
FJ190709-001,2.32776124059222,0.656269904199867,3.01453900248274,0.224438132872314,0.0822100323666662,1.97765855116923,0.328843379131949,0.6684041543721,0.199106991979826,0.254361050811766,2.09360335885404,0.327582509001573,3.229003912597,0.641181708284047,0.49575268747319,vag,W,JL,1,307.724,69.697,1304.099,69.012,284.113,vag all has hairy tips
FJ190703-012,2.42932369887598,0.753299194429827,3.48331849033181,0.239299545264408,0.119648085927485,2.20963378267147,0.333336706742771,0.840657005222038,0.232643808444319,0.302453143342914,2.21052098935352,0.491283110013629,3.41771579700171,0.768611099866413,0.577632271384042,vag,W,,1,296.436,68.633,1304.025,69.77,319.681,
FJ190703-009,2.42143465876871,0.775235496738528,3.48386114198501,0.232677582525121,0.110222518899687,2.09980784373451,0.381117487516324,0.88978720232791,0.207791239877772,0.310580260075242,2.14332329886618,0.399889178005399,3.41310356671841,0.720981325521787,0.494467001292923,vag,W,JL,1,308.603,68.476,1316.082,70.007,315.417,
FJ190703-002,2.24488259790025,0.689322697739285,3.12729476627109,0.24088447476979,0.120210887146702,1.76501658553116,0.33828292504904,0.748317008478497,0.218704177989795,0.315789816679375,2.02800967109165,0.309892014832483,3.08939242865615,0.699779076814796,0.49986314492952,vag,W,JL,1,306.894,68.805,1152.98,69.023,279.27,
FJ190628-002,2.23663621606137,0.792481777381672,2.8233249514594,0.240436706241844,0.112130375274533,1.62732915300633,0.342139605945825,0.77505490657924,0.235627208199382,0.331183754018525,2.01962313397205,0.271050705032307,2.88634178947703,0.736015532991692,0.554944775121749,vag,W,JL,1,314.17,70.082,1264.767,70.315,327.377,
DRA190709-014,2.04849174032936,0.626617143004407,2.89855810117774,0.204069272994356,0.0934753756152875,2.00790531659923,0.334297605855217,0.744952065561941,0.17912919104193,NA,2.0094612529959,0.294593845836662,3.0224177254336,0.602756230188388,0.422051774347344,vag,W,JL,1,310.424,71.049,1095.73,71.005,270.969,
DRA190709-008,2.26018020467212,0.654151374513726,3.14522852463898,0.227679929575186,0.101161232693167,1.95340181628703,0.360001553488553,0.75535144442071,0.165407693652057,0.322860231340337,2.06399401906907,0.340479380675897,3.12153458777534,0.660106413965862,0.463667786472998,vag,W,JL,1,308.982,68.843,1247.938,69.087,280.179,
DRA190709-006,2.13295774113241,0.662096715518959,2.81898817865198,0.212578648184409,0.0943714946397446,1.82190160159179,0.357553863527804,0.745130850966238,0.240912556188572,0.284120421481512,1.9297931501346,0.268110830278088,2.90420817213553,0.621976256077539,0.450571454781841,vag,W,JL,1,316.123,69.355,1192.078,69.408,289.8,
FJ190815-005,2.78565880635039,0.723071426352254,4.28949187560195,0.250633019542051,0.0815546649268338,2.83066144716811,0.382487494951378,0.964869357193898,0.213630502998105,0.317243763009911,2.55531348059776,0.233234691024327,4.20416627831112,0.777262559418399,0.534816074812813,vag,W,JL,1,257.496,71.721,1286.349,69.57,318.308,
FJ190815-001,2.78694628182,0.677991581479254,4.10079675285628,0.232461415113249,0.103182000400882,2.7118711164562,0.414101022248948,0.957501503307276,0.223707155742634,0.339166165564241,2.42345159350571,0.233694127079575,4.05189416716777,0.61325415915013,0.491491280817799,vag,W,JL,1,199.56,70.46,1286.223,69.539,291.65,
JL190703-001,2.96038609068687,0.943733755881699,4.13062928144233,0.273282833650567,0.140846771466391,2.70265413192398,0.43451627551957,1.02124175112803,0.221697794181586,0.386279094484005,2.64680335075701,0.426361607358525,4.09646470014203,0.859964830578073,0.67661040203287,vag,Q,JL,1,206.998,68.681,1501.326,69.014,358.151,
FJ190703-004,2.89998281983736,0.900035314778758,4.29772267399687,0.279616691482457,0.139135456037873,2.86871969610201,0.503173557820792,1.03901805825984,0.246544878402627,0.414390295117016,2.80239472378116,0.355586416218074,4.1981254533654,0.851687473752529,0.65685965716031,vag,Q,JL,1,209.544,68.688,1478.55,69.357,379.352,
FJ190703-004,2.93897871650151,0.933878501328728,4.29134680986073,0.271275149213498,0.137701038649994,2.82483695055797,0.473198822513466,0.980166890109209,0.254614764383418,0.413876020400861,2.83350588504716,0.381495140721091,4.18859345702985,0.865500312501491,0.678090067223603,vag,Q,JL,1,209.599,68.238,1652.899,69.084,381.518,
JL190806-001,2.88401328381594,0.671979279439777,4.49696911558473,0.239812162822674,0.10142842133633,3.04527826122706,0.306057657608274,0.915838712182465,0.169263588731597,0.281833422409816,2.67929725507393,0.379529767533221,4.28174662993975,0.796069671513341,0.574502199503913,vag,M,JL,1,218.913,139.817,2631.962,138.833,702.026,
JL190628-006,2.20847749744068,0.763794399305421,2.75574388679392,0.244029338205756,0.100636265858052,1.73200378390286,0.398476071997823,0.682012854902876,0.223794528891135,0.288558229340798,1.91672174059532,0.308397802226283,2.82818230118312,0.64031217198616,0.554536147935052,terri,W,JL,1,308.676,69.316,1411.882,68.609,341.977,
JL190628-002,2.17399878691057,0.689724204448658,3.04909366309921,0.229943422304273,0.118998770338306,2.01497800861095,0.372710127970992,0.769781478179305,0.216456917095612,0.339114842447524,2.11077561491371,0.262869188522716,3.08885051490012,0.700197872784703,0.487327192758585,terri,W,JL,1,301.709,71.169,1092.841,69.276,270.681,
JL190619-008,2.2095076691769,0.775397966316289,3.00243329860333,0.238219273835116,0.0994091502578373,1.6800542051884,0.351252258549517,0.780422826846735,0.252852036980863,0.312055708689975,2.01760349761946,0.363685820925049,2.81233926381177,0.688086068870923,0.458053624889545,terri,W,JL,1,303.292,68.849,1305.299,69.561,273.748,
FJ190628-001,2.26381281829538,0.711450626181096,2.81476570257199,0.269353960475321,0.104919765542423,1.63610070145095,0.387719803978092,0.745744851221934,0.249441081323468,0.337673360878896,1.98874475513276,0.27255693283367,2.83334294225041,0.746292559495212,0.457352423048589,terri,W,JL,1,312.21,69.678,1172.308,70.23,344.244,
FJ190619-009,2.25665383025762,0.775295051531513,3.08174190289377,0.249637540920154,0.10173783547966,1.80160859667653,0.420183558462517,0.857112398396652,0.234755397524126,0.315542770171422,2.05790160794064,0.291718876081637,2.99928492235831,0.771762305567765,0.459752281360091,terri,W,JL,1,304.862,70.336,1279.61,67.524,330.055,
JL190809-007,1.98325541715454,0.628593185936726,2.64415256493572,0.218194883011219,0.0692428150595322,1.78090905707587,0.307268391415002,0.677229485810476,0.181874397020386,0.22307025052461,1.89663247515796,0.232758003704478,2.51042778988111,0.622180488796388,0.412373642669629,tern,W,JL,1,349.307,140.375,1885.739,137.233,466.21,
JL190809-006,2.29212897951649,0.723103446002519,2.84268836982391,0.231331131372665,0.112270326931825,1.98376878094447,0.372619212436463,0.743514434709229,0.214262639847577,0.291558711259667,2.06402167678646,0.30297726178939,3.00594001964624,0.685172366052887,0.468219905988146,tern,W,JL,1,303.366,137.621,2391.911,138.48,538.917,
JL190809-004,2.07278061023363,0.628685842684818,2.79535360437308,0.222343039604741,0.0896658432104281,1.85945178838927,0.292390475940186,0.661181703503193,0.204097789808415,0.280262016766971,1.89632664056135,0.272972458016872,2.7819768205829,0.620913379411842,0.459179785025361,tern,W,JL,1,304.408,140.196,2115.948,137.551,511.278,
JL190809-002,2.06820501512097,0.599936995967742,2.7412109375,0.209434853830645,0.0978578629032258,1.84923450100806,0.261028855846774,0.636636844758065,0.156404359879032,0.230522303427419,1.95973097278226,0.298131930443548,2.77172379032258,0.624105342741936,0.462682711693548,tern,W,JL,1,317.44,140.257,2334.349,139.014,534.135,
JL190809-001,1.98857601723676,0.654845031046664,2.785819324607,0.195417188517195,0.073001794394747,1.75301792081531,0.307522248181647,0.663205654821899,0.185794209689732,0.281871986623002,1.83392760955557,0.268858493964158,2.64694044129553,0.664296170966495,0.477626243766709,tern,W,JL,1,302.609,139.022,1958.531,139.508,494.773,
JL190724-002,2.37277710839573,0.719172854069808,3.1112597069158,0.194333873745434,0.122482194788072,2.01728477614953,0.308072747459327,0.748260482838236,0.21158710833265,0.292346124488238,2.05509680105475,0.282063575173006,2.99709817626687,0.637606373918913,0.496918389361662,tern,W,JL,1,158.521,70.142,1069.822,68.86,304.041,
JL190716-009,1.74556527465792,0.506006970367786,2.05119536265148,0.169655752509561,0.0718000045643194,1.29673292537012,0.258568694637251,0.490439380947879,0.158985025772104,0.248373961209806,1.5601006758453,0.214337179315809,2.16372213727517,0.535808715893938,0.365859542850809,tern,W,JL,1,306.727,68.771,1386.763,68.16,330.097,
JL190716-008,2.05361187259044,0.684499263499435,2.82343447493717,0.211813536175767,0.0935909351711735,1.66649442507659,0.347940314933681,0.690072509235616,0.218098117309944,0.298005912136657,1.8812103438904,0.290073851377877,2.82522623485476,0.660196422519805,0.44948008764189,tern,W,JL,1,298.031,68.542,1082.99,69.69,277.626,
JL190716-007,1.88362309632453,0.629238144746722,2.45616331979181,0.211812575007862,0.0812427398807576,1.5576605890243,0.320279558713106,0.651787032223698,0.206893342831655,0.24204675998126,1.83981529614869,0.22367264162447,2.57859219468992,0.604943619759076,0.434862691490659,tern,W,JL,1,311.634,70.004,1132.297,69.396,242.668,
JL190711-001,2.11216436576472,0.688596388426625,2.7747236741213,0.227911508751017,0.0871217575029047,1.76061355897017,0.34441203947082,0.702378361364938,0.197752560681196,0.264425700901721,1.95737499623306,0.366785980961055,2.86303076165826,0.633280986837479,0.428279161964969,tern,W,JL,1,298.651,72.084,1193.294,67.851,248.652,
JL190628-001,2.18146021486146,0.658891457915512,2.97806675778905,0.204038552431562,0.0899301253145638,1.8937125557273,0.338349322330519,0.714902980212818,0.206816933433823,0.295769835085523,1.95352119872769,0.290238621412056,2.90738091284187,0.63784602020873,0.431706117547871,tern,W,JL,1,313.132,70.879,1148.576,68.843,266.608,
JL190619-010,2.14023822187837,0.672391728317457,2.80240478377899,0.214725271182889,0.11355995035701,1.73183114936415,0.341530873748852,0.758464290895025,0.198136776106894,0.258659316925358,1.93446803023709,0.261170478539078,2.91297970762213,0.649826733072224,0.433160872298245,tern,W,JL,1,310.215,69.216,1173.754,69.767,285.237,
JL190619-007,2.2516704426713,0.675156019824823,3.03626242646377,0.237156524712326,0.115037658855823,1.89368603027408,0.373367503778668,0.730297404303048,0.218092228247497,0.274831357987608,1.97250919502398,0.259451462096689,2.83146982977622,0.662978005438725,0.380276154291064,tern,W,JL,1,312.941,70.678,1228.243,71.118,292.062,
JL190619-002,2.16313100452049,0.61612018798568,2.72526769404019,0.230743144889099,0.11953214727891,1.6997155900786,0.375549064710455,0.704703161141095,0.1999955211036,0.271577883209577,1.91927429081474,0.263666232640277,2.68613493635168,0.670743528794505,0.562498200443411,tern,W,JL,1,312.577,71.697,1252.535,70.39,283.132,
JL190619-001,2.19492125063966,0.652744697922129,2.97408504804564,0.221208943248656,0.0997397133055778,1.72496162034785,0.370605292917296,0.757266863355803,0.22480999703071,0.286245869844017,2.0060365033136,0.310562459330204,2.94422473102655,0.679146108018978,0.446300075179895,tern,W,JL,1,316.574,70.214,1245.53,70.01,298.429,
FJ190827-019,2.26428137121973,0.756697263218133,3.10191155288066,0.219300213623106,0.0797103569814437,2.03611433550858,0.322161202532263,0.698820683398851,0.19681613781129,0.293372481312043,2.0393820862231,0.330637845430514,3.2066909228063,0.713826324739637,0.469983840078556,tern,W,JL,1,307.551,139.561,2556.215,137.975,586.299,
FJ190827-018,2.36565296190211,0.697469645889838,3.08559985805176,0.222516539504702,0.112379914324098,2.02071873970242,0.340815188461636,0.71360358419305,0.18865174520291,0.246432283085346,2.137414133989,0.20071734556792,3.07213061772832,0.654283161390079,0.517977998022864,tern,W,JL,1,315.608,139.818,2553.3,139.512,628.001,
FJ190809-014,2.06624305300564,0.686310142456171,2.79401422694656,0.207158904910973,0.0834977377536859,1.83196830988107,0.310957736135573,0.650792564148841,0.194154878299239,0.28223000852621,1.85020008588445,0.304385708328925,2.78380455685489,0.617014457216472,0.451020967009167,tern,W,JL,1,321.362,141.839,1966.261,138.087,527.496,
FJ190809-013,2.08043846625825,0.653016521963052,2.78978607602583,0.213002025108806,0.0895244332397608,1.79888475954615,0.304300415512906,0.696147842480234,0.195872847328414,0.295271672956055,1.92069330569606,0.314969591576565,2.81005305975819,0.647240034207489,0.440192528397621,tern,W,JL,1,314.551,139.843,1942.414,91.926,474.489,
FJ190809-010,2.06044022373345,0.675047900873823,2.73011146432739,0.218458938349486,0.0961546199967189,1.78086627066547,0.336940472910856,0.6375970012041,0.17934582418909,0.241887805164937,1.87583226800964,0.286012325769277,2.85804316805081,0.684581645066133,0.464965037779009,tern,W,JL,1,323.063,139.445,2050.012,137.461,568.148,
FJ190809-012,2.04613737853523,0.693953939556121,2.83616597815725,0.215172852101487,0.0795102941914335,1.92082754929672,0.291706109615159,0.671703099128631,0.194039236674416,0.28817046043719,1.85547657674232,0.255014968808015,3.01807295412353,0.6295763576458,0.461607934304494,tern,W,JL,1,298.955,137.285,1983.944,139.272,515.197,
FJ190809-009,2.02105116231855,0.677202822048523,2.68073989950259,0.228755329408182,0.0954313013907217,1.68513348898589,0.302183788447873,0.673944904070653,0.194158587960613,0.209125342604812,1.80919767028728,0.213011369404121,2.6400809562481,0.638405999390925,0.418282407877373,tern,W,JL,1,315.232,140.021,1752.165,139.58,484.228,
FJ190809-008,2.08124441866826,0.654585177300992,2.87173893701786,0.214596644775214,0.0943628137491062,1.63298151034544,0.319909578306702,0.707483845030926,0.215202970998494,0.281170605041075,1.88120619375418,0.242896262196549,2.87692895767909,0.609631360246748,0.419946814645415,tern,W,JL,1,303.467,141.391,1925.56,138.668,564.391,
FJ190809-006,2.10930353938998,0.669995106834122,2.93711955635296,0.22320991681618,0.126044690915022,1.73630402870657,0.337008644593052,0.739650954167346,0.172151361931169,0.194288044364704,1.96601533191975,0.211127059207307,2.78703311042244,0.629055618985483,0.444283151198826,tern,W,JL,1,306.55,139.531,2085.512,139.675,594.47,
FJ190809-005,2.1245362787054,0.673886583320924,2.89522650316917,0.234887379659064,0.0993027185559735,1.67888473814719,0.327337058210376,0.696187288371521,0.194902141048965,0.283710029328551,1.93030098991952,0.311352026777679,2.72958817017034,0.661242287497491,0.440883223162434,tern,W,JL,1,308.914,141.834,2242.16,138.061,585.713,
FJ190809-004,2.01251146939311,0.666604404246952,2.62884060820553,0.200511207235549,0.081989775855289,1.60421745969328,0.334250884781754,0.640929348538472,0.173708874033294,0.224711626687639,1.86257700878228,0.265686852798532,2.65131734172237,0.621667322060558,0.406553938917289,tern,W,JL,1,305.16,139.331,2156.307,135.552,555.81,
FJ190809-002,1.88163086080437,0.696179804517881,2.61108165688172,0.195212151766983,0.0977963538193823,1.67560051391306,0.28713428418091,0.613114540812178,0.174857291548082,0.245988713428418,1.75680202963132,0.202127209744832,2.55757940444632,0.603568117874742,0.417147782530209,tern,W,JL,1,307.445,138.712,1928.774,140.444,465.145,
FJ190716-011,2.13203023057103,0.625055473495261,2.75546952104019,0.239668682479649,0.0861710372053281,1.84178959151636,0.313718346989197,0.686788366131692,0.219532631662615,0.278182191517689,1.94605326780285,0.326210646936869,2.86290263822008,0.698869996621912,0.453832804541209,tern,W,JL,1,301.946,68.706,1126.408,68.007,274.765,
FJ190827-017,2.27293608458779,0.668726310927188,3.1338452387732,0.221761359681594,0.114640875238077,1.97472427342964,0.383761397647386,0.764862025981258,0.22781690363649,NA,2.09963805944178,0.263371868613046,3.06063137113461,0.697374665426451,0.5244309876801,tern,W,JL,1,316.074,141.324,2416.567,139.012,574.913,
FJ190716-001,2.09581419255357,0.63147868547014,2.75780461948665,0.208609335346462,0.0945356420058466,1.74252947412381,0.334848533521796,0.68810755244306,0.219952455909281,0.29216807478557,1.98340454238813,0.292710976902567,2.75985415528928,0.64306595136368,0.514311413794211,tern,W,JL,1,311.29,68.198,1080.525,68.037,274.925,
FJ190703-010,2.18052526227535,0.664414393510483,2.88707387022823,0.22635345219643,0.106320905611811,1.752005544057,0.303663965795148,0.777591119608699,0.208756021272844,NA,1.98659464342618,0.375832614029063,2.90253968548614,0.613054521716802,0.447605258191561,tern,W,JL,1,323.229,70.336,1187.169,68.974,280.129,
FJ190628-014,2.09588070732097,0.626789275932872,2.67593091313871,0.222838097663046,0.0881996742171255,1.76867457294044,0.296482001965143,0.719082454405087,0.206715436167122,0.286166632390913,1.87820682315996,0.268666412046785,2.72818348300412,0.632452936126318,0.434208507568413,tern,W,JL,1,306.339,70.696,1153.916,70.023,257.56,
FJ190621-002,1.9404123311575,0.601473534544045,2.63690622374459,0.210266270277257,0.0909972209655529,1.64710140244297,0.313497705680863,0.736208233697408,0.195947780003878,0.253806630905448,1.97656563045305,0.309781554966716,2.67967427131132,0.621117430362567,0.436256705228462,tern,W,JL,1,309.46,70.344,1043.584,70.016,269.258,
FJ190619-010,2.06240660792793,0.677010157456783,2.92172889204147,0.232375678273989,0.115444303218628,1.7889258156391,0.327026180385775,0.726231155055144,0.197380881225088,0.267309264133484,1.99679181354352,0.3261872270251,2.95446247574057,0.70631591454918,0.454212229995643,tern,W,JL,1,277.727,69.424,1153.286,70.077,277.953,
FJ190619-003,2.23116534558425,0.705368121302013,2.97266980644457,0.231505648710861,0.106912969080572,1.86880672387612,0.375383242318299,0.76063527530844,0.220211437395461,0.307274460892429,2.06201221880849,0.289331496980612,2.87159977783985,0.671597851595733,0.600166299075082,tern,W,JL,1,311.487,69.681,1144.391,97.827,393.192,
DRA190824-003,2.04894107632889,0.619159086289257,2.88308644171156,0.211565580851713,0.10208100416709,1.93108420571196,0.305502972863096,0.696409060880171,0.200096554527899,0.261872395568655,1.96314094420165,0.257845055391808,2.80307958125826,0.593349806890944,0.436067562760443,tern,W,JL,1,314.848,137.012,2256.53,137.364,429.042,
DRA190824-002,1.96735048269367,0.565228396515187,2.60102130915941,0.197548269366612,0.0829350129503179,1.65137155639275,0.298025076524606,0.629158817989169,0.179176477513539,0.171641747115611,1.81294148810925,0.311384506710619,2.66610548622557,0.621591711796562,0.445608664939958,tern,W,JL,1,339.76,139.061,1785.429,138.399,472.945,
DRA190824-001,2.14732183181284,0.64346560313501,2.98422767729967,0.222612091187649,0.10566066577267,1.90713089638209,0.346101734955497,0.728253996928913,0.202573598382468,0.191463490894437,1.98092730140422,0.260493458307567,2.79648492596736,0.65228629197557,0.439714291669851,tern,W,JL,1,287.846,137.865,2383.665,136.138,524.871,
DRA190709-015,2.03858295659687,0.661341438953264,2.55193099936739,0.211220317538689,0.0833778216660752,1.64462205489809,0.364604773880977,0.72584900711299,0.211939331286356,0.290086559380352,1.69312308095848,0.274762000277731,2.55042199626607,0.63796886331024,0.547866874450325,tern,W,JL,1,324.055,68.318,1160.366,71.609,324.234,
MY190619-001,2.9912421796826,0.971907643103626,4.54485986552327,0.295320434290631,0.152305649331825,2.7309577024866,0.519755360833419,1.02179869637998,0.285262734609522,0.39608913992874,2.83643963977444,0.46266821280615,4.18353080901125,0.946433748234876,0.630455518876306,tern,Q,JL,1,213.866,69.385,1968.444,68.689,462.156,
JL190809-012,2.6942398626641,0.9146019021635,3.67103760643149,0.247300414613398,0.13235440632113,2.46933316983822,0.394706590130515,0.813481449690764,0.236122713303649,NA,2.48656146777741,0.414847144838791,3.45361081520198,0.798843527509331,0.589517408398029,tern,Q,JL,1,260.966,136.016,3347.578,134.288,781.919,
JL190619-005,3.07230278324566,1.04650614354675,4.21780353163698,0.297498784766507,0.145106098306374,2.71204019655499,0.445959408794922,0.982693149933343,0.263298985941794,0.370383917527758,2.77052541402163,0.462337387320181,4.00456735281236,0.898035893906506,0.630934791292671,tern,Q,JL,1,207.779,69.367,1662.209,68.708,414.135,
JL190619-004,3.24729126519055,1.16464289928029,4.20105104809848,0.336595941322216,0.179420497895937,2.69632673929288,0.506567821606953,0.993166712549652,0.33069178432375,NA,2.83998800487671,0.505815668384001,4.01517579738074,0.881179454910135,0.724008927517993,tern,Q,JL,1,203.416,68.054,1944.664,67.549,488.148,
JL190619-003,3.01350236196603,1.05594196552624,4.18148403883561,0.303607366302618,0.140526453177497,2.78371380213377,0.463130594407066,1.02097139537038,0.311560581692027,0.335601269819884,2.79179332586711,0.538591409348501,4.15524558552338,0.971344847040595,0.682532398090218,tern,Q,JL,1,237.514,69.345,1874.69,68.674,432.185,
FJ190628-010,3.25466745471613,1.10312355655331,4.54609344346159,0.292319994437298,0.168341271772764,2.48748640366344,0.465071694289787,1.01936515662483,0.268842411630021,0.362688175781386,2.63392453598621,0.412812094903671,4.43660754640138,0.910748431765016,0.711643430796509,tern,Q,JL,1,201.341,68.118,1957.557,68.262,375.084,
FJ190619-002,3.01033849050796,1.1077393831307,4.76858348195291,0.317274875295353,0.157127855080074,2.92576565484651,0.393908257212953,1.01862195707082,0.253885986909407,0.372339558758295,2.82523696146151,0.403146811996994,4.42177782203674,1.01659861851694,0.61174532187831,tern,Q,JL,1,220.922,70.029,1634.567,69.367,428.065,
FJ190619-001,2.8517340701448,0.988313544558413,3.98217924155339,0.294972217515781,0.153044777805292,2.55362084620364,0.454255564099556,0.965653116460525,0.272177112793845,0.337764628705236,2.71518500658178,0.345632350193978,3.94853615198474,0.907325105026045,0.628978933969354,tern,Q,JL,1,230.181,68.679,1590.049,70.007,396.081,
DRA190709-016,3.03483398779566,1.06104474310049,4.24450159467581,0.320640451302472,0.153208708957838,2.5588048227421,0.477928027579596,1.0066736721789,0.268426340725992,0.349906900429549,2.86482587614992,0.293042420220121,4.21324871411979,0.939148830263813,0.705445863982449,tern,Q,JL,1,216.972,69.149,1828.829,71.7,440,
JL190809-008,2.30646885904196,0.703972353412416,3.20510027251062,0.213815249198055,0.115580702360083,2.09806359921833,0.321941294576268,0.744731628996739,0.184355276080406,0.257108571849955,2.05868866416167,0.224078810204567,3.14560044513419,0.671696772441903,0.381588606173555,tern,M,JL,1,298.337,139.325,2346.315,136.211,537.386,
FJ190809-001,2.15498928630295,0.642762485577716,2.88850832371848,0.194939838470414,0.0892500412065271,1.93760013186089,0.303029503873414,0.696199109939014,0.159907697379265,0.294445360145047,1.94535355200264,0.223880006593044,2.8486237019944,0.627169935717818,0.453459700016483,tern,M,JL,1,303.35,138.779,2226.552,137.952,555.705,
DRA190709-001,2.8556689380368,1.05065378626798,4.06554604965762,0.293111386428703,0.134005257077801,2.74874432855062,0.421081049406486,0.976251067320732,0.258320916137889,NA,2.75519010865744,0.419503088951766,3.95245609335499,0.853659863717792,0.637320229704164,san,W,JL,1,238.916,66.483,1554.397,68.893,406.079,
FJ190827-012,2.67305408702725,0.622614884099227,3.76071573810492,0.245790971939813,0.113867425782839,2.33614070760472,0.321756811712078,0.737547783651891,0.195372102480683,0.278178121187475,2.61508743391623,0.181423342822285,3.579963399756,0.818174054493697,0.564802765351769,san,W;Q,JL,1,245.9,136.055,3292.964,135.561,873.721,
LMB190709-001,3.01057613187855,0.936403743253358,4.43920467488273,0.261372247300181,0.143212447758557,2.65532967313941,0.439506850079263,1.00786120395896,0.270474693989503,0.369462639523586,2.80232628412836,0.454425007089495,4.14234776181156,0.881923879743569,0.623796529169204,san,W,JL,1,215.107,69.11,1545.889,66.99,384.255,
HFN190709-001,2.82653752212472,1.10566626347915,4.5118924750265,0.300672031084357,0.162450321538153,2.77368103975678,0.52025199998132,1.02510659561849,0.284074404442224,0.424294927776506,2.94824099716523,0.32684808548198,4.35029678648652,0.951206526967641,0.693448280693233,san,W,JL,1,214.127,70.029,1556.209,69.377,424.57,
FJ190709-009,2.4515537376541,0.764821172059504,3.52749575958253,0.250010144539397,0.122006346423847,2.06037624067717,0.306787102638392,0.862419756693367,0.212406365901363,0.332968129915029,2.30822356941705,0.392467882388268,3.47743042874881,0.698630081399784,0.516251552114528,san,W,JL,1,246.438,69.655,1093.344,69.348,322.099,
JL190711-008,2.30613364150075,0.725055251414338,3.41752441018911,0.23614960483405,0.108518021591306,2.17505476174154,0.355349022449866,0.793031629598436,0.197197765786235,0.358558011536691,1.85101215367891,0.293487025303026,3.33839328560656,0.690112200361052,0.470493949276427,san,M,JL,1,306.327,70.014,1163.089,68.421,297.321,
DRA190718-002,2.34732273992995,0.555013922948608,3.1029866220069,0.239617600733696,0.0854317443228263,1.87923586604728,0.359873331073762,0.72416944128769,0.172405313980767,0.294079922377069,2.16186839989101,0.276348931023254,3.15375720238451,0.687222122535239,0.491968552079803,ruf;perp,M,JL,1,300.942,69.52,1237.08,68.967,318.057,
PF190709-003,2.10435202772502,0.586727315138792,3.01456229797727,0.227794994834883,0.0971541870772102,1.9665600319904,0.347872304975174,0.761401579526142,0.223439634776234,0.324406011529874,1.96269785730947,0.432047052550901,3.07723349661768,0.700146622679863,0.466956579692759,ruf,W,JL,1,300.09,70.003,1121.614,69.383,292.438,
PF190724-004,2.36067932940795,0.739684620005332,3.36610162958109,0.235898967899854,0.0935411025129534,2.12955378452781,0.301644357499189,0.723392021380823,0.192976707880003,0.272595861962629,2.22597628707353,0.367511813097682,3.42718602537045,0.652596954132095,0.495658626372038,imp,W,JL,1,311.307,69.428,1122.312,68.196,279.007,
PF190724-003,2.61572991828351,0.805156606395521,3.88041518622204,0.247965190475998,0.116858229786613,2.48849203294589,0.431221614964206,0.828241414096399,0.242811825190719,0.310247175169854,2.47765457057315,0.421704905015213,3.72049475547849,0.811946732353168,0.546337747995576,imp,W,JL,1,246.829,69.516,1473.416,66.712,344.836,
JL190910-001,2.51127699134402,0.815857316958845,3.82869285334833,0.250265616699478,0.113547232898972,2.53983469266585,0.464829224086747,0.85286006687291,0.269550170307178,0.345723571138402,2.41329177213212,0.513765194837661,3.79638526921034,0.822005562326177,0.554795162651167,imp,W,JL,1,256.008,69.265,1353.327,69.173,346.923,
JL190806-007,2.79829600741069,0.836610541556713,4.05055930501389,0.270023275184294,0.1136747545986,2.69012867518274,0.466620739045484,0.918852120844134,0.247269641842398,0.367903598701572,2.58021765021835,0.370083214622109,4.01279745919058,0.813241945151522,0.559227170469318,imp,W,JL,1,256.926,132.705,2907.196,NA,NA,
JL190806-006,2.44743959469992,0.694388152766952,3.61814497272019,0.234345284489478,0.117174590802806,2.37782151208106,0.368437256430242,0.753647700701481,0.222170693686672,0.287704598597038,2.15697583787997,0.421855027279813,3.52510911925175,0.64759158222915,0.508121590023383,imp,W,JL,1,256.6,143.576,2542.245,138.192,589.151,
JL190806-005,2.51043906069125,0.828289509949838,3.9493584973265,0.26348809326939,0.124221376991346,2.62921007662202,0.404032991566066,0.844971335648531,0.257265999669258,0.238000248056888,2.43949823603991,0.362469681935946,3.47229686897084,0.754137726696434,0.561318284548812,imp,W,JL,1,290.256,141.355,3031.172,141.932,698.82,
JL190716-012,2.25285792231184,0.721290946023232,3.29305947239369,0.233389867276707,0.104456320955029,2.18141150794433,0.339755852249196,0.758281236647143,0.208814036194871,0.292342937529993,2.09405670485995,0.29071265637223,3.18511908283537,0.672609304435285,0.486020996443621,imp,W,JL,1,304.242,69.023,1238.527,68.189,300.885,
JL190716-011,2.45611938558396,0.698384014190362,3.53058131352456,0.2458080553624,0.117770014531797,2.2474444439818,0.387794955925767,0.797362624550826,0.234103504703056,0.320494830594221,2.16897690318659,0.307795122479316,3.42867552453958,0.807280888396631,0.525980271732115,imp,W,JL,1,240.163,68.884,1310.477,66.401,317.648,
FJ190905-003,2.39495689474546,0.717425342003909,3.47677116309901,0.244078979950247,0.121906155117963,2.34186676419159,0.413349485898886,0.767745917096195,0.216711048126264,0.318959835731456,2.0311279747959,0.35733741718953,3.35090686750706,0.790930943972693,0.498980940734561,imp,W,JL,1,262.497,69.829,1159.767,68.445,333.408,
FJ190905-002,2.74487553864211,0.831037969953822,3.84264948968609,0.283773520536429,0.110482046616657,2.42075614996284,0.447638503620731,0.836825453555952,0.261480539840225,0.297237035021383,1.80634876797674,0.321950605350478,3.67231064775141,0.754379195925612,0.57070680405002,imp,W,JL,1,246.221,68.881,1349.528,69.561,342.053,
FJ190905-001,2.14297835548114,0.638914967270287,3.13839071114939,0.222981452624991,0.0807193116597787,2.13479995999522,0.304084681074838,0.689479066856367,0.197459051564219,0.283653210221865,1.94839706674668,0.311811409748905,3.15653803841104,0.691611579446579,0.491442527011288,imp,W,JL,1,309.963,69.689,1222.217,67.644,283.863,
FJ190828-003,2.79811166693258,0.86819679208627,4.13204253442078,0.277027470928868,0.128086608039494,2.63583890979737,0.369651521835024,0.917399506330421,0.255309763582952,NA,2.58157749016884,0.439502013158265,4.20643084402481,0.925649231808839,0.6527043895297,imp,W,JL,1,213.098,NA,NA,134.417,743.643,
FJ190828-002,2.40134346013744,0.804066994629915,4.01487569942544,0.281647827556423,0.138697472680161,2.67756956701341,0.368184122573135,0.854913815764768,0.214498291336513,0.364931090164858,2.38090521611777,0.457504036952195,4.1118141875399,0.874117503473656,0.572702692553231,imp,W,JL,1,213.032,135.656,3095.509,134.916,727.096,
FJ190828-001,2.46469997479284,0.801035494080319,3.80351219746408,0.241264519123431,0.111603695449508,2.31702603539405,0.376722989328969,0.829039447203006,0.214724981894858,0.296476199240584,2.37855550976477,0.340556718107943,3.64081799230982,0.693592980406435,0.452676560143081,imp,W,JL,1,249.929,135.598,2641.819,137.481,669.108,
FJ190827-016,2.40716315109772,0.69668187688334,3.41805596211795,0.234407232027551,0.129084804132587,2.30575979337064,0.375059836418424,0.79983469651313,0.210410675850194,0.213220835126991,2.21531812311666,0.330892811020232,3.42186138613861,0.711814033577271,0.475447266465777,imp,W,JL,1,290.375,139.434,2269.132,138.521,627.925,
FJ190827-015,2.52016696980577,0.802899088215451,3.66115229682118,0.237904355339522,0.138144630887047,2.30787227914574,0.40260554961552,0.803526408610466,0.212468288756761,0.286156735408883,2.25796282633483,0.233347405300266,3.46586627422976,0.757045518210046,0.529052036029496,imp,W,JL,1,253.459,139.552,2633.587,138.687,622.766,
FJ190827-014,2.35752045205364,0.711262545331871,3.52056338028169,0.233968120097832,0.109886143206545,2.22877625031627,0.38641477608164,0.822946782491355,0.226128025638863,0.23485873323775,2.27340473981614,0.309430716032723,3.42064940541452,0.71009530235304,0.517041410137472,imp,W,JL,1,296.425,139.117,2435.589,136.564,656.003,
FJ190822-002,2.98199311001314,0.854737999184081,5.78142989891664,0.289861067041385,0.130813426408594,2.8201690766511,0.460490231630479,0.872365259961017,0.263887629753864,0.301397262136803,2.7261513530665,0.368308326911745,4.11778137890395,0.941673088255292,0.575716196001995,imp,W,JL,1,176.488,70.206,1627.849,69.271,352.619,
FJ190822-001,2.49690090448266,0.731247390915416,3.63052181691681,0.250472120067588,0.127287545969585,2.38697942550442,0.384168571712553,0.812607096710068,0.230800119272438,0.345894046317463,2.3304840473114,0.370821985886095,3.49537819302256,0.739532849617334,0.54054268959348,imp,W,JL,1,251.525,NA,NA,68.857,326.653,
FJ190814-008,2.71278379081765,0.801798043508213,4.1277996356455,0.249506284349597,0.114882656419834,2.48289217862556,0.43779948255538,0.849826242709083,0.236734740741875,0.352662237259074,2.47412394176452,0.45889530166409,3.93242984645061,0.817294591325914,0.524781463847767,imp,W,JL,1,261.284,135.678,3091.316,135.024,650.896,
FJ190814-007,2.36061251196312,0.740698060508994,3.55253032285787,0.226770054102619,0.101638703880935,2.31336158909354,0.343955936639387,0.800246098556612,0.217109709174007,0.279235922576613,2.12810015820621,0.295568272817828,3.42698099572257,0.588351334987011,0.399992187347409,imp,W,JL,1,255.995,144.229,2540.043,138.1,660.136,
FJ190814-006,2.61888664640841,0.807010510298452,3.82598098396804,0.257718713980474,0.109339905876564,2.35352780650481,0.32487163950633,0.807753110492531,0.253044433004251,0.303500243736874,2.24126305814605,0.368265914651092,3.8220903056506,0.734167353837603,0.562048118670245,imp,W,JL,1,219.499,137.229,2949.459,136.959,667.707,
FJ190716-009,2.40730639743929,0.78382346556576,3.63650751676422,0.270149624852487,0.135116254287259,2.36770376568377,0.399392975407216,0.746959943481195,0.223442674065683,NA,2.26814857499201,0.293542568684951,3.42675249736548,0.737815106150367,0.543247542102957,imp,W,JL,1,253.367,69.642,1276.181,66.685,342.841,
FJ190715-002,2.47478235527346,0.781802901477849,3.53418098145996,0.239526112284007,0.122186037527407,2.13126798174123,0.411201968206418,0.821214472823637,0.255982052993822,0.323239271953397,2.26379320277474,0.298680745939388,3.47595148615173,0.70529091026158,0.502465341199833,imp,W,JL,1,295.091,68.848,1399.146,67.519,299.292,
FJ190710-003,2.51539370268576,0.731355578057444,3.74752479225935,0.267141617242876,0.138728161113522,2.35761930019127,0.395032708102287,0.861737949435042,0.262693476059598,0.34154652265458,2.37994438818972,0.377549544336757,3.59282430846875,0.773176945207901,0.502965427455519,imp,W,JL,1,248.868,68.366,1209.969,68.072,341.696,
FJ190705-003,2.2904025471022,0.732832319687956,3.32470070374272,0.21542672969152,0.110558490536481,2.06006289431327,0.379872253269055,0.83079628273461,0.22377217063705,0.29195336578565,2.12439445621483,0.289838613035493,3.30511182734219,0.71503706691626,0.471589863285151,imp,W,JL,1,255.349,67.912,1364.8,68.066,321.31,
FJ190612-002,2.34099587823835,0.637808843831031,3.17314364224031,0.243902197943402,0.069519720866789,1.93990333134549,0.297188569771771,0.748954733106873,0.184625927890587,0.282431279261707,2.05534890003987,0.253938078026826,3.04143836631951,0.701734039293469,0.432419253338429,imp,W,JL,1,303.511,69.207,1186.297,70.425,304.304,
FJ190529-001,3.59352394075095,1.09174602469081,5.06971653350816,0.324825264187215,0.14825041947707,3.501655684331,0.51861255875457,0.969647639260831,0.278688342426633,0.358422321736135,3.37425688664674,0.547953729734535,5.01025635327192,1.03199137710711,0.726817641372107,imp,W,JL,1,179.986,NA,NA,68.637,476.151,
DRA190824-006,2.05292625722701,0.581967928438966,2.72435093269336,0.202986255045271,0.0819979273480964,1.88628777135377,0.318285698701865,0.612850441802116,0.164445838333152,0.256678848041889,1.91438584051489,0.262621359223301,2.78939402203556,0.567467546634668,0.43989582197011,imp,W,JL,1,366.68,137.952,2084.728,137.376,524.485,
AO190715-001,2.24163459409622,0.66131668895824,3.19471613879613,0.214457071281477,0.0952350623709136,2.05095823438604,0.345758990176543,0.740792973453314,0.193463564650113,0.277904652721543,2.0114521064779,0.234152510759096,3.00667837353399,0.682240439644427,0.440132718267869,imp,W,JL,1,329.721,70.027,1130.916,68.467,280.492,
190815-004,2.48286308912247,0.756462800088818,3.46024093664969,0.253525420284292,0.118831220151065,2.39595729226647,0.365364133482366,0.778780112376888,0.234696834554576,0.299236394154595,2.25780447324745,0.291400872369813,3.46931839992774,0.700985649930564,0.482663625791738,imp,W,JL,1,265.713,70.407,1424.169,67.3,302.853,DRA190815-004
190815-003,2.41389211240982,0.55928154697102,3.36002009881919,0.229537288493825,0.0767065053975698,2.32891079553838,0.35928234454321,0.690398427187641,0.229014878709209,0.285766127906652,2.15411088646161,0.214530967734217,3.0069229266114,0.643541061010285,0.478810500835457,imp,W,JL,1,250.761,70.218,1251.272,69.57,279.12,DRA190815-003
190815-002,2.36238257982619,0.633774045503369,3.35305927155551,0.181232301533053,0.0885538521628747,2.31797676008202,0.395496533541646,0.783743775021971,0.218869251049702,0.297748266770823,2.02992285909579,0.249862318132995,3.10569280343716,0.641906063860951,0.488249194414608,imp,W,JL,1,256.025,70.593,1252.867,69.065,295.296,DRA190815-002
TJ190530-003,4.20933298735544,1.13180355001368,7.50297704623714,0.379287612822689,0.147442685723503,3.71769606777426,0.486889074345506,1.00701306534073,0.218421920037029,0.339825094150402,3.53261426036706,0.508377106549502,5.05099199809245,1.03795470962403,0.791108835761023,imp,Q,JL,1,142.591,67.315,2123.17,71,489.048,
JL190905-001,2.58630573120385,0.695551151506868,3.66956637093435,0.269813194190408,0.105213437797726,2.34662185792789,0.376843637065296,0.821796825065022,0.218410442151302,0.300682180888483,2.37549696294837,0.266810311905805,3.56813166050949,0.794614107516854,0.5004281217715,imp,M,JL,1,248.761,68.287,1279.739,68.485,327.083,
FJ190827-008,2.32993263044558,0.660593170539373,3.29969784167207,0.225439683965894,0.103480697125136,2.18000219889373,0.33775765916389,0.721828569695453,0.190920843616953,0.28136740860374,2.05943458101596,0.214126754849888,3.29713499311898,0.671128904458067,0.443748128096933,imp,M,JL,1,263.769,136.678,2667.013,128.291,520.593,
FJ190814-002,2.65221448737104,0.700665972258226,4.11944139396996,0.246711379029179,0.119328277662829,2.55100838474627,0.405361712957944,0.957854749235287,0.219704860701981,0.301209873168341,2.43192519241555,0.381965490099967,4.05354171870802,0.754636590297449,0.538584443679862,imp,M,JL,1,212.171,143.676,2537.023,133.778,622.903,
DRA190824-005,2.3379751801468,0.716228133414256,3.33742526716047,0.234933557769365,0.100650842138089,2.08463630297523,0.322493788330444,0.738231359123358,0.233495065872199,0.290588775739449,2.22814682676735,0.249244707925789,3.27940609397476,0.744743133632209,0.452920406801485,imp,M,JL,1,298.229,140.032,2408.339,139.729,580.932,
FJ190827-017,3.02329107074552,0.831910586171831,4.60443897114389,0.289251495050706,0.102624385419874,3.31256588952018,0.491239609280976,1.01640124268801,0.23606407493446,0.312981051806656,2.79400486999356,0.390210566579902,4.48987750380177,0.856535773927809,0.576487820351349,ferv,W,JL,1,214.374,137.876,2999.528,136.2,666.108,
FJ190827-009,3.07709170267215,0.844862428865717,4.6113315750586,0.307295209109103,0.0882138505727441,3.23749920486184,0.481545454990287,0.942911526812059,0.228461542225506,0.376489354934994,2.81094795147945,0.320095710168471,4.26020345750537,0.797237323051178,0.566109009771636,ferv,W,JL,1,204.367,138.815,2748.702,138.047,622.206,
FJ190709-003,2.64826904323329,0.714545635135623,3.86982609166757,0.26217177736844,0.0952387402029833,2.5225466825586,0.398756636688699,0.783273738577672,0.21045526781522,0.347143966482465,2.38720789540217,0.28493065337523,3.76957597428396,0.735408314371366,0.526506122006718,ferv,W,JL,1,221.496,65.46,1243.184,68.604,300.912,
AOI190709-001,2.53150597596701,0.723273587113539,4.0139250926053,0.259032547028964,0.0928958220687095,2.41446014542461,0.415690847610824,0.85062503530703,0.246967630514958,0.32179028834747,2.35551152824966,0.364045741770436,3.83649415315584,0.714622356007844,0.526930184887784,ferv,W,JL,1,247.826,70.218,1276.597,68.469,320.899,
FJ190711-001,3.21129166216984,0.918418866986059,4.71373872077255,0.310830404527176,0.124680333907364,3.38909874104348,0.497477863856264,0.915476765847226,0.225429701613698,0.307081219822348,3.05705423883104,0.405277951133905,4.62538653202761,0.845926808782195,0.525960405981803,ferv,Q,JL,1,213.113,65.346,2375.132,65.015,461.861,
FJ190827-007,3.25656298510895,0.84156269763698,5.26020238026792,0.303581900764675,0.121830621514402,3.25875352153165,0.477237969297993,0.999379060541597,0.252187661702984,0.314206864830679,3.08569539469902,0.359644684643247,4.88493071925487,0.855355602828724,0.659684930719255,bor,W,JL,1,173.93,137.391,2647.965,134.136,747.867,
FJ190827-005,3.19275871207102,0.849329913494482,5.09502356660168,0.297980275984781,0.120648696738534,3.47080202161692,0.422869068125461,0.954158700713623,0.254841091067406,0.378783433341536,3.01424407049159,0.391565238789301,4.84887561755854,0.951172651384656,0.574220598534896,bor,W,JL,1,211.316,138.697,3459.682,136.641,759.924,
FJ190827-002,3.43440015804811,0.846876080406974,5.16081394774535,0.282861658517311,0.118743517558157,3.34849607349237,0.491253025139527,1.04827381834346,0.28030819380649,0.371887193164419,3.13502247246506,0.31855583543241,4.96694818985529,0.909260631204623,0.635906554057391,bor,W,JL,1,202.47,138.361,3248.066,135.563,859.593,
FJ190809-003,2.89413900258455,0.844876655570864,4.58717077144323,0.292034152277321,0.110622806400032,3.00344942023593,0.504264006355783,1.04450556633849,0.252219998592073,0.35796534489174,2.70016693987148,0.331838249343806,4.44361253859227,0.78984683769623,0.56087774168569,bor,W,,1,198.874,138.233,2740.514,137.458,715.794,
FJ190809-011,1.79543431911747,0.625785116558997,2.46702990645828,0.176333497666259,0.0800322690108652,1.62204921024157,0.285363058385141,0.618319706505663,0.176333497666259,NA,1.63742500976394,0.185674864105207,2.41758917195413,0.595689782120151,0.413907687579632,bor,W,JL,1,312.374,139.344,1939.105,138.903,477.98,
PF190709-009,2.57528183458507,0.698606634486375,3.89898678346159,0.258023225328871,0.10863932884043,2.55292013016054,0.387871474176087,0.872252980275435,0.200630754283423,0.319082244806687,2.3866878460281,0.325694369477045,3.84197600357787,0.728999275172339,0.561205527196459,bim,W,JL,1,259.372,68.517,1226.204,69.261,294.245,
PF190709-008,2.78360087707425,0.756909666765924,3.99328272496297,0.262882511495164,0.167320862997753,2.43519589151814,0.392873578331471,1.04254660907161,0.273695120017634,0.363448278529083,2.53031281541609,0.442988239934722,3.80503660276812,0.802921260542873,0.582453874324695,bim,W,JL,1,258.587,69.366,1488.531,67.98,309.458,
MY190621-002,2.49893313943093,0.672773797745487,3.71099005455492,0.243192555419135,0.109900545549185,2.43383279096288,0.366805338673596,0.852701720089163,0.220945433161285,0.30743067393006,2.27112562730209,0.344876089211,3.64651353144755,0.71769319712484,0.482109721742102,bim,W,JL,1,251.673,70.029,1279.075,68.347,288.173,
MY190621-001,2.52215291540628,0.633587149264629,4.05630958589757,0.244889955147596,0.129608845311359,2.3116804005424,0.392285386460832,0.931882757901325,0.252037133618442,0.30143319077918,2.2697486179201,0.392648378011891,3.7843871909878,0.686141650151247,0.573856263690414,bim,W,JL,1,239.675,69.019,1189.218,70.434,277.222,
MY190619-002,2.64454707939785,0.65648449176438,3.88790619559021,0.239322198425294,0.125414092232785,2.40706229487989,0.381970231583489,0.930066562918907,0.233991001679481,0.281024175282353,2.35111554521502,0.355449068581378,3.82174773886381,0.740889970878723,0.560453613965887,bim,W,JL,1,259.604,69.334,1369.345,70.349,297.866,
LMB190715-001,2.8850278473351,0.800875690081858,4.5096867723938,0.270014204337448,0.102622677151518,2.82681446987558,0.435331214885755,0.977873449603889,0.213938799318582,0.349485275813089,2.68180819751351,0.386348216159752,4.21436834629296,0.773052761059614,0.528435521582295,bim,W,JL,1,204.867,68.639,1554.647,67.216,343.284,
JL190806-008,2.76006302753131,0.819348299169401,4.32655178874248,0.273823878402982,0.125272022405519,2.8857385798629,0.372141062532727,0.971877807295245,0.227211368014489,0.351080643534154,2.71215826059386,0.301062148412542,4.26134327426104,0.839587246532765,0.619110985141452,bim,W,JL,1,208.163,141.416,2784.564,140.911,671.739,
JL190806-004,2.74113692919239,0.716401932585722,4.11926768574476,0.258446983162589,0.11763565265165,2.77267071712504,0.450021006366545,0.965993924312445,0.229942959635459,0.308640080147368,2.53239020133794,0.360820702582167,3.99656626700708,0.878619558543128,0.539386937271758,bim,W,JL,1,247.544,139.933,2696.068,140.536,603.925,
JL190716-005,2.14199779636081,0.552893709438072,3.07673568430639,0.200645806398196,0.088078694120869,2.02196633399782,0.331625406813449,0.746024214555483,0.182405278543815,0.306350429582264,1.92459223121652,0.204062720921198,3.16443542891353,0.644125008757237,0.459003394623375,bim,W,JL,1,314.026,69.642,986.522,68.869,257.527,
JL190703-014,2.66783988276072,0.790764113583784,4.34083779978759,0.272190250368431,0.115263335556269,2.86462732893686,0.428297972188604,1.02590131811857,0.243572010768889,0.327808926322029,2.54450399716782,0.25951540000494,4.3547764302945,0.818904833650308,0.552169008982307,bim,W,JL,1,242.922,68.494,1472.485,68.508,313.394,
JL190703-013,2.24362749695208,0.564159554846979,3.30002813467129,0.206627278126856,0.101778736440651,2.20973147019288,0.383578730188502,0.748404138922755,0.201166025821376,0.282128231579605,2.07680765263059,0.271662133858514,3.27192159804933,0.656757010222264,0.421510519240989,bim,W,JL,1,319.89,69.051,1121.294,68.421,253.393,
JL190703-012,2.73871371531426,0.763707547945581,4.3389083300593,0.247242957778651,0.12872897384122,2.8237777188959,0.381591089751204,0.964334335340393,0.251925589554762,0.337327656308533,2.59312726707904,0.266101400677954,4.16646413332481,0.770491653494385,0.61402322585361,bim,W,JL,1,218.894,68.99,1497.195,68.773,331.602,
JL190703-007,2.64802449462976,0.73636980728773,4.02932326845402,0.256240401696523,0.136164722533808,2.61798391095663,0.397484101117375,0.937608018525027,0.234711316730776,0.374428915987464,2.34818673303838,0.305715895031268,3.65956412268497,0.767209547513709,0.521180055748391,bim,W,JL,1,207.719,68.524,1331.787,69.519,304.631,
JL190628-005,2.82020183099581,0.772684914186705,4.35866913296963,0.262239808939568,0.117071343276593,2.85981409070688,0.452204453393898,1.01134655459037,0.268069961834742,0.375813060479056,2.52124376595097,0.391383549134843,4.19611791425695,0.80457983094898,0.554557587393758,bim,W,JL,1,213.545,69.007,1464.059,69.85,335.172,
JL190628-004,2.76654214594814,0.706143433073196,3.98151093357662,0.25320034684979,0.138633066620639,2.67292557935011,0.416043035675391,0.919143724854418,0.252127742640743,0.349245683898197,2.50289109985082,0.355011445221158,3.9582341893619,0.726050309657958,0.532743195538624,bim,W,JL,1,243.333,69.681,1386.046,68.341,325.994,
JL190627-001,2.23558354192741,0.619739518147685,3.43643225907384,0.216528473091364,0.1176587922403,2.21118194618273,0.36797950563204,0.853715581977472,0.20398153942428,0.294164580725907,2.14812656445557,0.321038016270338,3.42160122027534,0.710278473091364,0.457787077596996,bim,W,JL,1,255.68,72.067,998.955,68.58,262.8,
JL190619-009,2.60978937210927,0.647705719894852,4.17003710112135,0.26322247362992,0.108142281968522,2.75811067114764,0.31994310052241,0.968276877516388,0.236752570458856,0.28301251123016,2.31058047449506,0.45054154327355,3.89239842944132,0.77525122283965,0.55593451568895,bim,W,JL,1,240.424,69.766,1447.276,70.289,304.322,
FJ190827-013,2.87888510126328,0.749949869661119,4.41310263828812,0.2632797654855,0.124222979747343,2.97997173603751,0.358360308229969,0.936253306215207,0.201485767758076,0.32923696849905,2.64895394692868,0.230456329313358,4.28919476352803,0.853332951387894,0.578007581616966,bim,W,JL,1,209.454,135.022,2890.028,133.633,639.141,
FJ190814-009,2.74656851400189,0.712164640116786,4.23101778497801,0.268888750422816,0.130899396485731,2.80497498709298,0.419994303110146,1.00432607573303,0.232971640170195,0.30814388207438,2.53246337077852,0.450873226397963,4.09573000302647,0.887731213615567,0.603211621655303,bim,W,JL,1,224.684,137.201,2569.275,133.827,483.903,
FJ190814-004,2.42971602394726,0.608862660194853,3.70488063228225,0.226005206938964,0.111107231126786,2.42145941730395,0.346428280429747,0.800273926893335,0.213538817303178,0.278272475779198,2.17021491233175,0.263392735893347,3.62674550794815,0.702575921593277,0.5109939355845,bim,W,JL,1,257.733,139.04,2410.28,144.03,505.542,
FJ190716-013,2.9228995117852,0.716392416914428,4.43093062234827,0.274779526947721,0.128931636227456,2.97621950941035,0.409556953064701,1.00821607500879,0.264887354369043,0.349066728778184,2.72305113696046,0.339215659409667,4.2160019364179,0.845689415009979,0.592393165906257,bim,W,JL,1,218.961,68.029,1468.277,68.007,370.864,
FJ190716-008,2.77774834437086,0.742723660445515,4.22261288380494,0.270791089704997,0.120794701986755,2.6727850692354,0.430791089704997,0.998473208910295,0.254723660445515,0.362114388922336,2.61664539434076,0.322649006622517,4.17893317278748,0.800924744130042,0.5468223961469,bim,W,,1,207.625,69.406,1539.159,68.173,344.42,
FJ190716-007,2.98892481692194,0.927262854599087,4.93571110600183,0.29126166098395,0.127565171875688,3.42094501054197,0.486094872835961,1.09944673003263,0.329501372168221,0.371659467471542,3.03198790730894,0.536686543946072,4.65869455682146,0.876788588256588,0.683075613562207,bim,W,JL,1,204.421,70.007,1591.031,68.455,388.5,
FJ190716-004,2.16171999372557,0.5783051707278,3.21046360666024,0.217038404159811,0.0971868544099536,2.11926749413441,0.33140316858515,0.740552483237604,0.200524648815702,0.298265521695163,2.0681609590527,0.198612283857704,3.16909578178347,0.610034409219401,0.44418263919714,bim,W,JL,1,299.629,68.949,1111.299,68.8,215.002,
FJ190719-012,2.38410911265323,0.719067176509465,3.64621001117248,0.236691372012148,0.0986640230373412,2.49023194700153,0.377846228894239,0.808321138019481,0.216403877323011,0.297793828384396,2.13182347479897,0.240495523139625,3.50463028529166,0.640706384050103,0.507970227698311,bim,W,JL,1,254.196,NA,NA,NA,NA,
FJ190710-002,2.99811492826385,0.768197288505293,4.70781858182434,0.262241213967394,0.126577161016152,2.78272315300577,0.44609446982945,0.992408002858164,0.226866738120757,0.346035238148963,2.80242003723134,0.429307459431,4.44460897689024,0.85397980481751,0.613447471841447,bim,M,JL,1,212.724,70.138,1314.666,67.925,355.128,
FJ190715-001,2.8775298866849,0.667995472894644,4.40890575098171,0.257252303645969,0.125819621427688,2.64301849789911,0.40241751091683,0.996485536631522,0.237297299774103,0.373930654643261,2.76462717821124,0.2936341017499,4.22856841748342,0.786653286962578,0.658835874102483,bim,M,JL,1,218.241,68.878,1429.711,67.119,312.57,
FJ190814-001,2.72237271190879,0.681840470353003,4.5695984385042,0.242979219728166,0.127742734045845,3.10963319130704,0.402408892909,0.973549784580229,0.2002285115803,0.350774797076956,2.5738544666873,0.330984742091357,4.47199542976839,0.802561233962534,0.58204755897265,bim,M,JL,1,210.055,137.552,2747.094,135.007,658.43,
FJ190814-003,2.90579765134412,0.723217165297566,4.56084593348637,0.247448350439187,0.113927832900154,3.11271366507939,0.381319838363909,0.91197283299501,0.214267420462522,0.281316992658079,2.69107966079187,0.363757090550359,4.49575515547039,0.756507180664377,0.570601961639885,bim,M,JL,1,210.844,137.747,3212.167,NA,NA,
FJ190814-005,2.81018414446817,0.740080926154884,4.47442489977895,0.239027200179836,0.104721629013525,3.09026450863587,0.370002997264996,0.972453261398973,0.248253156494699,0.299192611741786,2.68175602262935,0.345879697276235,4.38073226930426,0.764457120377655,0.566960773294369,bim,M,JL,1,213.528,138.881,2803.283,134.011,664.146,
FJ190822-006,2.71349953914979,0.627151945687117,3.91835083065441,0.241705820200976,0.0953757615268754,2.71205629116741,0.383225052267158,0.907456781242272,0.22376638266304,0.293865072049997,2.51374232853,0.337135534923454,4.17611671874649,0.739797225906526,0.584438999168222,bim,M,JL,1,222.415,69.692,1337.92,67.102,353.396,
FJ190822-007,2.93266658741009,0.738527611008738,4.41370940577384,0.223404466107908,0.100180308704353,2.88840674473439,0.393454397749113,1.00757395629,0.205259664348412,0.352052745249559,2.82603677505003,0.328355029820286,4.2688333432404,0.730606907210367,0.542362638451326,bim,M,JL,1,201.876,71.028,1334.937,66.129,367.24,
FJ190827-005,2.90281744031954,0.760988857158856,4.57630606416933,0.256681971741606,0.112375646266122,2.95626388188962,0.42992328797805,0.997368273699535,0.2213356477593,0.348927711518002,2.61646322115833,0.276419918995091,4.40594844802807,0.848489090467925,0.545943221904922,bim,M,JL,1,214.308,137.964,3390.903,137.109,811.815,
FJ190827-006,2.90869643397941,0.73772051029679,4.52108097365233,0.255919707752877,0.111376627801333,3.06708055723804,0.38000643549364,0.976491520290733,0.236599030890369,0.316309244397335,2.68312764990915,0.447001817080557,4.40284297395518,0.833528921865536,0.592690036341611,bim,M,JL,1,211.328,138.515,2780.836,134.816,638.951,
FJ190828-004,2.79109208107416,0.737197775347311,4.34333185953971,0.280213157098643,0.11672445489028,2.79829195075978,0.409796849184372,0.964051846508273,0.223833569915994,0.362567193353966,2.5369138761548,0.329299792893212,4.40425848788774,0.795290065855304,0.562394992204407,bim,M,JL,1,214.865,141.392,2717.874,135.973,610.181,
JL190716-010,2.82103255712957,0.749068885920233,4.29512421935112,0.263331807045784,0.104813470353044,2.91995015176333,0.400905387480351,0.997026099517095,0.226974693523034,0.347049465878032,2.66496414797751,0.346464126735365,4.17781564649292,0.763041497712929,0.576766756513078,bim,M,JL,1,211.843,68.771,1386.763,68.16,330.097,
JL190806-002,2.93625192734384,0.740960287315257,4.700819826257,0.260633296980181,0.1144748223083,3.07862622691888,0.339569779248618,0.989733368432928,0.240250460682186,0.355726561618593,2.71203132638863,0.395185401075552,4.60232785528938,0.726580421947275,0.603540671655823,bim,M,JL,1,212.728,141.547,2783.272,139.241,650.772,
JL190809-010,2.93833580288332,0.739089714557298,4.49579244597277,0.259931784506137,0.103143317770509,3.0763510302217,0.393170995368429,0.929692377943657,0.244126664616474,0.292105827206054,2.84202801308396,0.301876857986897,4.3555546236499,0.750417027780108,0.580647115286048,bim,M,JL,1,214.614,137.928,2768.855,136.243,683.006,
JL190809-011,2.86054588929108,0.679767316579875,4.44799591717151,0.251164834749407,0.102009280874028,2.88233515107411,0.404436295589222,0.968915687701424,0.257875038985342,0.362558950561861,2.7029695016492,0.352928389834513,4.36197771456114,0.868692644293019,0.632474553204359,bim,M,JL,1,211.618,138.323,2560.596,137.018,615.029,
DRA190709-003,2.41045478750087,0.631342753729443,3.82209805752564,0.234335568812366,0.100994003565448,2.33362788149131,0.389748952360373,0.912565501593647,0.22743619623853,0.303487501639952,2.18947807095395,0.336977241331409,3.71829105473965,0.74593870825841,0.472043649721787,bim,W,JL,1,259.154,68.623,1200.514,69.986,291.671,
DRA190709-010,2.42579475998431,0.667096795071457,3.56020112210927,0.253166297888865,0.113549853769826,2.14455954986186,0.397511457730783,0.884658169271034,0.228288965386125,0.320610162086945,2.31238648452954,0.314093514499642,3.38910170581644,0.67324938413433,0.516206671979224,bim,W,JL,1,247.213,67.301,1343.897,69.338,304.401,
DRA190709-011,2.61063442231751,0.730774118544109,3.99775958881865,0.245565068412556,0.127171575018474,2.62362974851855,0.414033634408197,0.90018874052179,0.23177900885339,0.351372722523193,2.45096747167716,0.405495596838949,3.82314871905903,0.766291225213098,0.522472359633062,bim,W,JL,1,212.461,69.626,1322.785,66.53,300.533,
DRA190709-012,2.43776761797346,0.640075728585527,3.75122756842763,0.230694245835935,0.10703107691688,2.44821655152968,0.369821353044249,0.842806791404,0.214855692735292,0.272848482407202,2.2494088739401,0.3374030734527,3.73801937523917,0.708972628950072,0.561873879680168,bim,W,JL,1,248.255,69.872,1418.656,69.402,296.196,
DRA190719-001,2.68824500353092,0.754707188619366,4.25568989134966,0.256132320284516,0.112632196914909,2.63429845234955,0.442428934852339,0.941233525903363,0.254962436081781,0.352994478146563,2.50099971922779,0.304399615427157,3.90882560642543,0.797261194728289,0.548850110181821,bim,W,JL,1,235.066,NA,NA,NA,NA,
FJ190619-008,2.51807076905431,0.704161648601632,3.23250559155818,0.225703962837644,0.117780199193286,2.1435491579209,0.364256083806465,0.701997667794536,0.205536120510027,0.254669190036512,2.24118063122479,0.328611573091702,3.21486876565158,0.795106191814341,0.534166810039953,bim,W,,1,261.555,69.782,1460.21,68.778,335.452,
FJ190621-001,2.30588830664251,0.603950568914573,3.51584635225362,0.231349886543579,0.111582349772271,2.26138727002628,0.365104396232267,0.803441239368562,0.210784073656888,0.291483422302757,2.04589189806879,0.311451752452781,3.34205723427527,0.713071159214457,0.479533767569421,bim,W,JL,1,306.285,70.688,1186.369,70.47,264.394,
FJ190627-001,2.37093608534616,0.625668745449365,3.6097533951692,0.233601886732723,0.103188609959163,2.29907167051822,0.329105859634683,0.820653550286492,0.227868086992307,0.245477064801038,2.11845895723195,0.297587767893887,3.4497768210453,0.684834910886701,0.484076735572509,bim,W,JL,1,252.712,69.693,1162.196,69.688,267.268,
FJ190628-003,2.56001367430017,0.71285934331924,3.6698324505289,0.240078273580309,0.128475551294343,2.47817220187668,0.410543356962105,0.878192634739009,0.245170771576317,0.297050594910646,2.33409301667636,0.326894362101756,3.74892334533109,0.774209012464046,0.522535089511655,bim,W,JL,1,254.492,69.05,1223.19,69.479,307.584,
FJ190628-004,2.62579048666483,0.706982616070357,4.02151595301808,0.265742931606687,0.118477153822025,2.67710967482099,0.360895646078838,0.901369725086842,0.224910640637888,0.220972245350021,2.42819689652902,0.29849705878936,3.94736414085282,0.789251317639132,0.572012221804846,bim,W,JL,1,258.227,70.581,1261.772,71.253,302.06,
FJ190628-005,2.60028109519011,0.66422638974157,3.76928185584605,0.202153003818724,0.116156409395066,2.47048307444003,0.393764938008471,0.864244151250835,0.229602258028395,0.328506836250468,2.4519068524675,0.270473035326097,3.69617393923247,0.738813145061335,0.533347233644932,bim,W,JL,1,258.987,69.359,1042.33,70.359,297.516,
FJ190628-007,2.75276634041025,0.715891127659674,4.37537828801649,0.275277100343665,0.131394757825724,2.82837265041757,0.410901223111824,0.971961222272479,0.24341930399668,0.318041715434151,2.55374837376954,0.418399369558831,4.15314311294316,0.793343996120362,0.548120100907891,bim,W,JL,1,214.453,NA,NA,NA,NA,
FJ190628-011,2.69030951692219,0.704996074217943,4.02585230794661,0.245799413198893,0.113471631059135,2.44534898136287,0.388908632588123,0.899082606719286,0.23262944749783,0.3350799619819,2.47478821438902,0.288210256622174,3.93943138146204,0.699194181577751,0.510314475804785,bim,W,JL,1,241.99,69.942,1365.872,69.024,325.558,
FJ190628-012,2.45458489792055,0.685009150863021,3.6924363383926,0.227032122684674,0.110441450254015,2.26148985516393,0.389191726357641,0.879315105234925,0.218796345965732,0.316114985327065,2.30737038906945,0.283440093401912,3.51342258054337,0.688172509545297,0.50097819570225,bim,W,JL,1,253.528,71.124,1287.037,69.811,305.182,
FJ190628-013,2.64844261209219,0.718341408975404,3.96085956411605,0.260936239226344,0.11935625022581,2.4970795213225,0.41184168797646,0.892703018430127,0.257455751235433,0.278675889090055,2.3961814992192,0.296387438128003,3.81240691601466,0.782768573642228,0.596857524798979,bim,W,JL,1,249.103,68.336,1353.854,71.048,315.246,
FJ190703-005,2.51514019273582,0.724911649775038,3.94082870175766,0.249365590895646,0.128676069932901,2.22610262637585,0.390161599177993,0.935994737907306,0.243745426805536,0.341568975448757,2.2118109071661,0.376208490962589,3.7058832687248,0.687753958245761,0.652954867435742,bim,W,,1,256.932,69.726,1451.37,68.869,308.084,
FJ190703-006,2.22852742985006,0.655792675085517,3.08237635348885,0.239400349785242,0.0921176152876726,1.85196497003678,0.366065687610915,0.7596448136622,0.221457781435663,0.286859262879041,2.06306100666135,0.349444458733057,2.9701718062807,0.66172423548777,0.431232478588514,bim,W,JL,1,311.048,68.819,1060.226,68.592,284.155,
FJ190705-002,2.39804488014334,0.574313497983314,3.53479671331486,0.240739425224756,0.0976336498464793,2.36691056333025,0.383383454492356,0.837216736520565,0.203428760862873,0.284467176560662,2.3068006914352,0.261928441192489,3.43474382957227,0.614509088899939,0.466245175345126,bim,W,JL,1,253.386,69.462,1267.059,70.064,273.591,
FJ190705-004,2.29283483071091,0.572910521616072,3.30585830843077,0.226389305274831,0.099984204197815,2.05538846390659,0.324307160656203,0.786750223236592,0.213952528778984,0.277503231692182,2.2519785048145,0.24674332466176,3.15587233123475,0.612084111034818,0.480147255559961,bim,W,JL,1,310.209,70.404,1215.222,68.316,279.292,
FJ190709-006,2.53966278095737,0.685617883934129,3.96443897439737,0.26472583988881,0.111236423025986,2.54480108943371,0.425852523995152,0.92234976999284,0.228205476182677,0.330091862473033,2.31017974720271,0.469121012312286,3.78382134784664,0.774625741147181,0.594986171492215,bim,W,JL,1,213.689,71.309,1393.892,69.719,286.803,
FJ190612-001,2.13117845458745,0.522518018844642,3.07120212112967,0.192141948629682,0.0957609046440843,2.05011105556575,0.315954666548545,0.727923355839751,0.153054186256953,0.301343424308197,1.93067728075227,0.278429908434528,3.02359060678736,0.648362009504585,0.468856981946352,bim,W,JL,1,158.029,70.007,972.233,69.181,228.239,its.no.tilt; fuzzy part near the top; fur.yes
FJ190619-005,2.44021866093538,0.666316248500989,3.69618745035743,0.227032036007413,0.133291283153452,2.40231898954975,0.325195844819262,0.882454173091,0.241399180800199,0.301710040648507,2.2595508417823,0.348588204145836,3.63761310719681,0.665327290566743,0.565029824479434,bim,W,JL,1,128.418,68.41675,1270.071,69.137,280.444,its.no.tilt; fur.yes
FJ190709-004,2.91060844978522,0.929902307287985,4.50882678121545,0.244857085893462,0.109501024051619,2.87744911460316,0.432820401283236,1.06146122197452,0.247358309317964,0.364218005183695,2.67609156652711,0.322295325612165,4.01011364254255,0.746261758468816,0.68022402261976,bim,W,JL,1,110.346,69.469,1263.53,68.696,307.117,its.large.tilt; fur.yes
FJ190709-010,2.76176704572044,0.737432729655108,4.16036314287051,0.242987505264636,0.104637559080912,2.81200804904301,0.458991997753755,0.926575880949038,0.224821002386635,0.327661565819645,2.46854789648556,0.339594740043989,4.00246150966353,0.761795123777435,0.577331648649913,bim,W,JL,1,106.845,69.499,1248.354,71.063,320.1,its.no.tilt; fur.yes
FJ190709-007,2.85769448290657,0.776468982194746,4.25618698441796,0.274587046824112,0.107699358386801,2.91014489927258,0.409657351249098,1.00454394757884,0.282943619946565,0.316886713341264,2.61358893851044,0.37939036995144,4.08278565438696,0.804083702244671,0.5960859644675,bim,W,JL,1,102.554,68.494,1364.395,66.831,291.359,its.no.tilt; fur.yes
FJ190709-005,2.90371542391855,0.74176521722816,4.40628263738188,0.275239054164764,0.106497145108536,2.97549108510891,0.415776011407058,1.04477145233613,0.266283512923622,0.364763197228285,2.68821333199917,0.313150011569659,4.03150074108355,0.724210605312037,0.719876673691847,bim,W,JL,1,159.901,67.983,1437.548,69.214,315.671,its.large.tilt; fur.yes
PRM190709-001,2.89706300175097,0.792890415937097,4.63253493673395,0.250731771779709,0.163593115068222,3.09537150219697,0.420859625359279,1.00231259704648,0.227837061019525,0.406746175955598,2.69311837193168,0.46668208398031,4.24830024117083,0.782807492814431,0.595288909445307,bor,W,JL,1,151.345,68.969,1387.557,67.469,334.311,its.slight.tilt; fur.yes
FJ190703-003,3.85574659178353,1.1176078742147,5.91244874754505,0.357337284222858,0.162422905971126,4.09064075618188,0.587993430497651,1.23876465791499,0.290780874938267,0.456718234963075,3.67915101815801,0.50257841482043,5.56745799308594,1.02630097968278,0.739436538837014,bor,Q,JL,1,87.069,69.008,1541.644,66.355,403.113,its.large.tilt; fur.yes
JL190628-003,3.92332401786001,1.10582163545448,5.84348934074288,0.351225466576724,0.151424624971893,4.04815136038033,0.541443148844132,1.15106057199148,0.278393455612305,0.433844078249976,3.48748835565835,0.463728544965897,5.610859486257,0.963733898686197,0.727474221836754,bor,Q,JL,1,93.393,88.505,1929.847,69.134,476.403,its.no.tilt; fur.yes
MY190619-004,4.05015216217543,1.16575860207137,5.59862317773524,0.312852795366416,0.128110734796054,4.01673783929711,0.517719530751485,1.13252834634075,0.295525941196682,0.463235655033623,3.85901683600844,0.451418544151573,5.58977568350268,1.09275757129534,0.822252491042066,bor,Q,JL,1,81.492,63.561,1744.974,65.114,451.004,its.large.tilt; fur.yes
DRA190709-004,2.29084534777865,0.718787730093038,3.22665495890446,0.241059380306425,0.127831976395085,2.1138343136432,0.334749456041012,0.796665870366664,0.205090293963831,0.300052297540724,2.01750353492636,0.272211927713177,3.01567634924427,0.712705719801398,0.484236488187858,imp,W,JL,1,154.883,72.5105,1210.703,68.899,296.985,its.no.tilt; fur.yes
FJ190703-013,2.24984290718147,0.700161136792071,3.11181275780331,0.224751606701797,0.114214255939975,2.17544623692708,0.368119801160931,0.759607547921086,0.200344670976091,0.284017594395675,2.01134179042263,0.334411726278984,3.00129407153478,0.56048851200438,0.454169336726123,imp,W,JL,1,160.733,68.884,1244.474,70.214,292.542,its.slight.tilt; fur.yes - there's a little bit of a fuzzy part at the base of the glossa
FJ190710-004,2.54177378918289,0.833583507656931,3.81745524807179,0.260686968046884,0.13943758682912,2.46538811618734,0.39439183686505,0.844506012168053,0.246482921610271,0.288272679367006,2.2794420580298,0.296009453395717,3.52106254890376,0.745580697187934,0.573814732606231,imp,W,JL,1,125.246,68.924,1273.983,66.477,362.006,its.no.tilt; fur.yes
FJ190705-005,2.3751347255518,0.766044588442017,3.56182351442625,0.255504967698528,0.152492994271306,2.12610964863576,0.367720737610148,0.806145444806616,0.218023502668382,0.33833913605811,2.11509644716472,0.339834997942373,3.35779840484947,0.74606927996133,0.515504053197813,imp,W,JL,1,153.089,68.601,1231.307,69.08,299.282,its.slight.tilt; fur.yes
FJ190627-003,3.42199401383012,1.16681804107751,5.40745174940654,0.319950459283724,0.208979254825059,3.37698420889669,0.49937042006399,1.07784085044896,0.251336567241201,0.406729280627516,3.1889152647332,0.425740530498503,4.89168128805862,0.957797502322221,0.898162865104758,imp,Q,JL,1,96.89,164.896,4196.446,68.867,485.057,its.no.tilt; fur.yes
FJ190619-007,2.17941435087076,0.618322252516115,2.94740038334778,0.212644150783459,0.0792631625559049,1.82620302250112,0.276320367406583,0.779486465799179,0.204003011114555,0.261258468759687,1.91042566785382,0.251402761875241,2.9363807162151,0.552128339269109,0.473257380709889,tern,W,JL,1,158.081,68.686,1177.335,69.903,296.589,its.no.tilt; fur.yes
JL190703-006,2.12611432729113,0.66236436683433,2.77581221726614,0.215950143937237,0.110493182752839,1.8339312264718,0.299977855809686,0.724380753535162,0.2044288380627,0.294663250134447,1.88513492138812,0.292701907563823,2.80825029261966,0.581974629084812,0.418961753819873,tern,W,JL,1,158.055,65.622,1311.917,68.404,251.098,its.slight.tilt; fur.yes
JL190703-011,2.04958212161702,0.645012968639472,2.47967591500956,0.214552385443685,0.124446540386177,1.73316696795829,0.31609421258089,0.716006445020828,0.226983939846472,0.294774555267364,1.8553669207996,0.274424271005266,2.67926851633525,0.713962901831329,0.539036914773769,tern,W,JL,1,152.676,68.552,1135.044,69.194,229.059,its.slight.tilt; fur.yes
FJ190628-006,2.19469407087036,0.719385275018384,3.09440241303237,0.21633159252658,0.12369906893844,1.98301155413743,0.298419563510364,0.700321571462402,0.195092919195822,0.284771472373521,2.00744101407187,0.306228265882265,2.92988371078511,0.661913724121599,0.477714349814909,tern,W,JL,1,160.462,160.186,2367.158,69.173,286.351,its.no.tilt; fur.yes
MY190619-003,2.30562265459935,0.727299675191574,3.0765980259216,0.199142253476712,0.136148339692851,1.90586862602882,0.339402730913563,0.760001261391946,0.214808741446186,0.282564409826243,2.05031692472644,0.353574469427013,3.04088801992999,0.636719119548422,0.480325439122071,tern,W,JL,1,158.555,67.672,1073.676,69.256,242.86,its.slight.tilt; fur.yes
FJ190619-004,2.0573904676214,0.604633725725426,2.73999025268051,0.198570393141886,0.0953737722126415,1.79954887405963,0.306228287221014,0.632282372347604,0.206193296843368,0.242452075679188,1.84987253505286,0.293756716902852,2.62850216190548,0.624578240983729,0.460385893879183,tern,W,JL,1,160.044,67.702,1077.794,69.818,246.389,its.large.tilt; fur.yes
FJ190619-006,2.28879199179507,0.900161339658967,3.00582981964745,0.247293512226427,0.116452446784902,1.79877525805349,0.414019156835344,0.792747512430351,0.205153272676019,0.320052300439636,1.93617187171998,0.239988244396596,2.83142704628469,0.773734623250904,0.650558691049547,terri,W,JL,1,166.729,53.48,1067.89,68.046,325.394,its.large.tilt; fur.no
JL190703-009,2.49370977270607,0.969260906066354,3.2563477503809,0.251609091757097,0.117993843475016,1.99046671434346,0.362289729796959,0.828904573862753,0.215509467989179,0.340443394173067,2.3050713597214,0.293485899070303,3.12808681322098,0.803395416809179,0.532415036845869,terri,W,JL,1,160.805,95.626,1600.437,67.612,372.038,its.large.tilt; fur.yes
JL190703-010,2.33257911362235,0.775431081055314,3.07124833955141,0.243604492268189,0.103465809059535,1.85588895174053,0.382192364161005,0.78321056077083,0.241602420282578,0.327863121834025,2.11639982966499,0.333964674552076,2.95960263637924,0.722659005828254,0.565702917940472,terri,W,JL,1,157.337,73.181,1386.299,68.451,323.006,its.no.tilt; fur.yes
JL190711-006,2.42132006081792,0.818286961832855,3.19199880443399,0.236520643006589,0.133792933165261,1.98628347909709,0.355947291133319,0.807481384257515,0.259418331145794,0.354134449194942,2.16845784980052,0.274362906265026,3.15506621096542,0.735351067562475,0.569609231848839,terri,W,JL,1,153.902,82.338,1471.101,68.171,319.39,its.large.tilt; fur.yes
JL190711-005,2.34926563367486,0.729912178872458,2.97732549336294,0.234113965578156,0.11356180285671,1.81155680613738,0.375422702266189,0.750227123605714,0.235552415081007,0.319285317720688,2.09307020643012,0.317070862564983,2.94555342451926,0.713363700600616,0.54979054156362,terri,W,JL,1,158.504,73.892,1678.385,67.34,317.907,its.no.tilt; fur.yes
FJ190703-001,2.22129881687781,0.683194168149932,3.66920348654591,0.251406920741284,0.104701078421108,2.04294052978746,0.343537325934457,0.682762276201445,0.183344675950162,0.314921212438488,2.02185635012041,0.324592974557638,2.85152078316407,0.615151554811014,0.546709768610617,vag,W,JL,1,152.816,70.43,1227.547,68.521,240.301,its.slight.tilt; fur.yes
FJ190703-007,2.43826197636547,0.847261564570673,3.66016322048492,0.240113805108751,0.112482373934637,2.13093202890051,0.361774211662528,0.878745148932453,0.235446797359522,0.356364725407739,2.23851654042452,0.378639080574516,3.34853438486592,0.748536880591986,0.558755630981943,vag,W,JL,1,160.274,67.723,1040.597,67.841,297.188,its.no.tilt; fur.no
MT190709-001,2.28518150335588,0.616734563930634,3.16401899823922,0.235431326303205,0.0782410385357581,1.96443352890344,0.32441247750294,0.733634810180042,0.196427759260342,0.301028529845558,2.05038041959859,0.27643607586301,2.92495565561468,0.675347120701194,0.582337615084238,vag,W,JL,1,153.909,69.041,1266.771,68.424,276.007,its.no.tilt; fur.yes
JMS190709-001,2.12314104326527,0.714089329900772,3.13344497488065,0.23579694568722,0.132845109850284,1.90092854107826,0.345653477967457,0.729617086155615,0.216907445824689,0.320177959959009,1.99902521932565,0.257679522107526,2.84973380989277,0.647204379014722,0.438513834387263,vag,W,JL,1,160.036,68.118,1220.508,68.136,263.643,its.no.tilt; fur.yes
PF190709-001,2.25023299748111,0.604697732997481,3.12450251889169,0.202783375314861,0.108343828715365,1.95819269521411,0.329508816120907,0.720642317380353,0.218324937027708,0.311051637279597,1.9856234256927,0.297455919395466,2.91688916876574,0.641265743073048,0.526939546599496,vag,W,JL,1,158.8,67.971,987.888,68.02,272.765,its.no.tilt; fur.yes
PF190724-006,2.38358381846264,0.772387727218724,3.41269900201972,0.230307710585719,0.100993525008911,2.24936141142925,0.297849590115243,0.780577996911013,0.225837590590472,0.306448259474872,2.16676814779613,0.311237673755495,3.27161548057503,0.720877390994416,0.534632291790424,vag,W,JL,1,134.672,67.949,1289.015,69.074,295.1,fur.yes; its.slight.tilt
PF190718-001,2.55218075521237,0.836718552523218,3.54541303479261,0.229613261470471,0.114447860014188,2.26701510913968,0.350714687584087,0.869497150218932,0.1963698926134,0.308526512340897,2.23667452157109,0.248407954925351,3.40196182353373,0.681908986391174,0.554520918779201,vag,W,JL,1,122.641,68.217,1108.9,67.286,277.908,fur.yes; its.large.tilt
DRA190709-009,2.45223598572328,0.730975511995877,3.47930703210989,0.231589461696537,0.113812913938885,2.33387411804376,0.337672335362867,0.841855464152336,0.225653554227982,0.348360786110104,2.13772832248583,0.338543953072612,3.28125258463281,0.632807181620955,0.543622239612162,vag,W,JL,1,157.179,69.291,1263.265,69.01,243.019,its.large.tilt; fur.yes
FJ190724-001,2.41005208100163,0.716456999597081,3.53481517959738,0.213666412976974,0.125076479980899,2.39071197266121,0.288303412872513,0.831087433406456,0.172262762829983,0.387040933578069,2.20996552804763,0.344368834967393,3.39498739012998,0.670576472519437,0.465550432018624,vag,M,JL,1,134.022,68.193,1056.436,67.672,239.708,its.large.tilt; fur.yes
JL190724-001,2.35932071574733,1.02639748583231,2.98148159953083,0.226370712241268,0.106858501571355,1.90780322685519,0.343288434446137,0.737714427778238,0.222016816365039,0.323641718354572,1.74886371604694,0.338469188058978,2.9604834545582,0.727999439029521,0.507614536785002,terri,W,JL,1,156.871,69.615,1214.7,69.48,340.724,fur.yes; its.slight.tilt
FJ190724-003,2.32077770679242,0.811823672372572,2.95047783390744,0.224802576548926,0.106401196066679,1.93922848430162,0.349322602103655,0.725010044062148,0.251055449809328,0.347550895403442,2.18077335985405,0.309264906376168,2.88591921280898,0.725385461467026,0.506760806422931,terri,W,JL,1,151.831,68.672,1228.157,69.256,370.195,its.no.tilt; fur.no
FJ190724-002,2.2424954497297,0.807842764391079,2.91325962348211,0.221115970769607,0.0882888267094075,1.83193882263454,0.383282171090163,0.753436472793458,0.232104533970824,0.345236478226617,1.9801485968868,0.318376300562332,2.74319496889517,0.708395588275244,0.523118089701448,terri,W,JL,1,147.244,69.483,1251.537,68.858,289.705,its.large.tilt; fur.yes
JL190724-005,2.13606505903039,0.703786737000753,2.87614920874152,0.197192916352675,0.0818764129615674,1.83938708867119,0.31405425772419,0.685933182617433,0.182548354684753,0.287672695302688,1.88588294398392,0.293399899522733,2.82088671188144,0.597770660638031,0.453278070836473,tern,W,JL,1,159.24,68.885,1082.835,67.787,227.192,fur.yes; its.slight.tilt
JL190724-004,2.24664848973715,0.833401107948296,3.15652602878532,0.226756084716047,0.0802762537748238,1.93526302105902,0.337950895624871,0.702940529441959,0.224089542488017,0.293272980594239,2.08541601391935,0.270027398721393,2.98283413440706,0.661955775397148,0.507342990660436,tern,W,JL,1,150.007,69.771,1124.794,69.502,275.218,its.large.tilt; fur.yes
JL190716-001,2.0688578033679,0.720255102357032,2.69957916788041,0.204906195962739,0.0619782208531922,1.73659875919602,0.299106893837505,0.682528959323694,0.19842947188358,0.21609326482674,1.79638295103101,0.31044890825364,2.64038996696561,0.616708088777604,0.520654242099326,tern,W,JL,1,161.347,69.646,1095.784,69.763,260.875,its.no.tilt; fur.yes
JL190703-005,2.1971800772261,0.760670592976845,2.92192233186422,0.221114968082479,0.104820780841686,1.86718800785262,0.365998413874696,0.677555026847121,0.214614454541909,0.302397389393762,1.91819103709193,0.373695021906731,2.79817855610593,0.66727771493948,0.552699663273399,tern,W,JL,1,153.834,68.28,1169.993,68.586,277.283,its.large.tilt; fur.yes
PF190724-001,3.09975210899518,0.855339264782183,4.9179941966602,0.279790157381964,0.135878860085705,3.26679029189646,0.443648033205865,0.924864044274486,0.279300140279406,0.402102269451757,2.79797843924749,0.391158554161302,4.51661254059455,0.782989680816311,0.656738215569092,bim,W,JL,1,104.078,68.738,1654.478,66.587,371.531,its.slight.tilt; fur.yes
FJ190710-001,2.77389425400646,0.788659647260631,4.43438498061924,0.25745614450752,0.134025796791038,2.8896765450117,0.336542926732185,0.983955192054361,0.241619833770862,0.387511017182065,2.53196167442213,0.530540102542718,4.19708672536179,0.816190755991925,0.559871868987936,bim,W,JL,1,105.517,69.464,1517.031,68.818,307.717,its.large.tilt; fur.yes
FJ190716-005,2.56999918453886,0.846587295115388,3.72836173856316,0.262089211449074,0.130726575878659,2.32537715077877,0.377762374622849,0.98192122645356,0.227456576694121,0.325956128190492,2.29446301883715,0.318250020386529,3.58914621218299,0.736989317459023,0.580657261681481,bim,W,JL,1,122.63,69.48,1292.324,67.829,260.599,its.large.tilt; fur.yes
FJ190724-004,2.96097027348395,0.780956004756242,4.71475862068966,0.277336504161712,0.106349583828775,3.09271819262782,0.380737217598097,1.01890130796671,0.279771700356718,0.399067776456599,2.73603804994055,0.377769322235434,4.36549821640904,0.861393579072533,0.62782401902497,bim,W,JL,1,105.125,69.376,1567.274,67.671,337.926,its.no.tilt; fur.yes
JL190724-003,2.71361968329706,0.837787632376911,4.37660149882989,0.248545333685428,0.103825385406897,2.89381618845555,0.375117238364946,0.906646390879538,0.250038700042798,0.351751518407562,2.6517997796374,0.367623088900828,4.16024549485972,0.748677369125561,0.541245139729919,bim,W,JL,1,109.819,69.454,1277.405,68.434,318.686,fur.yes; its.slight.tilt
JL190731-004,3.00556482499716,0.777890485760874,4.83298888931023,0.257536688028516,0.140931326077889,3.11918395206856,0.379204429107732,1.03068711842554,0.218251109172955,0.281862652155777,2.81527056236017,0.443252057184028,4.56844639945395,0.861021576732016,0.623819726214402,bim,W,JL,1,105.484,68.578,1331.273,68.341,351.232,fur.yes; its.no.tilt
PF190724-008,2.48407004752295,0.667202656077078,3.91550680294252,0.256877807434412,0.0783933337673328,2.67196146084239,0.300097649892585,0.847080268211705,0.191465399388061,0.338063928129679,2.32290215480763,0.313501725148102,3.62037627758609,0.712095566694877,0.492227068550225,bim,W,JL,1,153.61,68.524,1260.611,67.742,280.492,fur.yes; its.large.tilt
PF190724-007,3.70673889442287,1.04238530672546,5.88101447166665,0.214993228647856,0.170839535742666,3.85959237579326,0.519323536324667,1.18269220007387,0.260322114900332,0.455739980077675,3.58442924776433,0.412918172966076,5.43036699609388,0.924709279550517,0.750467279259516,imp,Q,JL,1,89.347,69.354,2078.84,66.629,452.04,its.no.tilt; fur.yes
FJ190716-004,2.1169145456934,0.643185573924648,3.16016373153007,0.207547691648171,0.104634680937861,2.04388530495689,0.304936146086139,0.729345143023087,0.183720881992989,0.263712861360603,1.9790564694006,0.260926383040511,2.90348966652147,0.609167029669425,0.476840423987222,imp,W,JL,1,144.627,69.57,1117.588,68.8,215.002,its.large.tiltfur.yes
JL190731-001,2.25482582357656,0.684439100668848,3.17182428614604,0.210352032167777,0.0734550137317512,2.11603001274622,0.329102114295476,0.735338563225188,0.211882892471847,0.254944087462714,2.1255436853655,0.279878056792946,3.13581293281297,0.683335304398103,0.486820146910027,imp,W,JL,1,152.202,69.327,1164.683,68.669,295.147,fur.yes; its.no.tilt
PF190724-002,2.67837842121111,0.776597093456315,3.83961710962139,0.247682213664242,0.0815860790186849,2.51922375948906,0.357374918778428,0.843547441322366,0.242428564636524,0.352715573939365,2.41521260241842,0.31983866622292,3.59963707824213,0.734036989492702,0.51749631531403,imp,W,JL,1,126.198,70.064,1415.25,67.455,322.969,its.large.tilt
FJ190724-006,2.07873471523341,0.752330260769583,2.85539787224422,0.183837065841575,0.103351829004399,1.86331074665237,0.282008384417128,0.643190729340938,0.176428031599822,0.266408717726776,1.93433283164633,0.298344432889136,2.72864331345964,0.617042716602825,0.481005871675785,tern,W,JL,1,154.811,68.622,1063.196,69.183,215.741,its.slight.tilt; fur.yes - there's fuzzy parts on the base of the glossa
JL190724-006,2.36495306408404,0.6994141178008,3.48922252633566,0.22517623655992,0.140212427672225,2.08797670991208,0.341299976041992,0.800894432304107,0.217923494093988,0.301805562613891,2.20828221081595,0.376510988013736,3.21343681256852,0.72792414749421,0.584466498718609,vag,W,JL,1,137.741,70.051,1219.163,69.22,262.624,its.large.tilt; fur.yes
JL190716-006,2.20885557766935,0.706981821570494,3.08784354968615,0.227872704399167,0.133792176153042,1.93755033847424,0.322885118449342,0.717518787483442,0.213108970732129,0.30951255716121,2.02721106547829,0.245645097947854,2.91752145001431,0.655029187994648,0.477957572570607,tern,W,JL,1,150.233,67.983,1276.644,68.88,277.354,its.large.tilt; fur.yes
JL190716-002,1.99198243772072,0.613012630842162,2.58895358085966,0.204015144284305,0.0893130985332952,1.55949222105565,0.311991346123254,0.669803696987051,0.214654322166014,0.288829499538672,1.82329547262257,0.188170914065731,2.57940886386052,0.503814705227323,0.459291781998664,tern,W,JL,1,157.155,69.799,1061.748,68.34,261.12,its.no.tilt; fur.yes
FJ190716-006,2.99437157076617,0.774607851469908,4.76353986646646,0.265093350709692,0.104305370616955,3.15469681087156,0.349415908811891,1.03915346913335,0.224476112228612,0.389145442011125,2.82140125223107,0.448687801607313,4.59904996647496,0.842337875740148,0.621063168730109,bim,W,JL,1,105.891,68.242,1390.88,67.042,333.654,its.no.tilt
