specimen.id,species,caste,image.initials,digitizer,its.mm,body.length.mm,l1_femurL_1,l1_femurL_2,l1_femurW_1,l1_femurW_2,l1_tibiaL_1,l1_tibiaL_2,l1_tibiaW_1,l1_tibiaW_2,l1_btarsL_1,l1_btarsL_2,l1_btarsW_1,l1_btarsW_2,l2_femurL_1,l2_femurL_2,l2_femurW_1,l2_femurW_2,l2_tibiaL_1,l2_tibiaL_2,l2_tibiaW_1,l2_tibiaW_2,l2_btarsL_1,l2_btarsL_2,l2_btarsW_1,l2_btarsW_2,l3_femurL_1,l3_femurL_2,l3_femurW_1,l3_femurW_2,l3_tibiaL_1,l3_tibiaL_2,l3_tibiaW_1,l3_tibiaW_2,l3_btarsL_1,l3_btarsL_2,l3_btarsW_1,l3_btarsW_2,notes
AAL230713-001,vagans,W,MEM,MEM,3.00259082,11.3624699,1.739090978,,0.587288476,,1.351208008,,0.529985545,,1.239601787,,0.285900599,,2.046293378,,0.812218104,,1.692449816,,0.795241873,,1.712224625,,0.466830053,,2.309653194,,0.763647825,,2.642238428,,0.93908337,,1.842899219,,0.788606797,,
AOI190715-001,impatiens,W,CL,DMO,3.692388366,13.24034582,,,,,2.393,1.922,0.642,0.594,1.475,1.742,0.594,0.521,2.507,2.896,1.009,0.995,2.383,2.225,0.775,0.909,2.484,2.44,0.607,0.654,3.095,3.081,1.169,0.843,3.332,3.163,1.249,1.241,2.49,2.288,1.191,1.203,
ASD230629-001,borealis,W,MEM,MEM,7.18046027,26.2824995,3.369640865,,0.898829356,,2.825610861,,0.796519834,,2.245210755,,0.675421529,,4.173150992,,1.489647218,,3.844818374,,1.115625914,,3.564345713,,0.949521166,,5.205949239,,1.589395618,,5.598174545,,1.927517895,,3.992302194,,1.548699224,,
ASD230630-001,impatiens,W,MEM,MEM,4.28928367,16.5257704,2.465947954,,0.680409551,,1.869642538,,0.626179878,,1.757100315,,0.404225989,,2.725668466,,0.966447791,,2.504377519,,0.900921804,,2.628700108,,0.758305185,,3.141743221,,1.077153771,,3.917595311,,1.173253991,,2.746519557,,1.311619366,,
ASD230713-001,vagans,W,MEM,MEM,4.96488631,15.6752577,2.558336805,,0.773735522,,2.078049051,,0.641029914,,2.076982474,,0.392806155,,3.306468905,,1.193972724,,3.150770769,,1.023225842,,3.003121962,,0.587056634,,3.91931228,,1.209938061,,4.5565314,,1.529578091,,2.783851346,,1.071716246,,
CAP220712-004,vagans,W,MEM,MEM,3.93240283,12.1845882,1.764207523,,0.605498306,,1.660632911,,0.576054555,,1.301360314,,0.334872526,,2.143184168,,0.784615796,,1.90840435,,0.735227313,,1.966639329,,0.581986094,,2.357880192,,0.920201462,,2.762417543,,0.873241219,,2.095539311,,0.78898021,,
DMO180529-005,vagans,W,PF,DMO,6.492,,3.34,,1.187,,2.763,,0.823,,2.14,,0.769,,4.343,3.922,1.679,1.537,3.387,3.432,1.296,1.324,3.467,3.65,0.973,1.009,4.606,,1.51,,5.548,,1.628,,3.254,,1.316,,
DPD230713-001,borealis,W,MEM,MEM,6.788133007,,3.375114877,,1.247539434,,2.896038851,,0.977067919,,2.895858431,,0.87838968,,4.545648976,,1.784355367,,3.9007899,,1.557263486,,4.006538331,,1.078046507,,5.370561162,,1.890239113,,6.061618929,,1.958043049,,3.953821983,,1.570597621,,
DRA170914-004,impatiens,W,MEM,MEM,,,2.294152743,,0.584861917,,1.957818978,,0.623217748,,1.886885417,,0.272167298,,2.958639558,,0.987184265,,2.507297427,,0.901012646,,2.669842084,,0.558685783,,3.134750655,,1.100967138,,3.826456351,,1.070958645,,2.736701413,,1.180194288,,
DRA170916-001,impatiens,W,MEM,MEM,4.538788204,16.4217438,2.625614453,,0.555561589,,2.103276898,,0.667452543,,1.748413422,,0.355307288,,3.395272756,,1.111651258,,2.912720898,,0.981710114,,2.933984505,,0.694356483,,3.544797766,,1.223508504,,4.223497268,,1.496884895,,3.122503094,,1.329618678,,
DRA170916-003,rufocinctus,W,MEM,MEM,3.91900633,16.197189,2.690181583,,0.791761878,,2.160784851,,0.53252436,,1.903486128,,0.254393307,,3.076690751,,1.241018025,,2.892188524,,1.054043694,,2.807198171,,0.603893146,,3.54826249,,1.155244377,,4.275305262,,1.374300496,,3.056041746,,1.166727157,,
DRA170916-004c,impatiens,W,MEM,MEM,,,2.050988189,,0.622556357,,1.588677199,,0.641936049,,2.06660604,,0.2538621,,2.29525929,,0.835122938,,1.897091634,,0.857739168,,2.219474585,,0.719635565,,2.772561158,,0.819877881,,3.203365322,,1.07612361,,2.36019905,,1.018125745,,
DRA170916-005,impatiens,W,MEM,MEM,3.718950666,15.33744945,2.845462087,,0.506044063,,1.873315809,,0.762541014,,1.690263035,,0.422067275,,3.651543503,,1.064030416,,2.405028507,,0.957567925,,2.310692722,,0.531128722,,3.779692019,,1.058527364,,3.713871095,,1.165173992,,2.872530159,,1.11871371,,
DRA180529-012,vagans,W,CL,DMO,6.036,,3.268,3.367,0.977,0.952,2.782,2.569,0.971,0.646,2.116,2.206,0.579,0.708,3.27,3.231,1.241,1.189,2.908,2.651,1.121,1.215,2.908,2.766,0.813,0.907,4.035,3.766,1.414,1.423,3.339,3.491,1.019,1.091,3.223,3.364,0.976,0.891,
DRA180720-002,vagans,W,DY,PF,5.462,23.976,2.358,2.314,0.736,0.722,1.92,1.894,0.598,0.57,1.498,1.559,0.538,0.447,2.758,2.899,0.977,0.994,2.323,2.473,0.892,0.79,2.264,2.121,0.655,0.637,3.234,2.594,1.021,0.726,3.715,3.475,1.153,1.047,2.266,2.309,0.709,0.824,
DRA180720-009,borealis,W,CL,DMO,5.714,21.26,3.154,,0.637,,2.027,1.921,0.666,0.794,1.668,1.771,0.615,0.587,2.881,,1.103,,2.158,,0.812,,2.517,,0.688,,3.289,3.19,1.087,1.106,3.899,2.57,1.277,0.829,2.439,2.612,1.013,0.805,
DRA180720-010,borealis,W,PF,DMO,5.323,17.276,2.287,,0.732,,2.508,,0.632,,1.866,,0.54,,2.784,,1.138,,2.737,,0.723,,2.748,,0.594,,3.686,,1.105,,4.168,,1.199,,2.804,,0.971,,
DRA180814-003,impatiens,M,DY,DY,5.038,20.01,2.814,,0.846,,2.231,,0.702,,1.761,,0.787,,4.013,3.434,1.262,1.287,2.888,2.746,1.088,1.088,2.826,2.901,0.874,1.022,3.758,,1.215,,3.969,4.045,1.607,1.196,2.613,2.696,1.104,0.849,
DRA180814-006,impatiens,W,CL,DMO,5.383,21.992,3.046,2.912,0.821,0.808,2.441,2.293,0.819,0.817,2.144,2.154,0.656,0.6,3.114,3.789,1.277,1.259,2.786,3.074,1.239,0.787,3.169,3.265,0.86,1.01,4.252,,1.385,,4.482,4.278,1.347,1.512,3.372,2.952,1.381,1.531,
DRA180814-006a,vagans,W,PF,DMO,6.29,25.394,3.255,3.243,0.939,0.896,2.586,2.757,0.701,0.706,2.061,2.212,0.716,0.692,3.724,3.453,1.339,1.509,3.455,3.304,1.03,1.199,3.173,3.21,0.916,0.877,4.022,4.415,1.352,1.195,4.186,4.614,1.314,1.552,3.019,3.086,1.021,1.417,
DRA180814-017,impatiens,W,CL,DMO,3.483,15.28,2.041,1.987,0.518,0.528,1.625,1.704,0.522,0.621,1.489,1.448,0.517,0.567,1.98,2.155,0.851,0.885,2.089,1.96,0.728,0.754,2.03,2.113,0.796,0.721,,2.903,,0.913,2.922,2.804,1.036,0.791,2.04,2.189,1.008,0.775,
DRA190709-003,bimaculatus,W,DY,DY,4.168,17.494,1.867,,0.74,,1.97,,0.671,,1.571,,0.507,,2.306,2.814,0.986,0.947,2.252,2.401,0.957,0.944,2.248,,0.742,0.847,3.257,3.068,1.012,1.022,3.046,3.268,0.999,1.157,2.328,2.317,0.708,0.981,
DRA190709-004,impatiens,W,CL,DMO,4.31,16.697,,,,,,,,,,,,,,,,,,,,,,,,,3.205,3.201,1.013,1.155,3.327,3.775,0.963,0.878,2.783,2.35,0.99,0.83,
DRA190709-005,impatiens,W,CL,DMO,4.735,18.494,,2.435,,0.685,1.876,1.925,0.676,0.745,1.866,1.483,0.642,0.617,2.515,2.978,1.058,1.117,2.561,2.493,0.85,0.922,2.436,2.279,0.729,0.552,4.094,3.343,1.082,0.893,3.71,3.412,1.006,0.87,2.415,2.74,0.85,0.982,
DRA190709-006,vagans,W,DY,PF,4.175311203,17.18806142,1.703,1.568,0.336,0.461,1.38,1.35,0.34,0.393,1.15,1.151,0.295,0.333,2.028,2.021,0.71,0.771,1.71,1.581,0.518,0.576,1.637,1.61,0.477,0.359,2.009,2.021,0.65,0.621,2.298,2.273,0.713,0.617,1.624,1.655,0.428,0.37,
DRA190709-007,vagans,M,DY,PF,3.87,16.115,2.264,1.841,0.461,0.506,1.545,1.497,0.396,0.401,1.228,1.315,0.242,0.308,2.428,2.112,0.793,0.768,2.008,1.891,0.639,0.775,1.874,1.996,0.303,0.47,2.467,2.466,0.689,0.742,2.643,2.649,0.672,0.662,2.043,2.014,0.47,0.492,
DRA190709-008,vagans,W,DY,PF,4.055451822,18.12730416,1.768,,0.496,,1.472,,0.381,,1.152,,0.375,,2.11,2.111,0.707,0.808,1.671,1.721,0.659,0.685,1.063,1.716,0.34,0.53,2.303,2.275,0.775,0.732,2.729,2.702,0.833,0.67,1.564,1.627,0.511,0.539,
DRA190709-009,vagans,M,DY,PF,3.52150413,18.23129988,1.918,,0.511,,1.44,,0.409,,1.076,,0.234,,,,,,,,,,,,,,2.673,2.564,0.733,0.772,2.578,2.62,0.809,0.667,1.999,2.015,0.442,0.391,
DRA190709-010,bimaculatus,W,DY,DY,4.39,19.968,2.566,2.683,0.547,0.874,1.91,1.979,0.838,0.758,1.839,1.757,0.664,0.711,3.014,2.969,1.15,1.295,2.371,2.286,0.971,1.033,2.497,2.384,0.783,0.665,3.221,3.086,1.028,0.923,3.543,3.534,0.905,0.842,2.276,2.297,0.986,0.874,
DRA190709-011,bimaculatus,W,DY,DY,4.517,18.998,2.038,,0.781,,2.023,,0.708,,1.601,,0.567,,2.68,2.721,1.279,1.002,2.256,2.124,0.973,0.915,2.28,2.201,0.757,0.73,2.832,3.676,0.99,1.149,3.137,3.51,0.798,1.003,2.761,2.387,0.866,0.805,
DRA190709-012,bimaculatus,W,DY,DY,4.268,20.304,,,,,,,,,,,,,2.868,2.858,1.188,1.115,2.181,2.339,1.042,0.936,2.154,2.398,0.97,0.658,3.584,3.642,1.062,1.101,3.388,3.122,0.678,1.09,2.186,2.093,0.951,0.838,
DRA190709-013,vagans,W,DY,PF,4.092,16.961,,,,,1.497,,0.431,,1.262,,0.372,,2.135,2.139,0.825,0.773,1.871,1.794,0.722,0.572,1.658,1.723,0.546,0.515,2.425,2.307,0.832,0.779,2.612,2.664,0.908,0.862,1.714,1.868,0.639,0.646,
DRA190709-014,vagans,W,DY,PF,3.816196043,15.42217343,1.433,,0.432,,1.313,,0.341,,1.08,,0.328,,2.009,1.945,0.673,0.725,1.592,1.661,0.555,0.59,1.515,1.466,0.361,0.41,2.111,2.22,0.698,0.637,2.207,2.428,0.774,0.686,1.597,1.515,0.513,0.418,
DRA190709-015,terricola,W,CL,CL,4.528,16.985,2.254,2.243,0.528,0.605,1.991,1.715,0.568,0.518,1.637,1.638,0.51,0.532,1.774,1.7,0.802,0.84,2.336,2.271,0.965,0.809,2.396,2.404,0.715,0.553,2.565,2.194,0.76,0.752,3.288,3.339,1.061,1.096,2.359,2.365,0.928,1.143,
DRA190709-016,ternarius,Q,CL,CL,6.137,26.448,2.922,3.288,0.945,0.945,2.707,2.634,0.777,0.834,,,0.83,0.883,4.139,3.573,1.442,1.523,3.035,3.41,1.201,1.217,3.464,3.235,0.793,0.872,5.451,,1.723,1.545,5.369,5.12,1.795,1.871,3.473,3.592,1.409,1.452,
DRA190715-001,bimaculatus,W,CL,CL,4.582,19.032,2.483,2.481,0.791,0.655,2.153,1.938,0.626,0.651,2.288,2.047,0.655,0.596,2.924,3.284,1.088,1.016,2.701,2.652,1.087,0.84,2.687,2.674,0.774,0.673,4.149,,1.114,,3.673,,1.075,,2.963,,1.097,,
DRA190718-002,perplexus,M,CL,CL,4.612,17.795,2.48,,0.567,,2.08,,0.498,,1.787,,0.459,,2.921,2.798,1.167,1.002,2.812,2.685,1.122,1.041,2.87,2.81,0.528,0.609,4.581,4.494,0.933,0.943,3.761,3.572,0.955,0.981,2.97,2.786,0.683,0.599,
DRA190815-003,impatiens,W,PF,DMO,4.01207417,17.81981828,2.45,,0.685,,1.968,,0.564,,1.761,,0.441,,,,,,,,,,,,,,3.214,3.255,0.949,1.01,3.581,3.59,1.094,1.029,2.607,2.339,0.878,0.887,
DRA190815-004,impatiens,W,DY,DY,4.500044577,20.22766202,2.324,2.383,0.682,0.72,2.084,2.01,0.661,0.723,1.845,1.78,0.614,0.723,3.475,3.022,1.13,1.131,2.28,2.7,0.953,1,2.778,2.551,0.91,0.766,3.591,4.034,1.076,1.158,4.065,3.918,1.35,1.224,2.618,2.789,1.083,1.27,
DRA190824-001,ternarius,W,DY,PF,3.728090046,15.19538521,2.104,1.798,0.437,0.61,1.433,1.394,0.404,0.421,1.213,1.307,0.326,0.357,2.703,2.197,0.821,0.835,1.784,1.759,0.678,0.722,1.685,1.755,0.421,0.501,2.898,,0.829,,2.676,,0.933,,1.752,,0.81,,
DRA190824-003,ternarius,W,DY,PF,3.123394776,16.46957931,1.923,,0.514,,1.421,,0.542,,1.256,,0.376,,2.603,2.209,0.811,0.854,1.977,1.879,0.778,0.637,1.737,1.718,0.508,0.561,2.264,2.63,0.741,0.741,2.618,2.682,0.693,0.859,1.886,1.691,0.738,0.662,
DRA190824-005,impatiens,M,DY,DY,4.157562138,17.19849035,3.419,4.036,0.718,0.653,2.276,2.132,0.72,0.658,2.13,1.97,0.613,0.75,3.958,4.097,1.128,1.122,2.826,,1.139,1.437,2.744,2.648,0.79,1.283,4.582,4.582,1.11,1.11,2.583,2.583,1.117,1.117,2.828,2.828,0.727,0.727,
DRA190824-006,impatiens,W,DY,DY,3.817879397,15.11198098,2.178,2.326,0.537,0.587,1.675,1.679,0.609,0.661,1.532,1.653,0.603,0.522,2.26,3.517,0.944,0.954,1.932,2.431,1.033,1.023,2.11,2.288,0.663,0.644,2.936,2.838,0.963,1.007,3.114,3.16,1.258,1.013,2.415,2,1.154,0.894,
DRA200720-001,vagans,W,CL,CL,,,2.637,2.58,0.588,0.726,2.109,2.019,0.683,0.665,1.991,1.764,0.625,0.617,3.244,3.32,1.044,1.173,2.898,2.484,1.073,0.874,2.425,2.628,0.85,0.831,3.494,3.309,0.962,0.927,3.647,3.725,1.202,1.335,2.743,2.992,0.943,1.078,
DRA200720-002a,terricola,W,CL,CL,,,2.828,,0.926,,2.454,,0.711,,2.223,,0.491,,3.516,3.397,1.034,1.086,2.818,2.776,0.663,1.015,3.196,3.301,0.68,0.511,4.867,3.899,1.004,1.075,4.414,4.24,1.441,1.253,3.219,3.045,1.056,1.105,
DRA200720-002b,vagans,W,CL,CL,,,2.596,2.401,0.741,0.83,2.158,1.862,0.656,0.664,1.845,1.815,0.734,0.694,3.013,2.902,1.004,1.094,2.499,2.291,0.965,0.849,2.574,2.736,0.808,0.707,3.38,3.458,0.983,1.055,3.536,3.53,1.367,1.162,3.248,3.267,1.181,1.134,
DRA210812-001,rufocinctus,W,MEM,MEM,3.28986215,13.3501622,2.209491315,,0.697978844,,1.822927101,,0.550469763,,1.657935622,,0.28532543,,2.487478653,,0.816162438,,2.312789066,,0.656697375,,2.387766621,,0.342879722,,3.060435769,,0.919417182,,3.406874331,,0.984976176,,2.632815873,,0.730212688,,
DRA210812-005,perplexus,W,MEM,MEM,4.84401056,15.4074878,2.392229606,,0.420336049,,2.340022949,,0.520073337,,1.553475326,,0.458762433,,2.837971351,,1.085156128,,2.491277341,,0.595029836,,2.607461531,,0.528380288,,3.210022571,,0.974461422,,4.008082487,,1.167999382,,2.608172632,,1.036122489,,
DRA210812-010,borealis,M,MEM,MEM,4.49812502,15.7633871,2.617180844,,0.74802116,,2.255680914,,0.677906465,,1.779265016,,0.34743879,,3.118971959,,1.236610646,,2.948339498,,1.020137634,,2.962035486,,0.605072796,,3.88358223,,1.214476851,,4.190034175,,1.222869716,,3.117056318,,0.82992182,,
DRA210812-012,perplexus,W,MEM,MEM,4.41685577,13.7064169,2.27886824,,0.594522742,,2.010235728,,0.598684927,,1.767578129,,0.512862,,2.697959312,,1.115471115,,2.510788288,,0.861195927,,2.695911429,,0.604413466,,3.375731289,,1.056702391,,3.904168274,,1.287249803,,2.78266974,,1.048189837,,
DRA230629-001,borealis,W,MEM,MEM,7.75981149,23.5537206,3.480183036,,0.711855997,,2.91446371,,0.704473909,,2.368084461,,0.659459161,,4.165846128,,1.667409102,,3.916299584,,1.415232792,,3.848736114,,0.812211594,,4.958403396,,1.4926758,,5.5529068,,1.837290845,,3.79563911,,1.487625768,,
DRA230713-001,borealis,W,MEM,MEM,6.80363063,20.8108775,3.345203219,,0.912261527,,2.800554077,,0.8314083,,2.367755338,,0.696215015,,4.209720411,,1.632476282,,3.627912658,,1.41143005,,3.704504453,,0.975455594,,4.831960206,,1.446406373,,4.999572953,,1.243605589,,3.185494481,,1.316717665,,
ESL230713-001,borealis,W,MEM,MEM,7.355157413,,3.908324615,,1.217323331,,3.067433898,,0.819906791,,2.439402226,,0.715314105,,4.461682043,,1.767411309,,3.951701303,,1.256408123,,4.170278914,,0.941554118,,5.184712051,,1.887905412,,6.1874465,,2.094606002,,3.848190508,,1.6311644,,
FJ180619-014,vagans,W,DY,PF,4.302,17.099,1.699,,0.505,,1.416,,0.423,,1.032,,0.283,,1.996,2.068,0.767,0.785,1.991,1.84,0.552,0.63,1.594,1.656,0.445,0.3,2.229,2.037,0.798,0.724,2.654,2.442,0.845,0.793,1.608,1.738,0.581,0.608,
FJ190529-001,impatiens,W,CL,CL,6.147381338,22.94759351,,,,,,,,,,,,,3,4.515,1.55,1.335,3.726,3.718,1.199,1.175,3.696,3.984,1.113,1.016,4.476,5,1.43,1.375,5.556,5.505,1.552,1.676,3.956,4.073,1.418,1.513,
FJ190627-001,bimaculatus,W,DY,DY,3.835,16.676,,,,,,,,,,,,,2.544,2.654,1.141,1.076,2.243,2.488,0.883,0.935,2.113,2.238,0.699,0.636,3.021,2.708,1.126,0.791,2.811,3.446,1.239,0.674,2.346,2.206,0.973,0.812,
FJ190627-002,bimaculatus,W,DY,DY,3.932,16.328,,,,,,,,,,,,,2.521,2.123,0.982,0.791,2.811,2.938,0.849,0.674,2.023,1.925,0.849,0.812,3.021,2.708,1.126,1.038,3,3.446,1.239,1.218,2.346,2.206,0.973,1.04,
FJ190627-003,impatiens,Q,CL,CL,6.106852376,29.13261952,3.38,2.962,0.997,0.873,2.92,2.713,0.874,0.83,2.658,2.576,0.78,0.953,4.971,4.122,1.499,1.549,3.574,3.648,1.215,1.17,3.627,4.016,0.946,0.933,5.068,5.041,1.457,1.35,5.171,6.117,1.596,1.427,3.751,3.819,1.596,1.153,
FJ190627-004,impatiens,W,CL,PF,4.212,19.807,2.412,,0.433,,1.513,,0.535,,1.437,,0.484,,2.401,2.377,0.835,0.887,1.883,2.104,0.804,0.712,2.023,1.99,,0.593,2.676,2.866,0.859,0.779,3.12,2.891,1.027,0.972,1.885,2.281,0.8,0.911,
FJ190627-005,impatiens,W,CL,PF,4.201,16.837,2.086,1.83,0.41,0.625,1.649,,0.541,,1.155,,0.416,,2.032,1.671,0.82,0.748,1.766,1.887,0.653,0.574,1.636,1.761,0.457,0.435,2.487,2.511,0.775,0.778,2.813,2.89,0.791,0.851,1.972,1.9,0.695,0.658,
FJ190703-001,vagans,W,DY,PF,3.506968667,17.42931989,,,,,,,,,,,,,2.044,1.841,0.797,0.745,1.513,1.76,0.647,0.651,1.466,1.565,0.472,0.496,2.14,1.826,0.778,0.691,2.358,2.4,0.968,0.771,1.639,1.663,0.62,0.627,
FJ190703-002,vagans,W,DY,PF,4.046042623,16.75721241,1.699,1.744,0.421,0.374,1.422,1.506,0.478,0.383,1.176,0.901,0.311,0.313,1.87,0.958,0.757,0.493,1.699,1.676,0.714,0.585,1.684,1.683,0.54,0.482,2.086,1.931,0.674,0.705,2.465,2.395,0.579,0.672,1.68,1.658,0.53,0.589,
FJ190703-005,bimaculatus,W,DY,DY,4.473,20.815,2.097,2.284,0.804,0.587,1.959,1.955,0.7,0.672,1.831,1.715,0.589,0.651,2.703,2.273,1.105,1.125,2.23,2.276,0.855,1.229,2.365,2.479,0.696,0.941,3.838,,1.202,,3.816,3.424,1.248,1.4,2.18,1.929,1.11,1.239,
FJ190703-006,vagans,W,DY,PF,4.143,15.406,,,,,,,,,,,,,1.837,1.827,0.735,0.732,1.821,1.771,0.59,0.607,1.647,1.656,0.441,0.472,2.152,,0.763,,2.361,,0.654,,1.674,,0.508,,
FJ190703-008,vagans,W,DY,PF,3.999,16.448,1.554,,0.415,,1.421,,0.432,,1.101,,0.36,,1.195,2.044,0.604,0.63,1.662,1.702,0.665,0.644,1.643,1.626,0.506,0.447,1.177,1.716,0.55,0.607,2.965,2.429,0.977,0.532,1.759,1.677,0.672,0.457,
FJ190703-009,perplexus,W,DY,PF,4.505506592,19.21960979,1.624,,0.545,,1.553,,0.506,,1.313,,0.349,,2.223,2.236,0.911,0.857,1.973,2.093,0.734,0.659,1.844,1.759,0.522,0.506,2.205,,0.322,,2.889,,0.874,,1.846,,0.873,,
FJ190703-010,ternarius,W,CL,PF,4.061370951,16.87854015,1.928,,0.533,,1.15,,1,,1.189,,0.332,,,,,,,,,,,,,,2.065,1.837,0.56,0.665,2.347,2.63,0.858,0.926,1.75,1.867,0.589,0.72,
FJ190703-012,vagans,W,DY,PF,4.581926329,18.99997086,1.904,,0.452,,1.532,,0.419,,1.326,,0.449,,2.153,1.973,0.79,0.813,1.882,1.929,0.686,0.767,1.91,1.767,0.569,0.553,2.433,2.526,0.608,0.829,3.025,2.824,0.802,1.016,1.862,1.698,0.674,0.645,
FJ190703-013,impatiens,W,CL,PF,4.166,18.066,,,,,,,,,,,,,2.064,1.913,0.769,0.9,1.823,1.8,0.747,0.703,1.767,1.837,0.585,0.597,2.361,2.591,0.701,0.8,2.758,2.539,0.795,0.867,1.771,2.007,0.576,0.736,
FJ190705-004,bimaculatus,W,DY,DY,4.088,17.261,,,,,,,,,,,,,,,,,,2.043,,0.897,1.752,1.912,0.687,0.699,2.614,,0.884,,2.828,3.147,1.119,1.028,1.932,1.734,0.834,0.969,
FJ190709-001,vagans,W,DY,PF,4.116863734,18.71097752,,,,,1.417,1.499,0.386,0.441,1.251,1.128,0.302,0.281,1.961,2.084,0.766,0.773,1.886,1.89,0.618,0.658,1.42,1.64,0.491,0.505,1.96,1.799,0.775,0.622,2.373,2.514,0.825,0.73,1.657,1.583,0.673,0.468,
FJ190709-002,borealis,W,CL,PF,5.056,22.899,1.585,2.437,0.543,0.687,1.859,1.756,0.688,0.554,1,,0.534,,3.031,2.731,1.047,1.081,2.383,2.169,0.934,0.905,2.077,2.182,0.738,0.742,3,3.174,1.013,0.906,3.058,3.164,1.026,0.943,2.137,2.401,0.263,0.739,
FJ190709-003,borealis,W,CL,PF,4.386216547,18.99150626,1.882,,0.546,,1.546,,0.519,,1.473,,0.428,,2.083,2.395,0.924,0.811,1.964,1.926,0.705,0.648,1.799,1.897,0.493,0.51,2.99,2.76,0.903,0.807,2.738,2.628,0.903,1.02,1.797,1.983,0.593,0.639,
FJ190709-004,bimaculatus,W,CL,PF,4.471,18.188,2.14,1.772,0.612,0.629,1.632,1.872,0.503,0.472,1.457,1.423,0.42,0.35,2.661,2.781,0.934,0.911,2.237,2.212,0.77,0.822,2.189,2.176,0.592,0.63,2.973,3.136,0.934,0.891,3.203,2.924,1.139,1.032,2.273,2.24,0.733,0.956,
FJ190709-005,bimaculatus,W,CL,PF,4.561,21.146,,,,,,,,,,,,,2.716,,0.992,,2.252,,0.796,,2.166,,0.548,,2.797,2.641,0.752,0.724,3.264,3.002,0.985,1.017,2.087,2.294,0.519,0.782,
FJ190709-006,bimaculatus,W,DY,DY,4.114,19.547,1.871,,0.856,,2.151,,0.807,,1.979,,0.734,,2.652,2.798,1.076,1.027,2.42,2.596,1.157,1.052,2.664,2.528,0.839,0.687,2.57,3.375,0.955,1.229,3.931,3.868,1.604,1.334,2.228,2.849,1.208,1.064,
FJ190709-007,bimaculatus,W,DY,DY,4.36,19.92,2.588,,0.747,,2.067,,0.687,,1.791,,0.647,,2.923,2.965,1.108,1.383,2.684,2.604,1.157,1.313,2.436,2.829,0.823,0.944,3.346,3.219,1.704,0.99,3.638,3.898,1.599,0.992,2.609,2.763,1.24,0.766,
FJ190709-008,impatiens,W,CL,PF,4.715,18.478,1.96,1.928,0.43,0.518,1.628,1.458,0.519,0.486,1.389,1.177,0.404,0.444,2.802,,0.721,,1.751,,0.672,,1.798,,0.617,,2.617,2.559,0.874,0.815,2.992,2.834,0.867,0.849,1.962,2.004,0.639,0.57,
FJ190709-009,vagans,W,CL,PF,4.645,15.697,1.955,1.931,0.608,0.559,1.562,1.384,0.454,0.449,1.417,1.419,0.353,0.408,2.32,2.344,0.895,0.939,1.883,2.012,0.836,0.75,1.794,1.827,0.59,0.647,2.381,,0.747,,3.049,,0.7,,1.912,,0.59,,
FJ190709-010,bimaculatus,W,Dy,DY,4.504,17.962,2.516,2.277,0.763,0.723,2.076,2.204,0.731,0.784,1.915,1.896,0.699,0.565,3.309,3.902,1.219,1.141,2.641,2.695,1.022,1.136,2.623,2.719,0.855,0.784,4.119,3.497,1.219,1.846,3.671,3.659,1.509,1.451,2.567,2.719,1.316,1.284,
FJ190709-011,vagans,W,DY,PF,4.307294443,22.59225076,2.081,1.77,0.557,0.555,1.539,1.517,0.457,0.497,1.335,1.438,0.42,0.477,2.569,,0.887,,2.093,,0.709,,2.099,,0.589,,2.663,2.671,0.891,0.861,3.146,3.119,0.999,0.955,1.815,2.052,0.828,0.888,
FJ190709-012,bimaculatus,W,DY,DY,4.192,17.878,,,,,,,,,,,,,2.423,2.927,1.07,1.176,2.58,1.809,0.977,0.797,2.228,2.222,0.769,0.661,,,,,3.468,3.431,1.251,1.135,2.014,2.038,1.011,1.009,
FJ190710-001,bimaculatus,W,DY,DY,4.471,21.839,2.777,,0.769,,2.181,2.027,0.726,0.74,1.897,1.913,0.618,0.526,2.869,2.908,1.304,1.322,2.875,2.522,1.061,0.87,2.713,2.866,0.847,0.793,3.896,3.472,1.252,1.171,3.827,3.078,1.285,1.338,2.742,4.146,1.176,1.207,
FJ190710-002,bimaculatus,M,DY,DY,5.228237026,18.74399042,2.935,3.579,0.739,0.916,2.475,2.268,0.758,0.677,2.294,2.218,0.783,0.523,3.585,3.096,1.231,1.283,2.801,2.955,1.172,1.239,3.484,3.392,0.896,0.719,4.005,4.178,1.21,1.265,4.361,4.246,1.197,1.069,3.438,3.461,0.763,0.876,
FJ190710-003,impatiens,W,CL,PF,5.02,17.698,2.708,2.691,0.485,0.531,1.74,1.57,0.679,0.632,1.629,1.512,0.496,0.485,2.94,2.563,0.855,0.917,2.07,2.17,0.725,0.796,2.216,2.078,0.602,0.648,2.907,2.438,0.926,0.808,2.967,3.528,1.048,0.839,2.27,2.414,1.028,0.707,
FJ190710-004,impatiens,W,CL,PF,5.446,18.484,1.981,1.449,0.637,0.585,1.775,1.718,0.553,0.529,1.495,1.458,0.461,0.451,2.77,,0.976,,2.313,,0.728,,2.293,,0.684,,3.023,3.086,0.96,1.003,3.164,3.357,0.999,0.98,2.343,2.114,0.997,0.954,
FJ190711-001a,borealis,Q,CL,PF,7.104,36.347,3.223,,1.356,,3.003,,1.239,,,,,,4.081,,1.571,,2.964,,1.123,,2.968,,0.776,,4.165,3.825,1.32,1.113,4.449,4.384,1.542,1.407,2.683,2.808,1.061,1.184,
FJ190711-001b,terricola,W,MEM,MEM,5.41407508,15.0521372,2.537653142,,0.558223369,,2.232471334,,0.517375454,,1.825736297,,0.432680184,,3.147444644,,1.244261721,,2.847078601,,0.696330871,,2.80141492,,0.601220883,,3.592000384,,1.09850565,,4.303439541,,1.384890974,,2.890909292,,1.210118107,,
FJ190711-002,ternarius,W,MEM,MEM,3.25424393,11.9042462,1.827776663,,0.52135769,,1.547432899,,0.45118901,,1.361927808,,0.333476206,,2.250736519,,0.830657631,,1.765838546,,0.696315507,,1.880860276,,0.427056149,,3.159538394,,0.751553065,,2.463201185,,0.880008464,,2.145692382,,0.841221184,,
FJ190711-003,terricola,W,MEM,MEM,4.73854619,15.5519175,2.558077822,,0.696101279,,2.046993746,,0.616839964,,1.760748569,,0.446119338,,3.048660824,,1.087400916,,2.653129811,,0.791004999,,2.540188568,,0.548408006,,3.547512688,,1.174805634,,4.208006538,,1.282477617,,2.743214781,,1.259758207,,
FJ190711-004,terricola,W,MEM,MEM,5.62466799,14.7305758,2.500627196,,0.686110342,,2.092660132,,0.640300754,,1.888179524,,0.528832256,,2.893547192,,1.075368267,,2.73349447,,1.005367668,,2.648081719,,0.595502168,,3.573041092,,1.164605972,,4.322676009,,1.391221889,,2.650654156,,1.223569808,,
FJ190711-005,ternarius,W,MEM,MEM,3.37128759,12.4972717,1.933495202,,0.612928601,,1.689034431,,0.68278068,,1.409464847,,0.258260238,,2.259978676,,0.890880094,,2.126338329,,0.962898587,,1.856762205,,0.702799853,,2.707141641,,0.95711969,,3.039006208,,1.120681282,,2.230632632,,0.924876134,,
FJ190711-008,ternarius,W,MEM,MEM,3.58591742,11.0525339,2.065249211,,0.555282217,,1.636913022,,0.46432932,,1.480756202,,0.369550489,,2.485324861,,0.930435744,,2.161098652,,0.974895928,,2.043222915,,0.493436856,,2.643525077,,0.911001736,,3.512414361,,1.240841851,,2.252535225,,0.989629037,,
FJ190711-009,ternarius,W,MEM,MEM,3.58974449,12.3853263,1.98277325,,0.571925926,,1.704419179,,0.514673119,,1.604589421,,0.273701151,,2.390314264,,1.011019208,,1.979992446,,0.813773737,,2.044914359,,0.672215501,,2.596372912,,0.988739935,,2.190977715,,0.790990853,,2.119530767,,0.643821744,,
FJ190711-010,impatiens,W,CL,PF,4.675,18.02,1.855,1.946,0.548,0.598,1.564,1.491,0.626,0.549,1.394,1.401,0.388,0.433,2.126,2.034,0.85,0.853,1.869,2.262,0.804,0.783,2.017,1.964,0.591,0.586,1.915,2.442,0.694,0.69,3.108,3.248,1.059,0.717,1.857,2.084,0.976,0.667,
FJ190715-001,bimaculatus,M,PF,DY,4.656952577,20.75715032,2.47,2.711,0.681,0.82,2.177,2.174,0.465,0.54,2.198,2.087,0.391,0.414,3.691,3.243,1.049,1.231,2.896,2.912,1.003,1.055,3.038,3.294,0.645,0.662,4.078,3.75,1.2,1.287,4.291,4.067,1.023,1.196,3.35,3.326,0.826,0.696,
FJ190715-002,impatiens,W,CL,PF,4.433,20.322,1.498,,0.597,,1.672,,0.464,,1.498,,0.436,,2.636,2.122,0.922,0.644,2.152,2.508,0.717,0.484,2.01,,0.581,,2.876,3.421,0.86,0.984,3.026,3.229,1.03,1.077,2.3,2.262,0.877,0.964,
FJ190716-001,ternarius,W,PF,DMO,4.040816027,15.8439397,2.242,1.583,0.634,0.595,1.858,1.537,0.631,0.564,1.377,1.427,0.512,0.369,2.596,2.402,1.027,1.107,2.025,2.184,0.814,0.817,2.256,1.866,0.437,0.62,2.859,2.966,0.969,0.932,2.813,3.469,0.952,1.117,2.273,2.331,0.848,0.888,
FJ190716-002,ternarius,W,PF,DY,4.442,17.488,2.108,,0.701,,1.893,,0.584,,1.776,,0.525,,2.732,2.599,1.159,1.165,2.553,2.199,1.011,0.808,2.52,,0.667,,3.326,3.348,0.955,1.013,3.352,3.378,1.265,1.015,2.285,2.427,0.936,0.826,
FJ190716-003,perplexus,W,PF,DMO,4.073243776,16.54975355,,,,,,,,,,,,,2.779,2.532,1.002,0.84,2.391,3.03,0.77,0.915,2.326,2.039,0.61,0.688,3.121,2.645,0.906,0.824,3.664,3.519,1.159,1.254,2.091,2.315,0.898,1.053,
FJ190716-004,bimaculatus,W,PF,DMO,3.125,16.118,2.125,1.947,0.545,0.553,1.847,1.896,0.49,0.543,1.321,1.381,0.38,0.361,2.28,,0.597,,1.959,,0.968,,1.994,,0.654,,2.42,2.648,0.823,0.805,2.881,2.877,0.68,0.939,2.162,2.033,0.735,0.824,
FJ190716-005,bimaculatus,W,PF,DMO,3.842,18.6,2.654,2.51,0.723,0.524,1.955,2.076,0.599,0.587,1.727,1.784,0.5,0.478,3.042,2.863,1.074,1.022,2.456,2.187,0.83,0.793,2.358,2.378,0.554,0.644,3.901,3.532,0.915,0.962,3.98,3.786,1.12,1.026,2.461,2.436,0.942,0.725,
FJ190716-006,bimaculatus,W,PF,DMO,4.977,20.382,2.878,2.962,0.825,0.896,2.47,2.466,0.703,0.672,2.162,2.199,0.566,0.643,3.095,2.972,1.257,1.021,2.955,3.079,1.033,0.785,3.154,,0.804,,3.895,3.829,1.494,1.213,4.449,4.522,1.387,0.915,3.027,2.873,1.118,1.219,
FJ190716-007,bimaculatus,W,PF,DMO,5.675,22.727,3.215,3.087,0.942,0.915,2.644,2.79,0.683,0.815,2.034,2.106,0.648,0.564,3.554,4.302,1.773,1.336,3.32,3.286,1.068,1.131,3.37,3.39,0.831,0.822,,4.298,,1.323,4.646,4.582,1.394,1.574,3.193,3.431,1.209,1.319,
FJ190716-008,bimaculatus,W,CL,DMO,5.141,18.325,,,,,,,,,,,,,,3.117,,1.443,,2.813,,1.081,,2.901,,0.876,3.751,2.912,1.212,0.934,4.457,4.343,1.371,1.47,2.869,2.614,1.272,1.45,
FJ190716-009,impatiens,W,CL,DMO,5.141,18.325,2.643,,0.76,,2.358,,0.665,,1.982,,0.513,,3.329,2.872,1.297,1.163,2.722,2.767,1.025,1.031,2.819,2.754,0.674,0.876,3.894,3.481,1.318,1.1,3.877,4.227,1.252,0.978,2.797,2.998,1.28,1.113,
FJ190716-013,bimaculatus,W,CL,DMO,5.453,21.583,2.943,2.824,0.831,0.78,2.341,2.324,0.828,0.575,2.03,2.065,0.461,0.449,,,,,,,,,,,,,,,,,,,,,,,,,
FJ190718-002,perplexus,W,DY,PF,4.724,18.419,1.813,1.904,0.467,0.507,1.571,1.486,0.449,0.542,1.401,1.307,0.448,0.353,2.302,2.49,0.804,0.832,2.044,2.037,0.785,0.758,1.85,1.91,0.61,0.609,2.664,2.797,0.913,0.784,2.779,2.965,0.975,0.783,1.873,1.934,0.762,0.673,
FJ190718-003,perplexus,W,,DRA,4.625,18.903,,,,,,,,,,,,,,,,,,,,,,,,,3.280771605,,0.733948937,,3.470663035,,1.249488955,,2.222513863,,1.115225942,,
FJ190724-001,vagans,M,CL,PF,3.542,15.492,1.918,1.746,0.619,0.478,1.529,1.542,0.467,0.395,1.556,1.209,0.271,0.263,3.101,,0.827,,1.865,,0.764,,2.086,,0.283,,2.935,2.635,0.633,0.853,2.871,2.709,0.617,0.664,2.124,2.229,0.43,0.576,
FJ190724-002,terricola,W,PF,DY,4.207281652,18.01213246,2.483,,0.793,,2.069,,0.67,,1.913,,0.646,,3.171,3.191,1.087,1.138,2.613,2.469,0.961,1.066,2.743,2.263,0.849,0.753,3.656,3.195,1.26,1.081,3.72,3.823,1.314,1.23,2.108,2.428,1.03,1.092,
FJ190724-003,terricola,W,CL,DMO,5.345313041,17.88439247,2.163,,0.652,,2.153,,0.705,,1.82,1.687,0.643,0.555,3.429,2.951,0.944,1.05,2.781,2.651,0.781,0.861,2.652,2.609,0.75,0.599,3.611,3.374,1.021,0.98,3.936,4.107,1.278,0.842,2.73,3.029,1.215,1.036,
FJ190724-004,bimaculatus,W,PF,DY,4.994,22.591,3.882,3.145,0.771,0.876,2.455,2.542,0.875,0.883,1.954,2.273,0.79,0.738,3.656,,1.351,,3.006,3.914,1.198,1.413,2.976,2.812,1.07,1.287,4.937,4.839,1.154,1.395,4.291,3.001,0.584,1.178,3.213,3.227,0.622,0.83,
FJ190724-006,ternarius,W,PF,DY,3.118410592,15.4935152,2.188,2.11,0.648,0.512,1.785,1.893,0.507,0.475,1.492,1.466,0.469,0.443,2.58,2.597,1.039,0.991,2.043,1.986,0.735,1.018,2.122,2.068,0.523,0.55,2.818,2.763,0.785,1.019,2.908,2.52,1.07,1.142,2.111,2.196,0.901,0.915,
FJ190809-001,ternarius,M,PF,DMO,4.028,16.044,2.774,2.277,0.841,0.856,2.329,2.441,0.722,0.719,2.358,2.339,0.381,0.323,3.369,,1.148,,2.74,,0.85,,2.745,,0.62,,2.98,,0.884,,3.634,,0.902,,2.498,,0.618,,
FJ190809-002,ternarius,W,PF,DMO,3.311960639,13.90488206,1.893,2.07,0.648,0.622,1.646,1.656,0.556,0.5,1.401,1.452,0.419,0.327,2.201,2.603,0.873,0.885,2.12,2.11,0.602,0.609,2.049,1.881,0.545,0.454,2.5,2.764,0.868,0.809,3.112,3.089,0.691,0.833,2.074,2.205,0.669,0.815,
FJ190809-003,borealis,W,DY,DY,5.207,19.825,2.645,2.489,0.724,0.783,1.941,2.017,0.634,0.601,1.562,1.834,0.583,0.604,3.783,3.466,1.073,1.413,2.026,2.543,1.301,1.002,2.762,2.595,0.846,0.787,3.616,3.804,1.019,1.27,4.061,3.968,1.094,1.217,2.59,2.506,0.914,1.001,
FJ190809-004,ternarius,W,PF,DMO,4.100345255,15.47614673,1.598,2.075,0.674,0.544,1.701,2.038,0.661,,1.509,1.051,0.548,0.519,2.442,,1.04,,2.136,,0.942,,2.155,,0.664,,2.946,2.947,0.719,0.905,3.242,3.147,0.946,0.86,2.147,2.166,0.884,0.837,Margins on one forelimb hard to distinguish
FJ190809-005,ternarius,W,DY,PF,4.242421828,15.80833933,1.733,,0.428,,1.514,,0.439,,1.215,,0.357,,2.046,2.251,0.838,0.733,1.966,1.945,0.643,0.514,1.681,1.646,0.538,0.486,2.482,2.463,0.781,0.798,2.453,2.453,0.868,0.732,1.915,1.75,0.671,0.55,
FJ190809-006,ternarius,W,PF,DMO,4.256094505,14.94658535,2.168,,0.656,,1.854,,0.468,,1.537,,0.49,,2.121,2.715,0.975,1.201,2.377,2.474,0.789,0.772,2.219,2.168,0.701,0.64,2.909,3.036,0.959,0.617,3.418,3.253,1.07,0.712,2.031,2.18,0.955,0.813,
FJ190809-007,ternarius,W,DY,PF,4.208,14.294,1.764,1.777,0.48,0.516,1.533,1.507,0.515,0.423,1.216,1.194,0.302,0.322,2.203,2.256,0.887,0.861,1.925,1.981,0.71,0.733,1.663,1.656,0.627,0.557,2.26,2.338,0.791,0.641,2.838,2.846,0.792,0.773,1.637,1.618,0.851,0.632,
FJ190809-008,ternarius,W,DY,PF,4.070088268,13.6186886,1.736,,0.489,,1.467,,0.392,,1.192,,0.284,,1.839,1.837,0.745,0.786,1.979,1.715,0.554,0.608,1.621,1.61,0.401,0.482,2.32,2.147,0.711,0.61,2.526,2.705,0.873,0.44,1.639,1.699,0.73,0.322,
FJ190809-009,ternarius,W,DY,PF,3.469178965,12.51358725,1.617,,0.475,,1.355,,0.345,,1.091,,0.3,,2.489,,0.678,,2.46,,0.605,,1.593,,0.53,,2.504,1.963,0.716,0.632,1.557,2.075,0.549,0.668,1.489,1.613,0.324,0.524,
FJ190809-010,ternarius,W,DY,PF,4.133157768,14.7012227,2.356,,0.832,,1.879,,0.767,,1.703,,0.375,,2.448,2.158,0.902,0.752,1.624,2.67,0.613,0.58,1.747,1.868,0.547,0.678,2.223,,0.814,,2.707,,0.695,,1.835,,0.497,,
FJ190809-012,ternarius,W,DY,PF,3.699214487,14.45128018,1.229,1.751,0.452,0.412,1.401,1.42,0.413,0.337,1.191,1.25,0.313,0.296,2.028,1.93,0.778,0.778,1.787,1.76,0.607,0.625,1.58,1.594,0.412,0.495,2.703,2.381,0.724,0.712,2.593,2.591,0.785,0.777,1.772,1.575,0.619,0.649,
FJ190809-013,ternarius,W,DY,PF,5.161640885,13.88996231,1.8,,0.446,,1.518,,0.514,,1.114,,0.353,,2.277,2.215,0.818,0.829,1.652,1.814,0.627,0.603,1.715,1.53,0.456,0.52,2.082,2.052,0.689,0.692,2.363,2.694,0.523,0.654,1.704,1.451,0.471,0.599,
FJ190814-002,impatiens,M,DY,DY,4.656,17.658,3.796,3.259,0.791,0.74,2.008,2.16,0.561,0.691,1.935,2.139,0.43,0.326,4.19,,1.087,,3.643,,1.141,,3.001,,0.823,,4.19,,1.087,,3.643,,1.141,,3.001,,0.823,,
FJ190814-003,bimaculatus,M,DY,DY,,23.319,,,,,,,,,,,,,4.564,4.388,1.144,1.37,2.746,2.872,1.157,1.132,3.375,3.364,0.691,0.679,4.134,4.93,1.262,1.314,4.353,4.523,1.184,1.122,3.248,3.432,0.876,0.738,
FJ190814-004,bimaculatus,W,PF,DMO,3.51,17.335,,,,,,,,,,,,,2.387,2.391,1.117,0.987,2.222,2.159,0.779,0.891,2.328,2.409,0.64,0.677,3.083,3.231,0.921,0.986,3.251,3.315,1.018,1.28,2.343,2.38,0.967,0.829,
FJ190814-005,bimaculatus,M,DY,DY,4.956,20.185,4.005,3.754,0.896,0.593,2.189,2.097,0.681,0.543,2.099,2.074,0.512,0.385,2.998,2.983,1.369,1.201,2.881,2.57,1.134,1.044,3.157,3.33,0.708,0.783,3.786,3.935,1.122,1.141,4.363,4.309,1.197,1.467,3.139,3.074,0.72,0.567,
FJ190814-006,impatiens,W,PF,DMO,4.875,21.493,2.027,2.374,0.715,0.698,2.028,2.143,0.682,0.711,1.854,1.919,0.686,0.541,,,,,,,,,,,,,3.382,3.439,1.207,1.148,3.637,4.133,1.093,1.029,3.041,2.85,1.258,1.071,
FJ190814-007,impatiens,W,DY,DY,4.78,17.611,2.464,2.372,0.836,0.566,2.093,2.026,0.496,0.649,1.678,1.83,0.579,0.578,3.239,2.786,1.024,1.129,2.351,2.376,0.854,0.802,2.477,2.581,0.776,0.696,4.175,3.375,0.935,0.955,3.751,3.662,1.362,1.45,2.543,2.407,1.114,1.177,
FJ190814-008,impatiens,W,DY,DY,4.821,22.784,2.327,4.087,0.622,0.804,1.936,2.646,0.652,0.742,2.055,2.163,0.691,0.784,3.548,3.754,1.262,1.293,2.882,2.664,1.1,1.207,3.066,2.848,0.914,0.955,3.938,,1.335,,4.232,4.329,1.448,1.637,3.296,3.157,1.316,1.53,
FJ190814-009,bimaculatus,W,PF,DMO,3.616,18.726,2.79,,0.81,,2.227,,0.595,,1.818,,0.626,,2.908,2.727,1.293,1.219,2.642,2.807,0.976,1.038,2.93,2.802,0.772,0.817,3.36,3.705,1.119,1.106,4.17,4.005,1.277,1.055,2.681,2.663,0.992,0.974,
FJ190815-001,vagans,W,DY,PF,4.194049382,18.25465512,1.916,1.69,0.554,0.447,1.641,1.47,0.524,0.501,1.497,1.23,0.405,0.317,2.273,,0.901,,2.03,,0.744,,1.865,,0.578,,2.512,,0.807,,2.762,,0.942,,1.88,,0.875,,
FJ190815-022,impatiens,W,DY,DY,,,3.093,3.652,0.696,0.661,1.947,2.099,0.477,0.587,1.76,1.674,0.537,0.565,2.734,2.862,1.001,1.092,2.399,2.584,0.74,0.852,2.441,2.432,0.63,0.655,3.246,3.121,0.979,1.005,3.423,3.38,1.254,1.352,2.53,2.441,1.293,1,
FJ190822-002,impatiens,W,DY,DY,5.09,23.187,4.033,3.83,0.761,0.667,2.689,2.42,0.604,0.923,1.966,2.158,0.663,0.788,,3.614,,1.653,3.018,3.198,1.189,0.976,2.848,3.054,1.152,0.784,5.123,4.77,1.676,1.284,2.998,4.618,1.418,1.748,5.486,2.722,1.356,1.527,
FJ190822-003,impatiens,W,DY,DY,5.886,22.538,3.864,,0.937,,2.818,,0.832,,2.331,,0.739,,3.479,,1.403,,3.404,,1.119,,3.395,,0.861,,4.744,5.595,1.562,1.063,4.55,,1.565,,3.444,3.884,1.486,1.392,
FJ190822-006,bimaculatus,M,DY,DY,5.267,19.198,2.618,,0.744,,2.229,,0.661,,2.023,,0.392,,3.247,,0.856,,2.402,,0.751,,2.025,,0.435,,3.484,3.985,1.116,1.162,2.875,2.694,0.978,1.03,2.806,3.188,0.729,0.646,
FJ190822-007,bimaculatus,M,PF,DY,5.553,18.795,3.617,3.615,0.671,0.652,2.212,2.584,0.507,0.677,2.122,1.869,0.35,0.417,3.273,3.225,1.159,1.242,3.039,2.804,0.875,0.799,3.327,3.226,0.468,0.545,3.753,4.216,1.182,1.351,4.199,4.313,1.112,1.045,3.32,3.567,1.045,0.804,
FJ190827-001,vagans,W,DY,PF,4.55788866,20.1212617,2.183,2.004,0.629,0.513,1.689,1.695,0.515,0.531,1.502,1.47,0.432,0.462,2.643,2.44,1.113,0.895,2.215,1.977,0.676,0.676,2.116,1.803,0.576,0.58,2.918,3.144,1.003,0.906,3.382,2.966,0.954,1.016,2.022,2.079,0.806,0.933,
FJ190827-002,borealis,W,PF,DMO,5.551664494,23.475,3.127,,1.354,,2.49,,0.691,,1.996,,0.61,,3.451,3.502,1.312,1.245,3.277,3.16,1.056,1.011,3.133,3.132,0.671,0.631,4.885,,1.275,,4.811,,1.189,,3.141,,1.118,,
FJ190827-003,vagans,W,DY,PF,4.728319308,19.58359651,1.846,2.235,0.709,0.669,1.827,1.587,0.646,0.647,1.376,1.507,,0.408,2.636,2.658,1.05,0.985,2.111,2.314,0.949,0.864,2.011,2.115,0.598,0.685,2.842,2.657,0.957,0.865,3.217,2.987,1.113,1.032,1.922,2.187,0.869,1.008,
FJ190827-004,vagans,W,DY,PF,4.578058802,20.80424029,2.158,2.117,0.564,0.568,1.564,1.737,0.454,0.504,1.428,1.365,0.421,0.416,,,,,,,,,,,,,2.621,3.15,0.785,0.897,3.062,3.127,0.798,1.063,2.276,2.116,0.906,0.977,
FJ190827-005,borealis,W,DY,DY,5.561463982,24.94417327,,,,,,,,,,,,,,,,,,,,,,,,,3.616,3.804,1.019,1.27,4.061,3.968,1.094,1.217,2.59,2.506,0.914,1.001,
FJ190827-006,cf bimaculatus,M,DY,DY,4.124395485,17.94805379,3.922,3.667,0.652,0.784,,2.285,,0.574,2.835,2.043,0.427,0.502,2.971,3.273,1.217,1.391,3.013,2.676,1.063,1.083,3.257,3.261,0.502,0.587,3.932,4.166,1.224,1.021,4.079,4.353,1.13,0.913,3.049,3.111,0.763,0.696,
FJ190827-007,borealis,W,PF,DMO,5.575,19.273,2.904,2.977,1.101,0.789,2.436,2.488,0.746,0.732,2.083,2.196,0.702,0.701,3.46,3.154,1.372,1.301,3.063,2.986,0.998,1.1,3.049,3.25,0.638,0.79,3.911,,1.194,,4.268,,1.423,,3.185,,1.322,,
FJ190827-008,impatiens,M,DY,DY,3.308709235,15.16810773,,,,,1.955,,0.585,,1.661,,0.414,,,2.563,,1.112,2.49,2.648,0.866,0.826,2.918,2.728,0.547,0.587,3.514,4.053,0.879,0.914,3.739,3.614,0.891,0.936,2.967,2.592,0.538,0.779,
FJ190827-009,borealis,W,PF,DMO,4.507,19.801,2.784,2.579,0.864,0.791,2.398,2.144,0.691,0.732,1.73,1.797,0.618,0.628,3.027,,1.264,,2.761,,1.023,,2.536,,0.568,,3.798,4.529,1.143,1.167,4.229,4.158,1.221,1.283,2.818,2.778,1.141,1.011,
FJ190827-013,bimaculatus,W,DY,DY,4.783,21.404,2.783,2.828,0.849,0.654,2.326,2.343,0.612,0.766,2.152,2.153,0.691,0.634,2.723,3.445,1.205,1.305,2.896,2.456,1.14,1.348,2.617,2.959,0.957,1.066,4.152,3.156,1.114,1.279,3.983,4.12,1.439,1.285,3.05,2.652,1.13,1.326,
FJ190827-014,impatiens,W,DY,DY,4.804,17.507,3.213,3.172,0.61,0.612,2.017,2.082,0.492,0.701,1.741,1.799,0.522,0.591,3.805,2.965,1.152,0.999,2.544,2.574,0.739,0.936,2.573,2.427,0.675,0.766,4.09,3.372,0.996,1.085,4.13,3.796,1.365,1.292,2.558,2.716,1.081,1.147,
FJ190827-015,impatiens,W,DY,DY,4.49,18.872,2.577,3.36,0.805,0.892,2.174,2.302,0.671,0.675,2.017,1.813,0.524,0.671,3.413,3.026,1.109,0.953,2.307,2.178,0.914,1.069,2.49,2.463,0.772,0.96,4.496,3.679,1.117,1.176,3.776,3.987,1.217,1.123,2.706,2.541,1.139,1.09,
FJ190827-016,impatiens,W,DY,DY,4.533,16.274,3.022,3.053,0.609,0.502,1.892,1.987,0.616,0.603,1.802,1.839,0.601,0.63,2.895,,1.044,,2.427,,0.839,,2.558,,0.671,,4.029,3.171,1.011,0.971,3.796,3.844,1.265,1.387,2.665,2.558,1.152,1.147,
FJ190827-017a,borealis,W,DY,DY,4.891,21.755,3.602,,0.839,,2.177,,0.749,,1.719,,0.627,,2.979,,1.356,,2.613,,0.973,,2.781,,0.804,,2.979,3.195,1.356,1.27,2.613,3.999,0.973,1.239,2.781,2.526,0.804,0.936,
FJ190827-017b,ternarius,W,DY,PF,4.135707709,17.09948063,2.022,2.002,0.571,0.659,1.693,1.591,0.47,0.452,1.335,1.409,0.382,0.409,2.498,2.223,0.619,0.794,2.179,1.911,0.834,0.814,1.629,1.91,0.581,0.567,2.396,2.43,0.856,0.903,2.842,2.93,0.97,0.949,1.907,1.93,0.857,0.922,
FJ190827-018,ternarius,W,DY,PF,4.501412065,18.26159722,,,,,1.434,1.784,0.445,0.443,1.282,1.346,0.359,0.311,2.393,2.58,0.933,0.893,2.084,2.194,0.716,0.798,1.913,1.908,0.564,0.428,3.133,2.947,0.775,0.811,2.834,2.761,0.877,0.957,1.742,1.889,0.589,0.861,
FJ190827-019,ternarius,W,DY,PF,4.249313281,18.31611267,1.541,1.746,0.439,0.531,1.62,1.602,0.463,0.461,1.288,1.061,0.372,0.329,2.411,2.285,0.879,0.952,2.092,2.009,0.654,0.658,1.944,1.801,0.46,0.544,2.547,2.661,0.746,0.897,2.837,2.999,0.808,0.773,2.017,1.877,0.736,0.65,
FJ190828-001,impatiens,W,DY,DY,4.867,19.483,3.767,3.407,0.72,0.764,2.207,2.204,0.633,0.679,1.891,2.095,0.665,0.618,3.165,2.923,1.14,1.26,2.567,2.648,0.901,0.917,2.722,2.777,0.679,0.616,4.245,4.275,1.06,1.236,3.932,4.037,1.372,1.854,2.761,2.409,1.503,1.445,
FJ190828-002,impatiens,W,DY,DY,5.389,22.819,2.885,3.87,0.664,0.772,2.387,2.336,0.828,0.87,2.012,2.118,0.823,0.622,3.248,3.839,1.396,1.261,3.153,2.898,1.313,1.518,2.829,2.957,1.089,1.044,3.925,3.735,1.435,1.381,4.957,4.429,1.293,1.219,3.053,2.87,1.244,1.381,
FJ190828-003,impatiens,W,DY,DY,5.532358258,16.20993943,,,,,,,,,,,,,4.245,4.275,1.06,1.236,3.932,4.037,1.372,1.854,2.761,2.409,1.503,1.445,4.825,5.27,1.297,1.25,4.486,4.792,1.417,1.64,3.188,3.54,1.43,1.365,
FJ190828-004,bimaculatus,M,DY,DY,4.488,19.222,2.987,2.987,0.927,0.927,2.174,2.174,0.667,0.667,2.058,2.058,0.467,0.467,3.229,3.003,1.547,1.4,2.905,2.913,1,1.054,3.058,2.986,0.828,0.804,3.628,3.767,1.006,1.104,3.873,3.954,1.283,0.969,3.171,2.729,0.898,0.791,
FJ190905-001,impatiens,W,DY,DY,4.196,17.538,,2.222,,0.79,,1.731,,0.682,2.222,,0.79,,,,,,1.998,1.816,1.001,0.663,2.324,1.761,0.805,0.631,2.826,,0.951,,3.683,3.626,1.737,1.41,2.413,2.395,0.723,1.429,
FJ190905-002,impatiens,W,DY,DY,4.917,19.592,2.866,2.416,0.808,0.846,2.494,2.923,0.636,0.766,2.085,,0.615,,3.035,,1.349,,2.713,2.798,0.976,0.954,3.033,3.015,0.861,0.791,3.706,3.757,1.144,1.071,4.116,4.12,1.322,0.953,3.169,2.449,1.322,0.955,
FJ190905-003,impatiens,W,PF,DMO,4.871,16.609,2.227,2.549,0.654,0.784,2.353,2.237,0.654,0.678,1.503,1.921,0.569,0.649,2.815,2.894,1.087,1.064,2.645,2.565,0.978,1.059,2.779,2.861,0.69,0.827,3.732,3.544,1.149,1.109,3.994,3.953,0.995,1.327,2.837,2.55,1.162,1.295,
GFO190709-001,borealis,Q,PF,DY,,,3.675,3.982,1.165,1.186,2.937,3.035,0.927,0.983,2.479,2.605,0.973,0.892,4.441,4.488,1.887,1.614,3.437,3.61,1.472,1.46,3.878,3.766,1.04,1.025,5.4,5.214,1.587,1.674,5.507,5.631,1.877,2,3.707,3.599,1.312,1.393,
GSM220614-001,vagans,W,MEM,MEM,4.393601375,14.98672219,2.24784447,,0.752917238,,1.667406629,,0.626325496,,1.76331844,,0.367238771,,2.679066765,,1.023514227,,2.342613718,,0.734858396,,2.498594718,,0.751801123,,3.221741844,,0.941096296,,3.687230448,,1.03148043,,2.665980188,,1.03148043,,
HFN190709-001,vagans,W,CL,PF,5.187088882,21.2387502,3.34,3.033,1.037,0.661,2.246,2.082,0.755,0.534,,1.499,,0.459,3.038,,1.034,,2.536,,1.115,,2.5,2.468,0.753,0.863,3.242,2.987,1.033,0.954,3.549,3.878,1.211,1.001,2.4,,1.024,,
HHW230629-001,vagans,W,MEM,MEM,3.639758217,19.0642442,3.153201525,,0.844772121,,2.436375917,,0.689687346,,1.998883788,,0.4431705,,3.462632658,,1.19024259,,2.979215561,,1.263082577,,3.2410102,,0.758703591,,4.160316661,,1.192841361,,4.715406015,,1.394675383,,3.28035238,,1.150682893,,
JAL230713-001,borealis,W,MEM,MEM,,,3.504075588,,0.918240149,,3.093785866,,1.034047824,,2.591198852,,0.443742874,,4.477790699,,1.696917932,,4.133100516,,1.566673359,,3.922927455,,0.610338206,,4.986809263,,1.703411979,,5.803951352,,1.779522444,,3.488047847,,1.431036965,,
JAL230713-002,vagans,W,MEM,MEM,3.511367239,11.9512451,1.987856638,,0.647529397,,1.504619678,,0.507983272,,1.307396245,,0.265722102,,2.217165133,,0.954976911,,2.029944594,,0.604337334,,1.942560726,,0.334852474,,2.518037434,,0.859452304,,3.013754665,,0.933823072,,1.984637695,,0.914229267,,
JAL230713-003,vagans,W,MEM,MEM,,,2.052396168,,0.651956005,,1.605254917,,0.574861581,,1.451044721,,0.353724843,,2.516772111,,0.944839022,,2.344990961,,0.917858109,,2.156444817,,0.587217826,,2.702414671,,0.92941907,,3.103568276,,1.079124441,,2.290591462,,0.945468843,,
JL190619-003,ternarius,Q,CL,CL,6.293,27.034,2.334,2.497,0.732,0.651,2.237,2.162,0.704,0.744,1.865,1.967,0.727,0.668,3,2.35,1.041,1.009,2.859,,0.938,,2.908,2.624,0.777,0.989,3.144,3.231,1.023,1.135,4.177,4.087,1.077,1.333,2.97,2.599,1.093,0.762,
JL190627-001,bimaculatus,W,DY,DY,3.832,13.861,2.304,2.291,0.738,0.749,1.848,1.644,0.566,0.723,1.592,1.467,0.496,0.644,2.502,,1.026,,2.231,2.051,0.791,0.874,2.217,2.149,0.717,0.627,2.614,2.722,0.785,0.924,3.196,2.896,0.674,0.609,1.897,1.867,0.739,0.763,
JL190627-002,impatiens,W,CL,CL,4.002,15.244,2.207,2.206,0.613,0.703,1.861,1.953,0.509,0.613,1.703,1.962,0.459,0.72,3.033,2.839,0.899,0.891,2.548,2.555,0.824,0.836,,,0.76,,3.252,3.179,0.824,0.975,,3.544,1.068,1.092,,2.161,,0.908,
JL190703-001,vagans,Q,DY,PF,5.19,21.859,2.303,,0.65,,1.921,,0.612,,1.433,,0.464,,2.959,2.426,0.781,0.9,2.324,1.948,0.88,0.763,2.254,2.294,0.706,0.621,2.852,3.094,0.902,0.849,3.45,3.513,0.923,1.181,2.25,2.226,0.859,0.765,
JL190703-003,bimaculatus,W,DY,DY,3.778,17.016,,,,,1.74,,0.604,,1.445,,0.415,,2.47,2.491,1.158,0.848,2.021,2.296,0.925,0.963,2.148,2.276,0.695,0.585,3.132,2.856,0.965,1.109,3.003,2.961,0.953,0.805,1.983,2.146,0.917,0.631,
JL190703-004a,bimaculatus,W,DY,DY,4.23,16.349,2.395,2.552,0.78,0.731,2.172,2.008,0.739,0.743,1.968,1.915,0.724,0.679,,3.101,,1.296,2.588,,1.052,,2.705,,0.914,,3.601,,1.35,,2.432,3.457,1.203,1.501,2.553,2.645,1.153,0.96,
JL190703-004b,vagans,W,DY,DY,4.305259534,16.75474852,2.084,,0.665,,1.721,,0.609,,1.408,,0.461,,2.53,,1.013,,2.159,,0.818,,2.027,,0.597,,2.827,,0.896,,3.124,,1.04,,2.265,,0.712,,
JL190703-005,ternarius,W,CL,CL,4.042851311,17.13522261,,,,,,,,,,,,,2.499,2.727,1.078,1.179,2.426,2.416,0.916,0.866,2.256,2.274,0.642,0.588,3.523,3.113,0.914,0.951,3.344,3.309,1.092,0.699,2.708,2.57,1.048,0.699,
JL190703-006,ternarius,W,CL,CL,3.670808725,19.99203011,2.2,,0.618,0.481,1.896,1.989,0.573,0.596,,1.541,0.504,0.403,2.363,2.568,1.093,0.975,2.293,2.306,0.745,0.826,2.19,,0.524,,2.812,3.262,0.81,1.064,3.456,3.163,0.886,0.94,,2.249,0.818,0.787,
JL190703-007,bimaculatus,W,DY,DY,4.382,19.435,2.48,2.576,0.784,0.807,2.139,2.152,0.635,0.615,2.529,2.032,0.646,0.597,3.86,2.852,1.305,1.022,2.489,2.488,1.087,0.979,2.604,2.555,0.751,0.79,3.595,3.428,1.205,1.19,3.702,3.879,1.241,1.365,2.469,2.408,0.981,1.092,
JL190703-008,bimaculatus,W,CL,CL,4.687,20.537,2.417,,0.677,,2.333,,0.744,,1.844,,0.715,,3.414,,1.048,,2.793,2.7,1.045,1.123,2.794,2.708,0.612,0.909,3.718,3.459,1.202,0.852,3.844,3.919,0.939,1.066,2.884,2.787,1.095,1.123,
JL190703-009,terricola,W,CL,CL,5.502543927,16.73642106,2.426,2.667,0.741,0.769,2.327,2.291,0.797,0.563,1.992,1.863,0.674,0.625,3.104,3.129,1.146,1.23,3.144,2.769,0.917,1.072,,,0.808,0.88,2.695,3.742,1.006,1.204,4.251,3.791,0.939,1.079,3.255,2.964,1.16,1.045,
JL190703-010,terricola,W,CL,CL,4.718791544,18.94342794,2.154,,0.674,,2.181,,0.674,,,,0.616,,2.666,,0.791,,2.292,,0.726,,2.056,,0.711,,3.862,,1.163,,4.248,,1.366,1.43,3.047,,1.246,1.142,
JL190703-011,ternarius,W,CL,CL,3.310388184,16.55741627,2.01,,0.615,,1.778,,0.698,,1.586,,0.604,,2.384,2.592,0.964,0.895,2.118,2.377,0.853,0.757,2.072,2.091,0.546,0.621,2.841,,0.815,,3.3,3.141,0.831,1.036,2.363,1.999,0.836,0.981,
JL190703-012,bimaculatus,W,DY,DY,4.266742429,17.05137942,3.699,,0.739,,2.373,2.065,0.634,0.761,2.065,1.888,0.631,0.61,,,,,,,,,,,,,4.243,3.678,1.205,1.698,3.901,4.17,1.097,1.265,2.86,2.596,1.002,0.963,
JL190703-013,bimaculatus,W,DY,PF,3.703,16.239,1.595,,0.559,,1.557,,0.408,,1.212,,0.416,,2.182,1.942,0.821,0.773,1.932,1.786,0.661,0.803,1.895,1.767,0.578,0.513,2.368,2.56,0.835,0.855,2.683,2.7,0.888,0.973,2.044,1.807,0.777,0.704,
JL190709-003,vagans,W,DY,PF,,,1.672,1.303,0.41,0.387,1.264,1.413,0.408,0.508,1.079,1.626,0.331,0.417,2.041,,0.625,,1.631,,0.648,,1.583,,0.428,,2.043,2.004,0.699,0.693,2.401,2.43,0.649,0.931,1.731,1.723,0.672,0.639,
JL190710-001,perplexus,W,DY,PF,4.421286347,20.69498476,1.946,1.624,0.59,0.522,1.584,1.296,0.423,0.45,1.346,1.391,0.325,0.411,2.339,,0.853,,1.921,2.038,0.743,0.752,2.028,2.026,0.587,0.598,2.752,2.422,0.843,0.805,3.012,2.875,1.248,0.842,2.072,1.978,1.021,0.893,
JL190710-002,impatiens,W,CL,CL,4.654,17.04,2.25,,0.7,0.485,1.968,2.118,0.711,0.747,1.77,,0.677,0.546,2.591,2.984,0.993,1.087,2.412,2.312,0.93,0.869,2.27,2.566,0.611,0.668,3.24,3.251,0.962,0.994,3.227,3.415,0.959,0.97,2.714,2.511,1.124,1.092,
JL190710-005,vagans,W,DY,PF,,,,,,,,,,,,,,,,,,,,,,,,,,,3.177,2.735,0.855,0.897,3.465,3.307,1.245,1.148,2.229,2.285,0.792,0.732,
JL190711-001,ternarius,W,CL,CL,3.664677013,16.55421453,,,,,,,,,,,,,2.681,2.859,0.866,1.049,2.291,2.366,0.86,0.934,2.204,2.198,0.781,0.599,2.909,2.969,1.057,1.063,3.35,3.09,1.194,1.086,2.389,2.54,0.793,0.951,
JL190711-002,ternarius,W,CL,CL,4.443,18.35,2.119,,0.618,0.546,1.947,1.837,0.569,0.689,,1.617,0.611,0.512,2.345,2.714,1.046,0.96,2.33,2.225,0.69,0.795,2.14,,0.504,,3.126,2.756,0.909,0.854,3.42,3.397,0.831,0.869,2.162,2.047,0.83,0.822,
JL190711-003,terricola,W,MEM,MEM,4.315631366,13.10491071,2.227011765,,0.661788446,,1.872622095,,0.509989747,,1.732423863,,0.300112351,,2.696020826,,1.112221487,,2.502172474,,0.855064138,,2.384051674,,0.427777495,,3.438456252,,1.015894514,,3.656514514,,1.294360292,,2.168464033,,0.872418482,,
JL190711-004,terricola,W,CL,CL,5.257,20.198,,,,,,,,,,,,,3.082,3.602,1.018,1.201,3.226,2.703,0.801,1.197,2.846,2.919,0.734,0.865,3.52,3.742,1.113,1.3,4.44,4.548,1.03,1.275,2.964,2.9,0.991,1.35,
JL190711-005,terricola,W,CL,CL,4.720923671,22.71402858,2.622,2.595,0.635,0.654,2.161,1.928,0.723,0.599,2.127,1.807,0.678,0.646,2.97,3.071,0.945,1.181,2.757,2.603,0.853,0.906,2.445,2.527,0.76,0.703,3.733,4.218,1.078,0.982,4.014,4.081,1.152,1.234,2.617,2.579,0.861,1.157,
JL190711-006,terricola,W,CL,CL,4.685130041,17.8666108,2.676,,0.699,,2.188,,0.805,,2.011,,0.743,,3.097,3.366,1.194,1.068,2.818,2.789,1.112,1.192,2.681,2.236,0.842,0.654,3.455,3.52,0.981,1.139,4.271,4.186,1.539,1.179,2.776,2.604,1.42,1.229,
JL190711-007,bimaculatus,W,MEM,MEM,4.301403172,15.13310399,2.212521031,,0.662941655,,1.895712347,,0.608835821,,1.688890095,,0.500027137,,2.999251018,,1.08531886,,2.406664858,,0.901014925,,2.245476255,,0.674833107,,3.064998643,,1.1207327,,3.775478969,,1.428390773,,2.487055631,,1.215158752,,
JL190711-008,vagans,M,CL,CL,4.345,16.612,2.099,,0.739,,1.873,,0.635,,1.614,,0.508,,2.719,3.066,0.918,0.973,2.567,2.659,0.802,0.836,2.43,2.69,0.366,0.467,2.903,,0.926,0.948,3.659,3.429,1.048,1.005,2.71,2.861,0.786,0.677,
JL190716-001,ternarius,W,CL,CL,3.739446411,15.73362433,2.099,,0.481,,1.793,,0.594,,1.695,,0.569,,2.658,2.854,0.869,0.943,2.162,2.38,0.577,0.884,2.108,2.064,0.581,0.69,2.895,2.686,0.872,0.805,3.155,3.373,1.066,0.948,2.431,2.172,1.066,0.957,
JL190716-002,ternarius,W,CL,CL,3.820895522,15.21150733,1.637,2.119,0.546,0.435,1.877,1.783,0.558,0.394,1.523,1.456,0.491,0.45,2.581,,0.963,0.699,2.177,2.088,0.791,0.72,1.987,2.007,0.479,0.569,2.991,2.63,0.891,0.801,2.903,3.291,1.092,0.912,2.164,2.071,0.873,0.974,
JL190716-003,vagans,W,CL,CL,3.715591025,14.96202854,1.856,1.916,0.579,0.495,1.57,1.51,0.579,0.395,1.415,,0.532,,2.305,2.708,0.863,0.897,1.877,2.137,0.626,0.844,1.96,1.957,0.411,0.423,2.408,2.097,0.851,0.685,3.008,2.606,0.817,0.969,2.134,2.121,0.672,0.924,
JL190716-004,impatiens,W,CL,CL,4.095,15.643,2.115,1.937,0.483,0.742,1.956,1.884,0.503,0.626,1.942,1.634,0.531,0.587,2.435,,0.81,,2.504,,0.811,,2.086,,0.615,,2.713,2.762,0.907,0.932,3.35,3.266,0.562,1.071,2.538,2.481,0.894,1.028,
JL190716-005a,bimaculatus,W,CL,CL,3.739,14.166,1.872,1.848,0.461,0.471,1.601,1.613,0.396,0.441,1.303,1.307,0.435,0.502,2.637,,0.907,0.822,2.007,1.879,0.694,0.632,1.917,2.04,0.417,0.456,2.442,2.455,0.664,0.722,2.828,2.919,0.731,0.692,1.934,2.018,0.731,0.775,
JL190716-006,ternarius,W,CL,CL,4.026626016,18.77887119,,,,,,,,,,,,,2.687,2.506,1.014,1.01,2.319,2.297,0.702,0.812,2.168,2.335,0.666,0.498,3.596,2.915,0.809,0.897,3.217,3.285,0.817,0.986,2.164,2.45,0.755,0.897,
JL190716-007,ternarius,W,CL,CL,3.496858609,16.17474716,1.837,,0.565,,1.684,,0.605,,,,,,1.931,,0.775,,2.131,,0.795,,2.136,,0.619,,2.336,,0.821,,2.948,3.073,0.966,0.87,1.885,1.921,0.881,0.882,
JL190716-008,ternarius,W,CL,CL,3.983727938,15.80038517,2.255,,0.611,,1.914,,0.616,,1.526,,0.494,,2.367,2.57,0.915,0.883,2.211,2.251,0.722,0.839,2.153,2.091,0.417,0.565,2.896,3.006,0.809,0.746,3.176,3.317,0.734,1.043,1.953,2.286,0.787,0.688,
JL190716-009,ternarius,W,CL,CL,4.842972418,20.16493871,1.44,1.601,0.451,0.483,1.514,1.393,0.602,0.49,1.334,1.101,0.365,0.46,2.065,,0.58,,1.438,1.698,0.619,0.56,1.608,1.421,0.424,0.472,1.993,,0.639,,2.422,2.497,0.924,0.856,1.469,1.574,0.646,0.751,
JL190716-010,bimaculatus,M,CL,CL,4.843,20.165,2.806,2.644,0.763,0.817,2.394,2.047,0.659,0.59,1.987,2.279,0.502,0.523,3.079,3.337,1.063,1.135,2.958,2.876,0.881,1.019,3.073,3.31,0.675,0.666,3.698,3.743,0.796,1.031,4.527,3.946,0.875,1.122,3.328,3.364,0.77,0.867,
JL190716-011,impatiens,W,CL,CL,4.784,19.024,2.071,2.166,0.599,0.587,2.021,2.025,0.735,0.659,1.638,1.829,0.641,0.477,3,2.805,1.091,,2.543,2.492,0.967,0.76,2.639,2.45,0.625,0.75,3.33,3.406,0.924,0.891,3.357,3.593,1.252,1.21,2.586,2.796,1.076,1.187,
JL190716-012,impatiens,W,CL,CL,4.413,17.944,2.145,2.265,0.596,0.467,2.103,2.14,0.571,0.568,,1.859,0.467,0.604,2.673,2.61,1.075,1.059,2.52,2.693,0.889,0.859,2.419,2.384,0.704,0.649,,3.711,1.002,0.883,3.643,3.819,1.362,1.078,2.716,2.721,1.295,1.236,
JL190718-002,vagans,M,DY,PF,4.111,17.049,1.901,1.839,0.487,0.492,1.374,1.621,0.384,0.389,1.327,1.178,0.244,0.234,2.305,2.394,0.613,0.768,1.806,1.727,0.545,0.661,2.007,2.067,0.362,0.319,2.645,2.67,0.634,0.612,2.368,2.732,0.761,0.5,2.113,2.049,0.53,0.34,
JL190724-002,ternarius,W,CL,CL,4.415349985,15.25223119,2.155,,0.506,,2.146,,0.531,,,,0.465,,2.82,2.695,1.106,1.199,2.27,2.322,1.006,0.907,2.153,2.414,0.688,0.709,3.224,3.046,1.121,0.866,3.619,3.604,1.11,0.942,2.323,2.477,0.924,0.731,
JL190724-003,bimaculatus,W,CL,CL,4.657,18.392,2.003,,0.498,0.555,2.121,2.182,0.718,0.663,1.815,1.943,0.602,0.657,3.711,,1.337,,2.571,,1.026,,2.772,,0.796,,3.514,3.49,1.096,0.837,3.662,3.99,1.247,0.974,2.901,2.794,1.203,0.933,
JL190724-004,ternarius,W,CL,CL,3.95985727,16.12122515,2.25,2.001,0.679,0.615,1.955,1.984,0.657,0.645,1.798,1.729,0.683,0.539,2.739,2.663,0.954,1.053,2.304,2.438,1.058,0.907,2.34,2.538,0.581,0.578,3.487,,0.616,,2.862,,0.689,,2.787,,0.688,,
JL190724-005,ternarius,W,CL,DMO,3.351557083,15.71945997,2.232,,0.559,,1.966,,0.54,,1.65,,0.439,,2.698,2.394,0.918,1.051,2.403,2.285,0.739,0.75,1.949,2.255,0.576,0.603,3.098,2.796,0.914,0.94,3.227,3.472,1.072,1.037,2.103,2.395,0.785,0.652,
JL190724-006,vagans,W,CL,DMO,3.794047963,17.40393428,1.988,,0.627,,1.874,,0.514,,1.491,,0.35,,2.841,2.652,0.931,0.889,2.464,1.891,0.901,0.961,2.269,2.212,0.696,0.629,2.697,3.15,1.013,0.973,3.558,3.307,1.114,0.947,2.265,2.243,0.698,0.897,
JL190731-001,impatiens,W,CL,DMO,4.298,16.8,2.095,,0.637,,2.024,,0.622,,1.659,,0.461,,2.906,,0.971,,2.35,,0.91,,2.168,,0.679,,2.976,3.699,0.99,0.929,3.353,3.513,0.949,1.091,2.577,2.363,0.851,1.048,
JL190731-002,impatiens,W,CL,DMO,4.933,18.322,2.606,,0.71,,2.102,,0.643,,1.869,,0.584,,3.24,3.281,1.337,1.218,2.536,2.544,1.042,0.898,2.529,2.583,0.731,0.736,3.365,3.655,1.11,0.96,3.683,3.919,1.446,1.291,2.757,3.01,1.275,1.145,
JL190731-003,impatiens,W,CL,DMO,5.028,19.64,2.11,2.581,0.686,0.857,2.233,2.257,0.655,0.641,1.925,2.19,0.674,0.525,3.062,3.477,1.072,0.851,2.499,2.569,0.961,1.013,2.56,2.734,0.772,0.876,3.46,3.523,1.024,1.137,3.954,4.025,1.145,1.289,2.808,2.954,1.068,1.196,
JL190731-004,bimaculatus,W,CL,DMO,5.139,19.413,2.86,2.924,0.916,0.553,2.521,,0.664,,1.935,,0.59,,3.17,3.058,1.254,1.183,2.906,2.807,1.218,1.127,3.039,2.964,0.907,0.843,3.864,3.867,1.031,1.161,4.215,3.823,1.212,1.196,3.12,3.17,1.135,1.18,
JL190731-005,bimaculatus,W,CL,DMO,4.693,18.362,2.177,,0.779,,2.085,,0.637,,1.78,,0.47,,,2.675,,1.155,2.255,2.554,1.097,0.972,2.658,2.449,0.824,0.707,3.566,3.459,1.058,0.699,3.891,3.792,0.981,0.963,2.474,2.624,0.964,0.808,
JL190806-001,vagans,M,DY,PF,5.057,18.824,2.271,,0.621,,1.778,1.631,0.41,0.596,1.541,1.748,0.388,0.37,2.596,2.626,1.022,0.987,2.277,2.353,0.795,0.816,2.344,2.47,0.506,0.584,3.088,3.082,0.973,1.092,3.457,3.419,0.71,0.907,2.225,2.707,0.595,0.71,
JL190806-002,bimaculatus,M,DY,DY,4.674,19.663,2.494,2.722,0.739,0.711,2.025,2.171,0.529,0.585,2.273,2.674,0.351,0.448,3.224,3.654,1.265,0.96,2.98,2.567,0.71,1.002,3.324,3.19,0.67,0.661,3.844,3.973,1.198,1.071,4.158,4.125,1.152,1.134,3.07,3.02,0.723,0.723,
JL190806-004,bimaculatus,W,PF,DMO,4.297,19.267,2.417,2.207,0.83,0.677,2.114,2.056,0.688,0.674,1.927,1.895,0.51,0.406,2.581,2.982,0.995,0.852,2.525,3.718,0.805,0.717,2.493,2.721,0.773,0.774,3.624,,0.98,,3.92,,1.264,,2.589,,1.103,,
JL190806-005,impatiens,W,DY,DY,4.924,21.444,3.388,3.403,0.72,0.682,2.308,2.25,0.783,0.6,1.873,1.937,0.565,0.761,3.076,3.1,1.245,1.284,2.912,2.75,0.848,1.033,2.839,2.844,0.844,0.701,3.557,4.083,1.031,1.291,4.239,4.44,1.351,1.354,2.703,2.689,1.401,1.339,
JL190806-006,impatiens,W,DY,DY,4.263,17.707,3.795,3.106,,0.677,,2,,0.585,,1.75,,0.632,2.612,2.526,1.311,0.622,2.517,2.048,0.923,0.544,2.49,1.908,0.696,0.675,2.612,2.526,1.042,1.311,2.377,2.517,0.718,0.923,2.61,2.49,0.718,0.696,
JL190806-007,impatiens,W,DY,DY,,21.907,3.775,,0.736,,2.689,,0.78,,2.232,,0.63,,3.321,3.268,1.361,1.071,2.985,3.1,1.069,1.247,2.959,2.681,1.022,0.982,4.058,4.016,1.033,1.158,4.299,4.54,1.499,1.2,3.338,3.084,1.713,1.637,
JL190806-008,bimaculatus,W,DY,DY,4.767,19.691,3.304,3.717,0.764,0.751,1.995,2.181,0.711,0.812,1.926,1.664,0.517,0.591,2.902,3.389,1.357,1.168,2.466,2.889,1.03,1.1,2.435,2.217,0.756,0.654,4.569,3.74,0.908,1.108,3.806,3.726,1.119,1.368,2.435,2.548,1.023,1.109,
JL190809-001,ternarius,W,DY,PF,3.54655647,14.08792134,1.7,1.788,0.512,0.527,1.226,1.401,0.484,0.407,1.117,1.157,0.398,0.271,2.403,2.063,0.859,0.813,1.591,1.767,0.677,0.607,1.586,1.447,0.359,0.498,2.318,1.986,0.777,0.67,2.555,2.398,0.721,0.542,1.633,1.687,0.438,0.501,
JL190809-002,ternarius,W,PF,DMO,3.842310846,16.64336896,,,,,,,,,,,,,2.404,2.425,1.059,1.036,2.501,1.995,0.835,0.836,2.196,2.288,0.671,0.627,2.857,3.453,0.992,0.98,3.147,3.364,0.773,0.946,2.297,2.411,0.966,0.953,
JL190809-003,vagans,W,DY,DY,4.117207916,16.33525713,2.174,2.096,0.726,0.718,1.608,1.858,0.631,0.683,,,,,2.541,2.78,0.883,1.033,2.332,2.309,0.833,0.827,2.413,2.508,0.832,0.675,3.213,3.013,1.044,0.861,3.53,3.609,1.074,0.957,2.554,2.255,0.938,0.759,
JL190809-004,ternarius,W,DY,DY,3.717006783,15.09278439,2.209,,0.697,,1.737,1.779,0.585,0.67,1.588,1.493,0.54,0.486,2.38,2.386,1.148,1.138,1.98,2.373,0.856,0.692,2.237,1.97,0.635,0.538,2.882,2.894,0.981,0.965,3.411,3.128,1.028,1.082,1.865,2.171,0.848,0.957,
JL190809-005,vagans,W,PF,DMO,4.207972083,17.80338638,2.227,2.178,0.646,0.602,1.991,2.005,0.529,0.562,1.576,1.529,0.412,0.433,2.655,2.889,0.949,0.971,2.33,2.246,0.759,0.826,2.299,2.314,0.493,0.501,3.155,3.641,0.925,0.962,3.465,3.596,1.098,1.222,2.269,2.319,0.919,1.028,
JL190809-006,ternarius,W,DY,PF,3.891659445,17.38042159,1.877,,0.514,,1.522,,0.47,,1.134,,0.361,,1.773,1.888,0.833,0.55,1.859,1.871,0.558,0.723,1.832,1.885,0.472,0.564,2.316,2.447,0.775,0.887,2.8,2.859,0.824,1.015,1.959,1.882,0.689,0.666,
JL190809-007,ternarius,W,DY,PF,3.397214956,13.43358148,1.942,1.472,0.45,0.448,1.324,1.336,0.398,0.355,1.062,1.035,0.302,0.286,2.373,1.892,0.71,0.786,1.739,1.601,0.499,0.531,1.505,1.391,0.413,0.434,2.041,2.206,0.667,0.6,2.057,2.319,0.793,0.764,1.676,1.665,0.613,0.693,
JL190809-008,ternarius,M,DY,PF,3.945,16.841,1.954,1.805,0.523,0.482,1.513,1.5,0.436,0.377,1.224,1.078,0.283,0.285,2.035,2.291,0.79,0.786,1.808,2.016,0.726,0.704,1.995,2.127,0.485,0.36,2.223,2.677,0.773,0.807,2.699,2.813,0.855,0.755,2.227,1.828,0.691,0.599,
JL190809-009,ternarius,W,DY,PF,3.61,14.125,1.612,1.643,0.471,0.515,1.338,1.375,0.437,0.39,1.16,1.066,0.398,0.305,2.094,2.156,0.597,0.7,2.383,2.361,0.604,0.89,1.575,1.679,0.442,0.565,2.196,2.244,0.615,0.7,2.451,2.543,0.651,0.854,1.323,1.531,0.417,0.613,
JL190809-010,bimaculatus,M,DY,DY,5.013,20.075,2.348,3.614,1.28,0.936,2.901,2.337,0.84,0.696,2.557,,0.687,,4.521,4.456,1.241,1.335,2.926,3.255,1.41,1.111,3.41,3.58,0.627,0.791,4.926,5.013,1.304,1.314,4.426,4.596,1.464,1.377,3.417,3.113,0.938,1.016,
JL190809-011,bimaculatus,M,DY,DY,4.489,18.512,3.176,3.295,0.88,0.696,2.23,1.993,0.597,0.7,2.553,1.981,0.47,0.543,2.712,,1.283,,2.896,2.109,1.043,1.157,2.98,2.901,0.632,0.828,3.412,4.424,1.178,1.256,4.12,4.223,1.002,0.883,3.015,3.186,0.983,1.03,
JL190809-012,ternarius,Q,DY,PF,5.08737852,19.15343269,2.378,2.341,0.696,0.712,1.818,1.898,0.539,0.533,1.563,1.435,0.495,0.428,3.3,2.809,1.048,0.997,3.498,2.471,0.897,0.826,2.27,2.201,0.719,0.661,3.153,2.867,0.979,1.053,3.373,2.522,1.013,0.8,2.142,2.314,0.85,0.403,
JL190827-010,bimaculatus,W,DY,DY,,,3.29,,0.846,,2.12,,0.817,,1.878,,0.705,,2.846,3.091,1.187,1.201,2.287,2.395,1.039,1.218,2.54,2.519,0.935,0.856,3.966,4.132,1.135,1.131,3.652,3.606,1.239,1.346,2.256,2.721,1.118,0.944,
JL190905-001,impatiens,M,DY,DY,4.776,18.741,2.816,2.5,0.574,0.64,1.955,2.265,0.61,0.67,1.879,1.81,0.437,0.583,3.167,3.22,1.067,1.376,2.813,2.98,0.907,0.852,3.132,3.006,0.509,0.569,4.848,3.963,1.144,0.95,4.083,4.38,1.225,1.097,3.229,2.846,0.774,0.839,
JL190910-001,impatiens,W,CL,DMO,5.015,19.538,2.544,,0.816,,2.175,,0.622,,2.081,,0.587,,2.991,3.467,1.218,1.073,2.868,2.921,0.856,1.051,2.777,2.88,0.852,0.851,3.674,,1.257,,3.84,,1.274,,3.109,,1.329,,
JL200920-003,impatiens,M,DY,DY,,,2.584,,1.066,,1.896,,0.71,,2.426,2.19,0.681,0.881,3.321,3.268,1.361,1.071,2.985,3.1,1.069,1.247,2.959,2.681,1.022,0.982,3.186,3.345,0.883,1.019,3.585,3.287,1.222,1.361,2.331,2.61,0.908,1.154,
JMS190709-001,vagans,W,DY,DY,3.869364213,17.91755483,2.189,2.001,0.651,0.667,1.86,1.637,0.604,0.665,1.393,1.349,0.404,0.354,2.575,2.538,0.944,0.913,2.111,1.991,0.772,0.836,1.87,2.092,0.609,0.717,2.593,2.623,0.896,0.876,2.983,2.868,0.784,0.99,2.067,1.974,0.729,0.802,
LMB190709-001,vagans,W,CL,DMO,5.736,22.369,2.237,,0.76,,2.312,,0.741,,1.978,,0.492,,3.084,3.61,1.279,1.282,2.894,2.847,1.22,1.068,3.018,3.044,0.824,0.75,3.853,4.006,0.856,1.309,4.262,4.156,1.479,1.309,3.128,2.84,1.228,1.024,
LMB190715-001,bimaculatus,W,CL,DMO,5.107,22.65,2.355,,0.605,,,,,,,,,,3.367,,1.32,,2.752,,1.075,,2.84,,0.783,,4.11,,1.459,,2.878,,1.238,,,,,,
LSK230629-001,vagans,W,MEM,MEM,3.59212732,19.56521765,2.589470538,,0.709238739,,2.347709134,,0.675614643,,1.841493519,,0.463475652,,3.084367424,,1.145106656,,2.756544937,,0.7672493,,3.100158296,,0.549929708,,3.745098907,,1.128889602,,4.597108604,,1.413191715,,2.813913457,,0.992882208,,
MEM230629-002,vagans,W,MEM,MEM,4.350602845,17.80883865,2.568043956,,0.841505495,,2.311197802,,0.700972527,,1.983384615,,0.494626374,,3.478021978,,1.274467033,,2.868181319,,0.887203297,,2.79078022,,0.629835165,,3.805945055,,1.22156044,,4.583989011,,1.430269231,,2.749785714,,1.122818681,,
MEM230629-003,borealis,W,MEM,MEM,,,3.625353355,,0.943671913,,2.881447022,,0.852830285,,2.386382193,,0.617558687,,4.167104543,,1.685673125,,3.715198877,,1.28740479,,3.863999739,,1.026098348,,5.320503098,,1.364758159,,5.521629478,,2.051042737,,3.962891866,,1.483109739,,
MEM230630-002,griseocollis,W,MEM,MEM,5.374129788,17.09351065,2.375082951,,0.79060809,,2.111075743,,0.664199276,,1.849685192,,0.536080194,,3.35259049,,1.35958263,,2.845428403,,0.803588867,,2.677320327,,0.789280878,,3.358676241,,1.116918711,,4.066560202,,1.339102568,,2.733241256,,0.945573533,,
MEM230630-005,impatiens,W,MEM,MEM,NA,14.49105315,2.343715627,,0.64642922,,1.922655003,,0.541805704,,1.755095163,,0.337369589,,2.804752399,,1.070323061,,2.591283319,,0.665989534,,2.462155246,,0.539983556,,3.097879346,,1.02441382,,3.9414672,,1.182229613,,2.745143717,,1.122670928,,
MEM230630-007,impatiens,W,MEM,MEM,4.050094319,14.11875286,2.126922396,,0.621822473,,1.891161938,,0.629975854,,1.839144887,,0.361396144,,2.722709275,,1.100506022,,2.510033819,,0.965807415,,2.445873321,,0.718645218,,3.028899564,,1.109736774,,3.745687803,,1.274287797,,2.649908143,,1.243650361,,
MEM230630-009,griseocollis,W,MEM,MEM,,,2.606653535,,0.740460165,,2.222040108,,0.78174857,,2.012141939,,0.715291356,,3.189030463,,1.432910431,,3.027921734,,1.024572797,,2.72263612,,0.673501428,,3.68613217,,1.258113403,,4.48495977,,1.269964603,,2.671044694,,1.184732994,,
MEM230726-001,impatiens,W,MEM,MEM,4.716472586,17.29960562,2.485916269,,0.564544973,,2.120384307,,0.637745764,,1.979924586,,0.428501004,,3.340437694,,1.227358782,,2.737236536,,0.978545319,,2.86971434,,0.692968885,,3.553311552,,1.155474326,,4.198803237,,1.203465474,,2.900545938,,1.285287994,,
MEM230726-002,impatiens,W,MEM,MEM,3.967836797,13.6675731,2.366629916,,0.591750882,,1.945009542,,0.653891235,,1.867183008,,0.430801323,,2.894647103,,1.054501467,,2.688067514,,0.900057141,,2.64888228,,0.561598251,,3.346826685,,1.082247602,,3.848213076,,1.310271381,,2.681073291,,1.272113578,,
MEM230726-003,impatiens,W,MEM,MEM,3.991389128,14.45457845,2.03879375,,0.607363258,,1.793149993,,0.679940454,,1.519988446,,0.456026529,,2.576307151,,0.930133478,,2.095306867,,0.922140322,,2.334146165,,0.555466064,,2.969743764,,0.920296175,,3.555721578,,1.067016981,,2.441484428,,1.169450477,,
MEM230802-001,impatiens,W,MEM,MEM,3.86691683,17.43689065,2.496166364,,0.660147807,,2.030627731,,0.782843939,,1.826756334,,0.440098538,,2.693062773,,1.111461349,,2.714203513,,0.897097801,,2.691444446,,0.681833384,,3.567261251,,1.082331469,,3.938861417,,1.167789905,,2.740452771,,1.343545574,,
MEM230802-002,bimaculatus,M,MEM,MEM,3.592537046,17.12936339,2.292694087,,0.605076621,,2.092326996,,0.520063282,,2.105446176,,0.243077015,,3.017532715,,1.030702928,,2.560784652,,0.775113858,,2.912669028,,0.567128668,,3.702052963,,1.171397549,,4.072589274,,0.972318619,,3.117945912,,0.826012051,,
MEM230802-003,impatiens,W,MEM,MEM,2.587656092,16.28725494,2.047602388,,0.644176038,,2.052866861,,0.557095655,,1.837778703,,0.480538664,,2.496759683,,1.032603082,,2.708615855,,0.874241288,,2.590453978,,0.723542968,,3.031481327,,1.053655421,,3.737131751,,1.092961266,,2.792569763,,1.454060808,,
MEM230802-004,bimaculatus,M,MEM,MEM,4.486164418,14.69219935,2.33551596,,0.593458364,,2.017762847,,0.670335806,,1.604574149,,0.495300771,,2.685420726,,1.171471813,,2.495354035,,0.966268773,,2.619023566,,0.819958086,,3.430281145,,1.074801956,,3.869609937,,1.12255281,,2.646519154,,1.215630056,,
MEM230802-006,bimaculatus,M,MEM,MEM,3.694287558,15.82931485,2.470624177,,0.496825511,,1.954862828,,0.639724711,,1.913641691,,0.610101706,,3.202278522,,0.978631221,,2.431091657,,0.957206894,,3.048086697,,0.583211594,,3.549005993,,1.083258808,,3.82502819,,0.968743925,,3.299451755,,0.738581006,,
MEM230802-008,bimaculatus,M,MEM,MEM,3.831334077,16.83434674,2.277404125,,0.601526985,,1.857079056,,0.545121037,,2.16560242,,0.392146021,,2.732899837,,0.961740296,,2.319683331,,0.874284226,,3.156228899,,0.618216426,,3.267270301,,0.989552485,,3.684633912,,0.979679184,,2.955221897,,0.890686559,,
MEM230802-011,impatiens,W,MEM,MEM,3.144368685,15.14849582,2.050787173,,0.541128591,,1.826168077,,0.58492055,,1.583116788,,0.453747597,,2.502313888,,1.034711144,,2.286606504,,0.889677408,,2.395192974,,0.656580631,,2.985011865,,0.971878224,,3.333989076,,1.134769203,,2.541021493,,1.074004972,,
MEM230802-012,bimaculatus,M,MEM,MEM,4.374585858,16.37397721,2.335628624,,0.728380812,,2.018185256,,0.512486045,,1.888291858,,0.36742356,,2.886015775,,1.067281305,,2.549081644,,0.813712321,,2.961320993,,0.458670364,,3.382263119,,1.031616667,,3.640105161,,0.968725466,,3.186501963,,0.829691721,,
MEM230802-014,impatiens,W,MEM,MEM,4.351428139,18.7713002,2.563290015,,0.661623045,,2.117591506,,0.611491754,,1.790193733,,0.383117725,,3.022854625,,1.275164716,,2.761820815,,0.772490751,,2.702789887,,0.602542119,,3.396300522,,1.105271637,,4.167669096,,1.167835755,,2.765304007,,1.232633115,,
MEM230802-015,bimaculatus,M,MEM,MEM,3.363318433,14.27046293,2.063639146,,0.61481684,,1.724004614,,0.4984997,,1.575450498,,0.34649589,,2.504298083,,0.976779309,,2.260293396,,0.837254153,,2.614536157,,0.319555687,,3.000380282,,0.882187088,,3.427495777,,0.776327679,,2.617860901,,0.708344274,,
MEM230809-001,impatiens,W,MEM,MEM,4.310328248,19.53602102,2.553424897,,0.764010446,,2.154603861,,0.675167448,,2.05192251,,0.563242316,,3.138307055,,1.181537571,,2.758776674,,0.832169666,,2.771456824,,0.686410769,,3.607292315,,1.252499426,,4.309956185,,1.382961288,,2.738010948,,1.400334349,,
MEM230809-002,bimaculatus,M,MEM,MEM,4.103733063,18.89307,2.248112889,,0.680342334,,1.9835244,,0.517688866,,1.793055431,,0.264133514,,2.705378009,,1.006393774,,2.418097655,,0.639513522,,2.697803713,,0.419073092,,3.22969503,,1.079561984,,3.950659369,,1.034033489,,2.742432599,,0.791557806,,
MEM230809-003,bimaculatus,M,MEM,MEM,4.626709235,18.92350018,2.396642213,,0.719831012,,2.127953354,,0.590469423,,1.983242198,,0.374224006,,3.081406549,,1.017993898,,2.779040935,,0.914013485,,2.971185223,,0.444961672,,3.509474906,,1.194409549,,3.952898324,,1.07318422,,3.195330669,,0.911700612,,
MM190709-001,vagans,W,DY,DY,3.793166626,17.83949057,2.593,2.476,0.896,0.876,2.04,2.205,0.784,0.784,1.935,1.974,0.606,0.477,2.772,2.623,1.163,0.96,2.983,2.868,0.805,0.99,2.067,2.217,0.729,0.802,2.811,,0.93,,2.906,,0.809,,2.035,,0.7,,
MPS180619-011,impatiens,W,CL,DMO,3.737,15.297,2.25,2.195,0.594,0.599,1.839,1.693,0.55,0.642,1.436,1.311,0.292,0.344,2.456,2.26,0.999,0.869,2.18,2.285,0.775,0.866,2.028,2.005,0.687,0.692,2.195,,0.75,,2.853,,1.096,,2.035,,0.699,,
MY180615-005,ternarius,W,CL,DMO,3.76,15.754,,2.328,,0.623,,1.943,,0.684,,1.612,,0.641,2.471,2.629,1.08,1.051,2.357,2.415,0.989,0.817,1.985,2.118,0.797,0.726,2.948,2.99,0.959,1.029,3.237,3.656,1.037,1.08,2.102,2.263,0.949,1.004,
MY180615-007,terricola,W,PF,DMO,4.926,20.021,2.363,,0.692,,2.175,,0.641,,1.485,,0.514,,3.106,2.793,1.028,1.007,2.819,2.461,0.892,0.814,2.451,2.491,0.518,0.474,3.417,3.341,1.016,1.042,3.781,4.095,0.765,1.249,2.602,2.328,0.943,0.951,
MY180615-013,terricola,W,CL,DMO,4.282,19.337,2.483,,0.65,,1.987,,0.728,,1.725,,0.44,,,2.575,,1.018,2.841,2.67,1.133,0.674,2.444,2.411,0.922,0.727,3.454,3.206,1.122,1,3.634,3.599,1.257,1.316,2.442,2.545,1.097,0.857,
MY180616-004,ternarius,W,CL,DMO,,,2.148,2.253,0.571,0.613,1.906,1.783,0.568,0.516,1.295,1.413,0.474,0.433,2.489,2.648,0.848,0.826,2.158,2.112,0.83,0.706,2.03,1.916,0.571,0.705,2.937,2.834,0.936,0.973,3.369,3.041,1.104,1.129,2.012,1.99,0.803,0.846,HIND TIBIA 2 VERY HARY AND HARD TO SEE MARGINS
MY180619-001,vagans,W,CL,DMO,3.768,15.597,,1.911,,0.56,,1.79,,0.583,,1.472,,0.319,2.576,2.705,0.973,0.897,2.105,2.215,0.876,0.698,2.079,2.039,0.507,0.643,2.898,2.617,0.941,0.85,2.651,2.948,1.058,0.931,2.122,2.125,0.685,0.749,
MY180619-005,vagans,W,CL,DMO,,,2.188,2.236,0.639,0.603,1.736,1.841,0.619,0.635,1.537,1.461,0.405,0.383,2.797,,0.936,,2.115,2.084,0.865,0.79,2.158,1.994,0.822,0.735,,,,,,,,,,,,,
MY180622-002,bimaculatus,W,CL,DMO,4.598,19.218,2.374,,0.643,0.546,2.053,1.854,0.491,0.58,1.683,1.497,0.616,0.506,2.849,2.972,1.048,1.102,2.491,3.551,0.975,1.116,2.206,2.031,0.716,1.066,3.219,3.003,1.105,1.12,3.79,3.436,1.23,1.193,1.902,2.204,0.92,0.962,
MY180622-005,ternarius,W,CL,DMO,4.436,19.968,2.263,2.232,0.654,0.63,1.797,1.898,0.546,0.554,1.427,1.593,0.325,0.342,,2.868,0.951,1.023,2.186,2.221,0.922,0.894,2.033,2.088,0.622,0.722,2.307,1.546,1.008,0.577,3.103,3.024,1.085,1.077,2.144,2.105,0.966,0.986,HIND FEMURS BROKEN
MY180626-001,vagans,W,CL,DMO,,14.49,1.895,1.739,0.529,0.509,1.609,1.68,0.436,0.514,1.278,1.08,0.327,0.318,2.307,,0.845,,2.04,,0.718,,1.932,,0.591,,2.501,2.565,0.801,0.915,2.564,2.842,0.809,0.812,1.802,1.814,0.602,0.614,
MY180626-002,ternarius,W,CL,DMO,3.498,15.669,,2.021,,0.554,,1.77,,0.599,,1.456,,0.515,2.303,2.219,0.915,0.848,2.038,2.004,0.802,0.673,1.902,2.039,0.568,0.654,2.738,3.342,1.011,0.813,2.815,3.218,1.223,1.065,1.935,1.956,0.693,0.791,
MY180626-003,vagans,Q,CL,DMO,5.611,24.009,2.389,,0.634,,2.129,1.903,0.98,0.917,1.383,1.386,0.595,0.448,2.754,2.845,0.931,1.075,2.227,2.381,0.685,0.458,1.448,1.729,0.631,0.782,2.27,2.399,0.999,1.073,2.394,2.376,0.935,1.001,1.851,1.759,0.763,0.944,
MY180626-006,ternarius,W,CL,DMO,3.517,14.723,2.131,2.104,0.673,0.689,1.656,1.591,0.556,0.516,1.449,1.295,0.417,0.38,,,,,2.094,1.89,0.834,0.871,1.848,1.849,0.588,0.673,2.671,2.281,1.111,0.823,2.245,2.964,1.01,1.059,1.983,1.963,0.915,0.982,
MY180626-008,vagans,W,CL,DMO,4.402,17.646,2.161,2.332,0.592,0.599,1.925,1.693,0.395,0.534,1.602,,0.308,,3.037,2.955,1.269,1.21,2.521,2.691,0.76,0.76,2.698,2.407,0.545,0.49,3.388,,0.923,,3.686,3.726,0.897,0.942,2.704,2.855,0.492,0.772,
MY180629-001,vagans,W,PF,DMO,3.889,15.896,2.313,,1.041,,1.99,,0.651,,1.566,,0.589,,2.879,2.866,1.099,0.992,2.31,2.312,0.866,0.9,2.275,2.251,0.602,0.529,3.496,3.917,1.114,0.965,3.545,3.172,1.434,0.473,2.514,2.654,0.763,0.802,
MY180629-002,vagans,W,PF,DMO,3.806,14.248,,,,,,,,,,,,,2.487,2.142,0.835,0.879,2.054,1.871,0.711,0.671,1.974,2.075,0.425,0.366,2.596,2.66,0.74,0.667,2.926,2.856,0.818,0.569,1.935,1.941,0.64,0.497,
MY180629-003,vagans,W,DY,DY,3.606,16.166,1.825,2.174,0.583,0.509,1.437,1.653,0.631,0.603,1.448,1.342,0.408,0.468,2.355,,0.86,,2.3,,0.807,,1.98,,0.653,,2.583,2.551,0.847,0.833,2.872,2.666,0.935,0.936,1.922,1.954,0.927,0.645,
MY180703-002,terricola,W,PF,DMO,4.835,18.503,2.641,2.801,0.646,0.844,2.337,2.241,0.579,0.671,1.909,1.868,0.528,0.378,2.987,2.859,1.125,0.991,2.457,2.507,0.887,0.769,2.382,2.395,0.698,0.575,,,,,,,,,,,,,
MY180703-003,terricola,W,DY,PF,4.326,21.877,2.209,2.223,0.591,0.63,1.862,1.654,0.56,0.622,1.456,1.467,0.432,0.438,2.741,2.656,0.942,0.93,2.081,2.389,0.802,0.803,2.076,2.16,0.5,0.571,2.723,2.853,0.83,0.918,3.647,3.427,1.067,1.137,2.249,2.406,0.668,0.866,
MY180703-004,terricola,W,PF,DMO,5.168,20.046,,,,,,,,,,,,,3.059,3.665,1.1,1.155,2.577,2.949,0.84,0.849,2.591,2.717,0.521,0.648,3.611,3.633,1.17,1.028,3.977,4.137,0.922,1.278,2.816,2.425,1.002,1.153,
MY180703-005,terricola,W,PF,DMO,4.56,18.668,2.557,2.492,0.644,0.869,2.045,2.152,0.56,0.57,1.817,1.695,0.51,0.55,3.339,,1.157,,2.69,,0.876,,2.398,,0.503,,3.651,3.737,1.241,1.283,4.077,4.006,0.928,1.052,2.555,2.466,0.823,0.894,
MY180703-007,impatiens,W,CL,DMO,4.755,18.119,2.626,2.627,0.804,0.792,2.094,1.858,0.625,0.738,1.609,1.821,0.456,0.652,3.159,3.374,1.162,1.247,2.892,2.271,1.068,0.9,2.627,2.68,0.748,0.855,3.269,,1.047,,3.794,2.971,0.895,0.92,2.67,3.22,0.651,0.975,
MY180719-003,impatiens,W,CL,DMO,3.968,,2.526,,0.684,,2.037,1.923,0.694,0.748,1.514,1.726,0.606,0.432,2.985,3.108,0.934,1.083,2.569,2.52,0.845,0.908,2.542,2.347,0.763,0.722,3.307,3.315,0.998,1.043,3.608,3.578,1.436,1.161,2.309,2.369,0.889,0.91,
MY180731-001,vagans,W,DY,DY,2.888,,,2.144,,0.567,1.656,1.553,0.597,0.554,1.527,1.831,0.404,0.448,2.343,3.198,0.974,0.816,2.042,2.099,0.791,0.702,2.137,2.139,0.591,0.627,2.743,2.723,0.992,0.85,3.102,3.133,1.219,1.023,1.91,2.22,0.925,0.849,
MY180731-003,vagans,W,CL,DMO,4.105,19.246,2.485,2.59,0.747,0.643,1.912,2.202,0.492,0.659,1.758,1.548,0.401,0.394,2.992,2.355,1.152,1.071,2.664,2.418,0.909,0.929,2.45,2.535,0.801,0.792,,4.119,,1.061,3.897,3.729,1.446,1.019,2.474,2.266,1.101,0.93,
MY180802-001,vagans,W,DY,DY,3.928,16.297,2.193,2.52,0.7,0.67,1.619,1.802,0.569,0.587,1.768,1.545,0.49,0.545,2.678,2.724,1.028,0.848,2.07,2.317,1.033,0.99,2.148,2.179,0.545,0.682,2.953,3.242,0.823,0.865,3.354,3.348,0.979,1.305,2.177,2.005,0.708,0.935,
MY180802-002,borealis,W,CL,DMO,5.143,24.794,3.303,3.211,0.898,0.872,2.773,2.547,0.796,0.775,2.01,1.959,0.558,0.486,3.886,3.981,1.467,1.433,3.17,3.028,1.332,0.854,3.127,3.24,1.141,1.013,4.349,4.604,1.703,1.389,4.551,4.771,1.512,1.455,3.113,3.1,1.269,1.21,
MY180814-009,vagans,W,PF,DMO,4.21,18.82,2.41,,0.695,,2.019,,0.545,,1.562,,0.401,,2.753,,0.952,,2.561,,0.762,,2.297,,0.454,,3.079,,0.938,,3.644,,0.965,,2.292,,0.712,,
MY180814-010,vagans,W,CL,DMO,4.626,17.748,2.4,2.235,0.653,0.692,2.068,2.18,0.627,0.545,1.697,1.645,0.483,0.48,2.958,,1.144,,2.504,,1.073,,2.352,,0.705,,3.013,,0.856,,3.663,,1.081,,2.483,,1.037,,
MY190620-008,vagans,M,DY,DY,,,2.936,2.786,0.589,0.578,2.156,1.916,0.531,0.627,1.677,1.599,0.413,0.351,3.1,2.716,1.049,0.874,2.438,2.341,0.827,0.74,2.539,2.898,0.547,0.427,3.156,3.112,0.91,0.913,3.557,3.46,0.857,0.88,2.75,2.626,0.764,0.784,
MY190709-001,vagans,W,CL,DMO,,,2.082,1.855,0.564,0.657,1.78,1.781,0.537,0.443,1.363,1.315,0.403,0.358,2.183,2.486,0.931,0.861,2.178,1.979,0.761,0.751,1.917,2.018,0.628,0.582,2.767,2.779,0.886,0.748,2.7,3.129,0.94,0.891,2.069,2.029,0.65,0.666,
NNK230629-001,impatiens,W,MEM,MEM,4.423952122,20.55119577,3.225707064,,0.774986695,,2.627263743,,0.730675511,,2.436670342,,0.634144302,,3.947595606,,1.47749943,,3.561231279,,1.03577891,,3.550220483,,0.832589523,,4.742260322,,1.501944424,,5.233703339,,1.644742645,,3.518516689,,1.234241238,,
NNK230713-001,vagans,W,MEM,MEM,3.576611867,11.35940226,1.665235373,,0.562957304,,1.484396579,,0.596191707,,1.317563398,,0.307456804,,2.014163556,,0.84314118,,1.765825644,,0.674660603,,1.972433222,,0.459557095,,2.416734007,,0.818110693,,2.926175766,,0.926673474,,2.050075666,,0.828435838,,
NNK230713-002,vagans,W,MEM,MEM,3.600761168,12.16317835,1.95190986,,0.531478608,,1.631055547,,0.566304983,,1.336592233,,0.266140593,,2.230006107,,0.945697717,,2.03140942,,0.789781606,,2.055603013,,0.542886294,,2.654642132,,0.78620598,,2.819386608,,1.028324566,,2.283679241,,0.87565198,,
NNK230730-003,vagans,W,MEM,MEM,,,1.834061906,,0.627293165,,1.470305486,,0.617534586,,1.399896041,,0.325427409,,2.356666618,,0.973047733,,2.182152802,,0.771429201,,1.982451823,,0.663059929,,2.70649323,,0.739271624,,2.998848367,,0.96979671,,1.931184842,,0.979020799,,
OW220614-001,impatiens,Q,MEM,MEM,6.84033714,24.08074187,3.560043298,,1.155480308,,3.239396042,,0.92993422,,2.86048461,,0.685825307,,4.461800216,,2.050509312,,4.012167976,,1.504987649,,4.063454439,,1.158033806,,5.243326209,,1.658053235,,6.349429626,,2.101451608,,4.356862527,,1.999006356,,
OW220614-002,bimaculatus,Q,MEM,MEM,,,3.140321811,,1.000371335,,2.652408947,,0.719829471,,2.480584352,,0.526613835,,4.299829863,,1.512803026,,3.600689826,,1.330395382,,3.765010952,,0.780478487,,4.534901033,,1.470931426,,5.13977909,,1.540540685,,3.499738458,,1.672009369,,
OW220614-008,vagans,W,MEM,MEM,4.850690891,13.3413321,2.454449228,,0.734033111,,2.028794152,,0.698904576,,1.776537976,,0.452602389,,2.830371959,,1.126858554,,2.577349483,,0.871675,,2.562662977,,0.601694682,,3.361908805,,1.076933255,,3.991658903,,1.356285593,,2.719021341,,1.125733912,,
OW220614-012,bimaculatus,W,MEM,MEM,3.822457692,15.13545951,2.296991305,,0.738374671,,1.868158498,,0.7625673,,1.516143802,,0.506986508,,2.497063694,,1.116259626,,2.19383602,,1.095574277,,2.470769955,,0.878394397,,2.900851484,,1.126352556,,3.177649689,,1.322591913,,2.455160932,,1.080839358,,
OW220614-013,borealis,Q,MEM,MEM,,,3.440153822,,1.069508803,,2.769309633,,0.95394865,,2.547686592,,0.838123918,,3.865419595,,1.437366562,,3.843349342,,1.663581143,,3.757328271,,0.940091353,,4.762461828,,1.483138635,,5.551335569,,1.824814152,,3.407500431,,1.578408928,,
OW220614-014,impatiens,Q,MEM,MEM,,,3.377517955,,1.096526803,,3.105478324,,0.893547189,,2.773763099,,0.680438701,,4.45504225,,1.76649429,,3.957227602,,1.472430876,,4.124593134,,1.018571416,,5.20071547,,1.534030086,,6.247858574,,1.779285799,,3.980973945,,1.820236015,,
OW220614-016,impatiens,Q,MEM,MEM,5.787726667,26.54808639,3.481260566,,0.920220163,,2.873643392,,0.892878248,,2.711595007,,0.7017687,,4.110044293,,1.581578529,,4.108705315,,1.392536362,,4.1923057,,0.964063635,,5.228947259,,1.571097015,,6.086123017,,2.252031228,,4.032255069,,1.924313863,,
OW220614-021,bimaculatus,Q,MEM,MEM,6.778446759,24.8833514,3.483893442,,0.977881072,,3.003983428,,0.90954055,,2.868663876,,0.591461955,,3.887198251,,1.515787458,,3.930962777,,1.522935292,,3.671667668,,1.222242314,,4.950512953,,1.573794468,,5.290859389,,1.823186849,,4.01259912,,1.525163672,,
OW220614-026,impatiens,Q,MEM,MEM,7.255544247,27.88647811,3.640045639,,1.220628035,,2.844270021,,0.913594197,,2.800692305,,0.788808475,,4.422625577,,1.626171985,,4.066931977,,1.318829476,,3.991219415,,1.155994554,,4.837749348,,1.80591215,,5.819063735,,2.087227088,,4.190031032,,1.870826742,,
OW220708-002,ternarius,W,MEM,MEM,3.722843425,12.59089763,2.235480964,,0.669426766,,1.863825589,,0.573114122,,1.519143913,,0.531667009,,2.589925637,,1.080687288,,2.427843929,,0.742135998,,2.239204818,,0.566265198,,3.106554666,,0.959134561,,3.686477794,,1.083572846,,2.268636374,,1.017381783,,
OW220708-003,bimaculatus,W,MEM,MEM,,,2.810960263,,0.730802139,,2.302237851,,0.727450841,,2.065264748,,0.376654739,,3.449846855,,1.238757385,,2.838595492,,1.192767887,,2.957061855,,0.651980304,,3.668200354,,1.151439058,,4.226540433,,1.40088868,,2.923220091,,1.088641157,,
OW220708-006b,impatiens,W,MEM,MEM,3.938108913,13.83730648,2.33240716,,0.612464586,,1.997630888,,0.623780644,,1.658465754,,0.423710772,,2.553629818,,1.053960074,,2.253806137,,0.628011201,,2.525189556,,0.515532968,,3.07838813,,0.953272814,,3.725259429,,1.258364221,,2.896201233,,1.084747613,,
OW220708-008,bimaculatus,W,MEM,MEM,3.461193777,14.56010763,2.353404258,,0.695572498,,1.948052951,,0.68517831,,1.731760083,,0.335415235,,2.715585218,,1.156291471,,2.569597871,,0.89335985,,2.535073725,,0.518446698,,3.168815964,,1.103327979,,3.917026619,,1.336659597,,2.487271485,,1.106355252,,
OW220708-009,bimaculatus,W,MEM,MEM,2.999758261,14.39304616,2.226545031,,0.621855309,,1.886612951,,0.565744454,,1.760554419,,0.39705738,,2.748646497,,1.060772215,,2.354643363,,0.801723104,,2.526564665,,0.46955208,,3.011502508,,1.024426693,,3.818057864,,1.143264116,,2.527699099,,0.999856378,,
OW220708-011,bimaculatus,W,MEM,MEM,4.73543665,16.63561662,2.638613066,,0.850273681,,2.224937605,,0.865516244,,2.078290862,,0.310817614,,3.310223122,,1.233271206,,2.810437353,,1.132036162,,2.879200274,,0.878611138,,3.802532215,,1.168005613,,4.671288709,,1.394357145,,2.776840515,,1.343225468,,
OW220728-003,griseocollis,M,MEM,MEM,NA,18.235219,2.753731016,,0.741959614,,2.156038591,,0.578935173,,2.199858422,,0.305332161,,3.711013157,,1.038096506,,2.744689002,,0.818740102,,3.367066344,,0.361406876,,3.904984054,,1.130224335,,4.674863347,,1.039941033,,3.230795755,,0.720241266,,
OW220728-004,griseocollis,M,MEM,MEM,178.7113333,6.165322475,2.899166304,,0.810003626,,2.411787204,,0.545584444,,2.051151135,,0.384932498,,3.564998854,,1.117641116,,3.117731322,,0.797592909,,3.721553585,,0.538748536,,4.243685941,,1.269524914,,4.723493041,,1.217257013,,3.481187271,,0.885940113,,
PF190709-001,vagans,W,CL,DMO,4.010070567,14.53396301,2.463,,0.613,,1.877,,0.608,,1.659,,0.548,,2.763,2.84,1.079,1.007,2.564,2.57,0.812,0.725,2.514,2.489,0.526,0.575,,3.075,,1.015,3.889,3.754,0.803,1.11,2.459,2.5,0.684,0.963,
PF190709-002,vagans,W,CL,DMO,4.109,15.937,1.944,2.133,0.508,0.641,1.775,1.72,0.641,0.581,1.508,1.526,0.436,0.485,2.302,2.21,0.906,0.932,1.824,2.143,0.848,0.836,2.105,2.013,0.632,0.62,2.69,,0.881,,3.05,2.843,0.944,1.017,1.944,2.03,0.703,0.874,
PF190709-003,rufocinctus,W,CL,DMO,4.215,16.022,1.862,,0.605,,1.838,,0.562,,1.435,,0.409,,2.187,2.786,1.013,1.041,2.183,2.131,0.839,0.712,2.164,2.06,0.641,0.631,2.42,2.831,0.923,0.93,2.89,2.611,1.041,0.99,2.431,2.316,0.881,0.697,
PF190709-005,impatiens,W,CL,DMO,4.582,18.822,1.967,2.105,0.647,0.67,2.055,2.117,0.728,0.44,1.681,1.678,0.471,0.443,,2.797,,1.197,,2.699,,0.77,,2.449,,0.753,3.62,3.023,0.986,0.899,3.882,3.812,1.182,1.109,2.486,2.335,0.948,0.682,
PF190709-007,vagans,W,CL,DMO,4.904,20.78,,2.565,,0.733,,2.197,,0.529,,1.662,,0.436,2.503,3.373,1.184,1.166,2.735,2.476,0.965,1.113,2.557,2.602,0.896,0.815,2.892,,0.952,,3.945,3.687,1.405,1.398,2.436,2.574,1.285,1.156,
PF190709-008,bimaculatus,W,DY,DY,4.552,21.459,2.645,,0.836,,2.104,,0.613,,1.91,,0.591,,3.352,,1.337,,2.589,,1.015,,2.764,,0.808,,3.391,2.594,1.328,1.137,3.675,4.267,1.514,1.122,2.85,2.73,1.34,1.122,
PF190709-009,bimaculatus,W,CL,DMO,4.248,17.896,2.034,1.904,0.561,0.724,1.966,1.902,0.652,0.721,,,,,2.597,3.186,1.117,1.125,2.389,2.611,1.062,0.96,2.662,2.609,0.75,0.625,3.142,3.918,1.104,1.037,3.383,3.399,1.131,1.088,2.309,2.439,1.015,0.885,
PF190718-001,vagans,W,CL,DMO,4.130249978,16.25547884,,,,,,,,,,,,,2.515,2.72,1.008,0.851,2.45,2.371,0.802,1.042,2.193,2.014,0.736,0.762,,,,,3.359,3.026,1.191,1.064,2.033,1.93,0.988,0.943,Very hariy legs. Hard to see clear edges.
PF190724-001,bimaculatus,W,DY,DY,5.58,24.069,3.2,,0.87,,2.385,,0.823,,2.231,3.256,0.682,1.049,3.762,,1.476,,2.874,,1.47,,3.229,,1.051,,5,3.905,1.372,1.42,4.719,4.523,1.522,1.033,3.123,3.303,1.283,1.155,
PF190724-002,impatiens,W,CL,DMO,4.788,20.199,2.577,2.522,0.736,0.767,2.303,2.012,0.763,0.718,1.932,1.908,0.679,0.606,3.491,3.386,1.203,1.328,2.837,3.057,0.892,0.892,3.077,2.898,0.738,0.831,3.674,3.967,1.034,1.223,4.064,4.19,1.042,1.254,2.848,2.876,0.825,1.176,
PF190724-003,impatiens,W,CL,DMO,5.169,21.195,,2.544,,0.621,2.334,2.207,0.652,0.526,1.804,1.914,0.578,0.598,3.134,3.084,1.183,1.119,2.695,2.84,0.904,0.996,2.294,2.893,0.923,0.855,3.686,4.136,1.033,1.309,4.311,4.434,1.296,1.367,3.055,2.986,0.946,1.223,
PF190724-004,impatiens,W,CL,DMO,4.091,16.165,2.503,2.485,0.697,0.702,2.044,2.05,0.637,0.611,1.786,1.68,0.406,0.427,2.801,2.862,1.012,0.959,2.513,2.532,0.884,0.839,2.284,2.212,0.631,0.73,3.814,3.04,1.068,1.006,3.803,3.671,1.188,1.354,2.476,2.523,1.13,1.276,
PF190724-005,ternarius,W,CL,DMO,3.39,15.436,1.964,,0.607,,1.751,,0.564,,1.394,,0.449,,2.306,,0.915,,2.183,,0.838,,2.077,,0.636,,2.566,3.392,0.842,0.751,3.154,3.203,0.659,0.793,2.163,2.169,0.609,0.903,
PF190724-006,vagans,W,CL,DMO,4.272229783,18.97033069,2.108,,0.556,,1.792,,0.529,,1.676,,0.514,,2.43,2.767,1.055,1.024,2.365,2.111,0.862,0.812,2.292,2.248,0.654,0.55,3.095,3.14,0.998,0.612,3.005,3.429,0.943,0.946,2.458,2.19,0.855,0.766,
PF190724-007,impatiens,Q,CL,CL,6.784,29.974,3.174,3.477,0.795,0.961,3.02,3.013,0.775,0.817,2.623,2.589,0.759,0.822,3.916,4.279,1.399,1.514,3.266,3.276,1.24,1.153,3.722,3.894,0.808,0.884,4.84,5.035,1.34,1.404,5.281,5.295,1.533,1.354,3.777,3.557,1.368,1.192,
PF190724-008,bimaculatus,W,CL,DMO,4.141,18.397,2.34,,0.71,,2.017,,0.53,,1.613,,0.502,,3.027,2.743,1.083,0.97,2.31,2.175,0.941,0.759,2.367,2.273,0.696,0.751,3.164,3.067,1.081,0.963,3.541,3.391,1.223,1.058,2.647,2.451,0.93,1.203,
PRM190709-001,borealis,W,PF,DY,4.955,20.119,2.722,3.237,0.785,0.797,2.263,2.226,0.739,0.754,1.829,1.99,0.6,0.835,4.082,3.935,1.439,1.334,2.447,2.742,0.983,0.957,2.755,2.203,0.785,0.652,3.542,,1.313,,3.805,,1.441,,2.628,,1.013,,
REA230629-002,vagans,W,MEM,MEM,4.754597409,18.37087121,2.674764762,,0.754899405,,2.220184162,,0.598161611,,2.048056331,,0.440355738,,3.336908578,,1.286209023,,2.84160075,,1.101765925,,2.800733269,,0.694256292,,3.692217233,,1.253157933,,4.376116402,,1.47678548,,2.938261837,,1.220694826,,
RGA190718-001,ternarius,W,CL,DMO,3.6,16.808,,,,,,,,,,,,,1.95,,0.813,,2.315,,0.725,,2.095,,0.574,,,,,,,,,,,,,,
RLR230713-001,vagans,W,MEM,MEM,NA,13.19226271,1.924866159,,0.5655046,,1.698119884,,0.512030198,,1.40907936,,0.424272726,,2.550895595,,0.926067546,,2.348812224,,0.863577301,,2.196746093,,0.719911801,,2.653919024,,0.876589296,,3.14206486,,1.105137651,,1.921479774,,0.855301889,,
TJ190529-001,impatiens,W,CL,DMO,7.424,33.812,3.545,,0.977,,3.496,,1.028,,2.944,,0.981,,3.958,4.201,1.929,1.686,3.579,4.596,1.458,1.294,3.597,3.254,0.98,1.036,6.373,5.697,1.645,1.925,6.259,5.988,2.618,1.909,4.006,3.402,2.058,1.589,
TWM180615-004,ternarius,W,CL,DMO,3.023,12.159,1.811,1.899,0.539,0.585,1.675,1.618,0.528,0.507,1.282,1.288,0.347,0.32,1.843,2.312,0.877,0.906,1.78,1.716,0.795,0.688,1.847,1.852,0.603,0.414,2.457,2.519,0.814,0.86,2.579,2.579,0.888,0.958,1.995,1.686,0.702,0.769,
TWM180626-006,ternarius,W,CL,DMO,4.171,17.149,2.278,2.146,0.567,0.621,1.836,1.908,0.642,0.58,1.57,1.594,0.438,0.369,2.507,,1.049,,2.417,,0.876,,2.097,,0.698,,2.781,2.624,1.074,1.016,2.851,3.267,0.979,0.883,2.132,2.439,0.862,0.953,
TWM180626-007,ternarius,W,CL,DMO,4.085,16.671,2.35,2.352,0.693,0.715,1.837,1.884,0.535,0.565,1.594,1.569,0.453,0.53,2.426,2.92,0.997,0.937,2.309,2.272,0.864,0.864,2.041,2.02,0.685,0.699,2.761,2.94,0.816,0.917,3.515,3.553,1.14,1.166,2.026,1.868,0.91,0.869,
TWM180626-008,vagans,W,CL,DMO,4.546,16.881,2.345,2.291,0.65,0.619,1.902,1.788,0.506,0.459,1.523,1.509,0.418,0.415,2.622,2.555,0.97,1.009,2.588,2.215,0.762,0.887,2.114,2.38,0.512,0.645,3.17,2.974,0.999,1.048,3.124,3.336,1.077,1.044,2.098,2.285,0.796,0.703,
TWM180626-010,vagans,W,CL,DMO,4.581,16.607,2.339,2.208,0.594,0.609,1.996,1.829,0.593,0.59,1.493,1.575,0.414,0.318,2.729,2.651,1.096,0.998,2.327,2.284,0.974,0.84,2.173,2.288,0.652,0.614,2.996,2.748,0.973,0.848,3.356,3.166,1.003,1.002,2.181,2.202,1.039,0.925,
TWM180703-001,terricola,W,CL,DMO,5.564,22.486,2.863,2.542,0.758,0.709,2.118,1.962,0.548,0.632,1.872,1.554,0.725,0.603,3.288,3.444,1.274,1.242,3.056,2.781,1.083,0.918,2.675,2.714,0.748,0.804,3.602,3.819,1.211,1.237,4.249,4.402,1.046,1.597,2.826,2.932,0.981,1.091,
TWM180703-004,borealis,W,PF,DMO,5.321,22.154,2.949,2.957,0.876,1.02,2.478,2.416,0.826,0.821,1.799,1.919,0.648,0.67,3.472,3.331,1.198,1.029,3,2.913,1.04,0.826,2.769,2.695,0.673,0.692,3.852,,1.227,,4.473,,1.373,,3.062,,1.12,,
TWM180711-014,impatiens,W,DY,DY,4.966,19.73,2.732,2.768,0.742,0.738,1.953,2.069,0.675,0.696,1.789,1.912,0.739,0.622,3.967,4.017,1.118,1.138,2.43,2.4,0.978,0.902,2.648,2.36,0.87,0.776,3.364,,1.028,,4.033,4.111,1.579,1.633,2.613,2.522,1.187,1.241,
TWM180724-027,borealis,W,PF,DMO,4.964,20.928,2.864,,1.087,,2.545,,0.736,,2.29,,0.546,,2.981,,0.85,,2.527,2.62,0.737,0.945,1.975,,0.415,0.504,3.899,3.428,1.305,1.147,4.164,,1.439,,2.914,2.739,1.144,,
TWM180731-002,impatiens,W,CL,DMO,,,,2.205,,0.534,,2.296,,0.632,,1.962,,0.656,2.842,3.033,1.068,1.02,2.462,2.341,0.832,0.811,2.232,2.465,0.657,0.749,3.249,,0.97,,3.711,3.552,1.108,1.185,2.59,2.353,1.07,1.18,
TWM180731-003,impatiens,W,CL,DMO,3.652,17.009,2.226,2.377,0.563,0.597,1.911,1.899,0.618,0.621,1.632,,0.477,,2.591,,1.012,,2.164,,0.997,,2.358,,0.789,,3.007,2.988,1.086,1.108,3.294,3.365,1.258,1.184,2.364,2.074,1.106,1.2,
TWM180731-004,impatiens,W,CL,DMO,3.779,16.184,2.114,,0.516,,1.839,,0.563,,1.62,,0.476,,2.412,,0.866,,1.56,,0.936,,2.078,,0.635,,,,,,1.962,2.996,1.034,1.077,2.253,2.277,0.641,0.964,
TWM180802-002,vagans,W,CL,DMO,3.985,18.422,,2.361,,0.597,1.86,1.881,0.663,0.491,1.768,1.696,0.462,0.402,3.011,2.739,1.065,0.922,2.397,2.381,0.804,0.736,2.365,2.318,0.611,0.817,2.811,3.202,0.904,1.018,3.516,3.626,0.994,1.032,2.245,2.181,0.917,1.035,
TWM180802-006,borealis,W,CL,DMO,4.925,23.185,2.98,2.983,0.721,0.782,2.313,2.275,0.752,0.873,1.569,1.907,0.486,0.496,2.746,3.608,1.386,1.559,3.066,3.05,1.078,1.131,3.202,2.933,0.625,0.656,4.168,4.314,1.283,1.298,4.692,4.577,1.366,1.318,3.128,3.251,0.892,0.991,
TWM180814-001,perplexus,W,,DRA,4.366,19.586,,,,,,,,,,,,,,,,,,,,,,,,,3.492617319,,1.179463787,,4.072543229,,1.112141859,,3.241060604,,0.883691721,,
TWM180814-002,borealis,W,DY,DY,4.934,20.144,2.734,3.056,0.74,0.833,1.75,1.936,0.644,0.632,1.571,1.842,0.545,0.488,3.396,3.885,1.437,1.25,2.394,2.532,0.791,0.943,2.197,2.439,0.771,0.742,3.002,3.466,1.175,1.262,3.643,4.157,1.291,1.514,2.523,2.389,0.968,0.988,
TWM180814-016,impatiens,W,CL,DMO,4.827,18.687,2.483,2.519,0.71,0.693,1.985,2.135,0.65,0.73,1.653,1.9,0.61,0.61,2.773,2.858,1.159,1.166,2.681,2.665,0.92,1.026,2.555,2.773,0.748,0.874,2.905,3.175,1.075,1.083,3.38,3.849,1.227,1.175,2.545,2.347,0.977,1.172,