specimen.id,m01,m02,m03,m04,m05,m06,m07,m08,m09,m10,m11,m12,m13,m14,m15,digitizer,species.det,provisional.species,caste,its,body.length,scale,name,description
DRA220815-023,3.015663393,0.779198485,6.854619259,0.320581616,0.109958594,3.282857396,0.38268222,1.06337146,0.245874887,0.419176083,3.251533101,0.557558396,4.542414348,0.569259783,0.583366821,DRA,borealis,borealis,W,5.372300704,18.95427335,184.69434,m01,Mentum length
OW220616-05,2.513971369,NA,4.503867499,0.176225873,0.16707691,2.467785116,NA,0.996810532,0.260831297,0.357587485,2.557247577,0.393290543,4.040632845,0.660865085,0.529708988,DRA,bimaculatus,bimaculatus,W,4.060044072,14.8035263,180.47838,m01,Mentum length
OW220616-07,2.202197516,0.826466907,5.927965614,0.292587332,0.172433049,2.642903157,0.547353157,1.096772508,0.253268882,0.329146388,2.793818384,0.33662742,4.136350283,0.783664272,0.486199048,DRA,bimaculatus,bimaculatus,W,4.863165236,16.66605715,182.01099,m01,Mentum length
OW220616-08,2.731410592,1.019113442,5.746817458,0.299337489,0.146993781,2.580172992,0.274392008,0.899251946,0.129213511,0.333799981,2.621577437,0.543932938,3.80365776,0.761255172,0.423146225,DRA,bimaculatus,bimaculatus,W,4.147567774,16.07217861,178.67164,m01,Mentum length
OW220621-003a,2.174087313,0.93290023,6.785288046,0.266470759,0.137807698,3.08165527,0.364451724,1.022774148,0.193883838,0.325855513,2.996159728,0.290801711,4.242882841,0.745608844,0.609413722,DRA,bimaculatus,bimaculatus,W,4.066343012,17.42602119,178.40404,m01,Mentum length
CAP220712-009,2.770148909,0.680954638,6.701671904,0.248773888,0.122746232,2.85524358,0.352183188,0.991249274,0.222989156,0.342288252,2.775256651,0.361453542,4.407043924,0.619028428,0.507611414,DRA,borealis,fervidus,W,4.318937754,16.00800839,204.08822,m01,Mentum length
CAP220712-017,2.164636593,1.279253037,4.50967763,0.224188815,0.126794407,2.164497185,0.394544407,0.891969963,0.231414815,0.416340519,2.588748481,0.300182852,3.299918481,0.744435222,0.67812737,DRA,vagans,cf sandersoni,W,3.401272276,12.8577139,270,m01,Mentum length
DRA170708-901,2.524313629,1.344657374,6.045264338,0.281713644,0.149817653,2.518989607,0.3678132,0.996564061,0.237417387,0.395523051,2.8016257,0.334223009,3.553695959,0.767665087,0.540089299,DRA,perplexus,cf perplexus,W,3.718285764,16.51166189,249.39037,m01,Mentum length
DRA170708-902,2.801836339,0.83189183,5.074147277,0.28375442,0.145757411,2.545559911,0.253098705,1.028574196,0.160824464,0.292212813,2.804708616,0.320324375,3.75317808,0.594106071,0.292818438,DRA,perplexus,cf perplexus,W,NA,15.27606583,224,m01,Mentum length
DRA220617-015,NA,0.702283624,4.720431467,0.247187415,0.106500917,2.077020683,0.226523576,0.839746395,0.149839354,0.313860472,2.302213371,0.264495834,2.925069946,0.60253278,0.417577208,DRA,ternarius,ternarius,W,3.862376458,13.95914052,320.89874,m01,Mentum length
DRA220717-001,3.999184903,0.911976375,8.65354341,0.357572283,0.127404736,4.270522372,0.537521149,1.195684561,0.27755973,0.5166753,4.234524956,0.295005626,5.316622993,0.605984285,0.400090198,DRA,borealis,borealis,W,5.872149618,25.44993772,178.98479,m01,Mentum length
OW220614-015,2.177103881,0.753851898,4.145988172,0.251339745,0.089019623,2.253647525,0.286375682,0.530923901,0.20240586,0.244708495,2.344301178,0.583772726,2.619751303,0.51480285,0.301136362,DRA,griseocollis,griseocollis,W,4.496612614,15.50736438,327.12383,m01,Mentum length
OW220614-018,3.576205947,0.981191478,5.618126291,0.220026642,0.163129336,3.201466727,0.51586026,1.083875553,0.245297891,0.297618343,2.922604301,0.721117825,4.285166202,0.989251974,0.703561294,DRA,ternarius,ternarius,Q,6.105281139,24.58197832,228.87551,m01,Mentum length
OW220620-004,2.467951418,1.269550434,4.790512506,0.19741501,0.137004561,2.669268169,0.428968056,0.815414588,0.229015719,0.226395056,2.724907592,0.261823999,3.633656062,0.815921503,0.667161548,DRA,griseocollis,griseocollis,W,4.911589636,17.97904929,214.67081,m01,Mentum length
OW220620-005,2.554344985,1.082253089,5.882911409,0.236797805,0.204573732,2.669910443,0.386939354,0.893829407,0.210611501,0.302334146,2.799483519,0.318485685,3.643877732,0.856748529,0.741596948,DRA,griseocollis,griseocollis,W,4.932951559,15.79438032,194.67123,m01,Mentum length
OW220620-006,2.492433198,1.046678506,5.788488423,0.273641207,0.138840315,2.616704503,0.43468244,0.69453824,0.17223046,0.221938448,2.650938301,0.296783153,3.528790843,0.812069013,0.672516677,DRA,griseocollis,griseocollis,W,4.486877401,18.86780739,176.0202,m01,Mentum length
OW220620-007,2.126952108,1.493809851,4.324101149,0.251748877,0.093493876,2.025555352,0.252017158,0.870138819,0.181708373,0.277542476,2.536744442,0.427452957,3.11752456,0.766162825,0.66055594,DRA,terricola,terricola,W,4.256037192,16.54136031,222.08107,m01,Mentum length
OW220621-003b,3.194292033,1.241229151,7.447331112,0.334982545,0.195068589,3.269086483,0.417182039,0.991990208,0.256955925,0.360926851,3.545965798,0.436847882,4.526263714,1.060100258,0.87804028,DRA,griseocollis,griseocollis,W,4.393616499,17.0279235,184.04347,m01,Mentum length
OW220621-004,2.026479156,0.888459272,4.321923193,0.17149859,0.0568712,2.870487171,0.414301247,0.798162077,0.223778683,0.32361662,2.129511317,0.428443719,3.490979537,0.692270742,0.615577785,DRA,griseocollis,griseocollis,W,4.627382001,17.49057979,304.10524,m01,Mentum length
OW220621-005,2.083475563,0.821584904,6.249579048,0.289637678,0.153188393,2.784589141,0.350789177,0.736606598,0.190907771,0.313080389,2.819476907,0.496090796,3.567999938,0.638663305,0.534227026,DRA,griseocollis,griseocollis,W,5.454621711,19.76318981,203.02217,m01,Mentum length
OW220629-001,2.447549041,0.814517813,5.669060862,0.291325489,0.083395611,2.666357223,0.322930203,0.697201199,0.225510954,NA,2.460648115,0.365455626,3.329331702,0.560263779,0.4459875,DRA,griseocollis,griseocollis,W,3.924548376,16.72829313,252.0972,m01,Mentum length
OW220629-011,2.557868904,0.825324436,5.917933988,0.270968747,0.098782806,2.593426188,0.354463972,0.9902823,0.217146459,0.437190318,2.61193228,0.587300584,3.650842774,0.707106781,0.620769676,DRA,perplexus,cf perplexus,W,4.102015417,15.50079606,236.30489,m01,Mentum length
OW220708-006,3.679836277,0.904317872,6.933838404,0.329958777,0.177304947,3.150894309,0.221687926,0.940527234,0.186094202,0.423565957,2.916412287,0.575353936,4.07330133,0.705604681,0.559624043,DRA,griseocollis,griseocollis,W,5.808049444,19.95852548,188,m01,Mentum length
OW220708-010,3.783373793,1.104433473,NA,0.286668536,NA,3.195754471,0.319398065,0.878012984,0.21586916,0.325908594,2.177564183,NA,4.217975085,0.730085941,NA,DRA,griseocollis,griseocollis,W,4.588338601,19.40895376,252.03174,m01,Mentum length
OW220714-001,2.99792305,0.716269201,5.775499177,0.284950547,0.126996586,2.736505119,0.271149517,0.637430631,0.156784887,NA,2.802719414,0.330998615,3.575798782,0.526955421,0.545009872,DRA,griseocollis,griseocollis,M,5.90852508,19.45173757,268.1865,m01,Mentum length
OW220714-002,2.777981257,1.00198662,4.863090195,0.258859357,0.123340427,2.856879633,0.351222743,0.802332001,0.204339986,NA,2.725359538,0.414852036,3.587447221,0.742349901,0.643363856,DRA,griseocollis,griseocollis,W,4.641224781,19.3483097,236.37635,m01,Mentum length
OW220714-004,3.080151293,0.774631345,5.991613723,0.206895974,0.107919691,2.767575509,0.30294868,0.809970236,0.207549903,NA,2.66433708,0.361019479,3.776714535,0.554921276,0.502921041,DRA,griseocollis,griseocollis,M,NA,19.73672582,222.73053,m01,Mentum length
OW220714-005,3.495674085,1.080655648,8.038607616,0.267220617,0.11294296,3.813034095,0.34774492,0.96349537,0.271348052,NA,3.465771164,0.324970082,4.65270514,0.845551699,0.790016449,DRA,griseocollis,griseocollis,W,5.776192217,23.82110419,170.99968,m01,Mentum length
OW220714-008,2.632455067,0.603281257,4.064458147,0.188708934,0.075240023,1.765192134,0.318653518,0.539873919,0.176776701,NA,1.993757333,0.238358041,2.336215594,0.508431579,0.4683477,DRA,griseocollis,griseocollis,W,3.277895161,13.86353277,316.63228,m01,Mentum length
OW220720-001,3.130947327,1.127108978,5.555147664,0.335020985,0.114448802,2.57153864,0.336322489,0.780159401,0.227225765,0.401321162,2.529180282,0.313741274,3.373182197,0.677586684,0.562012499,DRA,terricola,terricola,W,5.012134968,19.4815829,236.54175,m01,Mentum length
OW220720-004,2.481748727,1.082958889,5.990614431,0.25212937,0.056159109,2.747139587,0.332244379,0.739396844,0.196864315,NA,2.79224316,0.299149782,3.367326103,0.661890572,0.52109025,DRA,griseocollis,griseocollis,W,4.147092574,17.05012218,254.95098,m01,Mentum length
OW220720-007,2.780157772,0.911025277,4.395652359,0.313990663,0.111996368,3.08339091,0.253463156,0.863669733,0.185597839,NA,3.069455663,0.233226418,4.169353933,0.743770603,0.63214718,DRA,griseocollis,griseocollis,M,6.11295847,21.04898541,282.85685,m01,Mentum length
OW220720-008,3.095458611,0.714980093,6.781310597,0.263156987,0.099005329,3.239676593,0.416130182,0.839596179,0.228272095,0.122364813,3.197027265,0.29424844,4.147144315,0.667428797,0.642617447,DRA,griseocollis,griseocollis,M,6.243187335,19.2795945,177.40631,m01,Mentum length
OW220720-009,3.028983408,0.74270535,6.342626623,0.237909296,0.104694617,2.976030422,0.364420124,0.820236673,0.164399001,NA,2.042826954,0.349673136,3.908963719,0.566770632,0.542169549,DRA,griseocollis,griseocollis,M,6.109593041,16.12650264,277.41665,m01,Mentum length
OW220720-010,3.533387371,0.776759873,6.521836302,0.26533642,0.180355362,3.161120804,0.242496191,0.844120329,0.148831498,NA,2.829562865,0.335376932,3.916172033,0.66104976,0.526146073,DRA,griseocollis,griseocollis,M,5.035861117,21.70947448,236.68545,m01,Mentum length
OW220720-011,2.883244537,0.736193467,5.330303984,0.272252477,0.132746312,2.259025223,0.29201298,0.926517395,0.197750925,0.180255424,2.606774176,0.201273912,2.92902737,0.632101833,0.57099767,DRA,terricola,terricola,W,4.438924796,14.71285705,176.91806,m01,Mentum length
OW220720-012,2.499861542,0.789652021,4.810325067,0.260656553,0.106073155,1.92693708,0.321534015,0.729814633,0.182424015,0.356023365,2.449180599,0.402142861,2.48899689,0.620777261,0.540478865,DRA,terricola,terricola,W,4.926777836,17.20713042,304.02631,m01,Mentum length
OW220720-016,2.825820502,1.104966758,4.419559414,0.2299857,0.051356829,2.531864677,0.184609073,0.846964622,0.177220925,NA,2.136459353,0.332961453,3.441375786,0.588942902,0.454412585,DRA,ternarius,ternarius,W,3.876460917,14.16990423,264.4844,m01,Mentum length
FJ190715-001,2.768280479,0.835901916,4.523987702,0.257250837,0.1106469,2.654134099,0.449628942,1.041999991,0.253468734,0.414343638,2.954917454,0.297925963,4.159928015,0.791144789,0.606653699,DRA,bimaculatus,bimaculatus,M,4.656952577,20.75715032,218.241,m01,Mentum length
FJ190710-002,2.802478047,1.150604116,4.872972866,0.271353867,0.113256661,2.934376046,0.479402371,1.084799976,0.225644497,0.407413691,2.99692282,0.401928508,4.319967517,0.856778972,0.62339642,DRA,bimaculatus,bimaculatus,M,5.228237026,18.74399042,212.724,m01,Mentum length
FJ190814-001,2.618240651,0.86088234,4.613533598,0.218137678,0.102351051,3.146768894,0.43724396,1.003815429,0.168658447,0.423434005,3.312444979,0.343002404,4.245781581,0.822196853,0.588099165,DRA,bimaculatus,bimaculatus,M,4.877006377,19.97131267,210.055,m01,Mentum length
FJ190627-005,2.146175647,0.912316169,3.469688948,0.226694762,0.117881297,2.373077257,0.342001169,0.787854792,0.238622491,0.141578895,2.67867649,0.253005977,3.117849943,0.692069081,0.491504334,DRA,impatiens,impatiens,W,4.201,16.837,155.96011,m01,Mentum length
FJ190705-001,2.404227437,0.947615098,4.126824625,0.255162895,0.046184436,2.838634926,0.403611979,0.981894947,0.282261183,0.348537272,2.59867643,0.367439503,NA,0.706486301,0.58720619,DRA,bimaculatus,bimaculatus,W,4.158,19.511,245.81701,m01,Mentum length
FJ190716-012,2.768630594,1.078177061,4.507723695,0.278190612,0.11453377,3.064597259,0.504991922,1.03899336,0.243802599,0.253566643,2.769290089,0.427427032,4.119775141,0.807459365,0.591078552,DRA,bimaculatus,bimaculatus,W,5.03,21.884,105.23202,m01,Mentum length
FJ190724-005,3.02951522,1.084296443,5.080820562,0.270951534,0.106445144,3.538837662,0.394148954,1.129929671,0.204928855,0.216341291,2.743184858,0.384800105,4.551666164,0.831925356,0.652836414,DRA,bimaculatus,bimaculatus,W,5.3,23.674,98.0816,m01,Mentum length
FJ190827-010,2.5423782,0.878444531,3.794704815,0.223650715,0.116797214,2.91338163,0.481019582,0.885313347,0.232205306,0.352223219,2.573756559,0.351524855,3.683409504,0.622387558,0.483714398,DRA,bimaculatus,bimaculatus,W,4.201,17.666,277.36218,m01,Mentum length
JL190703-008,2.817549578,1.134096804,4.48345624,0.276676649,0.143577541,3.056289267,0.460999744,1.082829391,0.26086233,0.366980137,2.153842069,0.451350927,3.934495993,0.358039877,NA,DRA,bimaculatus,bimaculatus,W,4.687,20.537,108.45993,m01,Mentum length
MY190612-001,2.178231358,0.747630518,3.114764959,0.193175841,0.096587921,2.508426454,0.323688664,0.605496402,0.132517535,0.146583662,2.078801364,0.189424485,3.086871479,0.477091404,0.446230844,DRA,bimaculatus,bimaculatus,W,3.896,16.404,153.91231,m01,Mentum length
FJ190718-004,2.176040743,0.967564235,3.311811532,0.234469218,0.042698092,2.194521548,0.36020369,0.771692285,0.251568921,NA,2.232445635,0.27605241,3.037197248,0.66033288,0.556357462,DRA,impatiens,impatiens,W,4.435,18.677,148.53357,m01,Mentum length
FJ190822-003,2.921239201,1.118383251,4.613131522,0.267375627,0.091909255,3.161604241,0.564023953,0.999807907,0.261733145,0.363132954,2.874366418,0.42208077,4.205248193,0.897869391,0.578891483,DRA,impatiens,impatiens,W,5.886,22.538,207.86775,m01,Mentum length
FJ190716-002,2.14200468,0.980479578,3.173027575,0.214482904,0.043007785,2.251610204,0.360523108,0.752835759,0.229381026,0.321082784,2.230418189,0.312142072,3.040282201,0.568192371,0.486577726,DRA,ternarius,ternarius,W,4.442,17.488,141.43393,m01,Mentum length
RGA190718-001,1.945824493,0.87047143,2.778355863,0.212171827,0.092709158,1.868505164,0.31456587,0.721938726,0.217322299,NA,1.967183998,0.348556348,2.581029756,0.623292591,0.46336364,DRA,ternarius,ternarius,W,3.6,16.808,149.54747,m01,Mentum length
FJ190718-005,2.193243014,1.031760708,2.948954629,0.226177117,0.103930335,2.00861723,0.356999361,0.768784926,0.200923048,0.169458612,2.166977386,0.203376245,2.691940616,0.572317842,0.428732651,DRA,terricola,terricola,W,4.665,18.798,254.02362,m01,Mentum length
JL190711-004,2.44177376,1.116621424,3.198563739,0.255868416,0.095754632,2.111926655,0.361714049,0.827454941,0.265635995,0.139667391,2.373040503,0.364977571,3.00084601,0.736333594,0.551508795,DRA,terricola,terricola,W,5.257,20.198,163.13049,m01,Mentum length
FJ190718-001,2.287470082,0.974835511,3.626100463,0.227759215,0.041071078,2.506680853,0.298330794,0.745813009,0.183675404,0.120679465,2.43696209,0.316315401,3.400844448,0.476887496,0.356857738,DRA,vagans,vagans,W,3.631,19.883,122.34741,m01,Mentum length
JL190718-002,2.185057879,0.82299833,3.347018151,0.196918903,0.04693411,2.427673909,0.2757788,0.86544416,0.140329474,0.280774972,2.305422665,0.378749278,3.035579149,0.623930917,0.524540199,DRA,vagans,vagans,W,4.111,17.049,152.98511,m01,Mentum length
PF190709-007,2.538569456,1.120814396,4.145416366,0.257558097,0.130783684,2.711464409,0.365434961,0.955392741,0.258730797,NA,2.824584697,0.328575512,3.729125959,0.757040168,0.587625575,DRA,vagans,vagans,W,4.904,20.78,108.37384,m01,Mentum length
DRA190709-003,2.33174208,0.939532027,4.017416143,0.222639027,0.094316128,2.639862464,0.36592607,0.964157474,0.245830024,0.399528487,2.497921339,0.373674695,3.456346408,0.665064521,0.504690369,DRA,bimaculatus,bimaculatus,W,4.168,17.494,255.84023,m01,Mentum length
DRA190709-010,2.380168632,0.920707738,3.742027574,0.241895685,0.102027574,2.222930248,0.443344163,0.974142053,0.239262671,0.364098302,2.396985745,0.329747052,3.453704998,0.73023507,0.615149079,DRA,bimaculatus,bimaculatus,W,4.39,19.968,243.3105,m01,Mentum length
DRA190709-011,2.565360893,0.925044146,4.201682844,0.254854446,0.113074116,2.811493472,0.435911204,0.958890581,0.250067793,0.433969028,2.591732805,0.406583401,3.885704455,0.804314242,0.541341158,DRA,bimaculatus,bimaculatus,W,4.517,18.998,206.43858,m01,Mentum length
DRA190709-012,2.382953268,0.878181096,3.97152689,0.218021428,0.116779138,2.662574543,0.351678607,0.934314285,0.201816381,0.401406822,2.389455912,0.330163266,3.441026614,0.64858506,0.573265348,DRA,bimaculatus,bimaculatus,W,4.268,20.304,241.93388,m01,Mentum length
FJ190612-001,2.110582708,0.700119348,3.013920355,0.195927582,0.111924194,2.062536867,0.307439432,0.678422234,0.150047731,0.300809422,2.230104704,0.313944608,2.932853648,0.654056128,0.446160986,DRA,bimaculatus,bimaculatus,W,3.299,13.888,160.93339,m01,Mentum length
FJ190619-005,2.221579762,0.961300435,3.766422855,0.23536238,0.110376521,2.439346806,0.368572908,0.851116443,0.240323388,0.310228265,2.316338099,0.367229947,3.465228005,0.697001174,0.566840361,DRA,bimaculatus,bimaculatus,W,4.056,18.564,130.73351,m01,Mentum length
FJ190619-008,2.513067073,0.864274682,3.472624737,0.227477171,0.105908617,2.493573117,0.475349116,0.798282298,0.225477871,0.290750876,2.436001873,0.366858976,3.398168803,0.833980348,0.574858054,DRA,bimaculatus,bimaculatus,W,4.877,20.925,250.88289,m01,Mentum length
FJ190621-001,2.256030905,0.969725438,3.751009224,0.231249578,0.117336571,2.424191022,0.378182944,0.889317086,0.245734058,0.325472112,2.209744425,0.29166923,3.296476894,0.726736774,0.516232264,DRA,bimaculatus,bimaculatus,W,3.752,16.783,298.59821,m01,Mentum length
FJ190627-001,2.248119831,0.887251835,3.734299272,0.226818958,0.111402699,2.411233554,0.409338992,0.834240423,0.194344793,0.288062154,2.387893535,0.279527952,3.357854195,0.709107541,0.49132923,DRA,bimaculatus,bimaculatus,W,3.835,16.676,251.34041,m01,Mentum length
FJ190628-003,2.41943305,0.884935664,3.828838004,0.255440807,0.121208128,2.518134259,0.418495988,0.954317697,0.253859115,0.300786012,2.450816206,0.393629852,3.454891907,0.756839186,0.522839491,DRA,bimaculatus,bimaculatus,W,4.427,17.715,252.98221,m01,Mentum length
FJ190628-004,2.533284832,0.948365268,4.091096123,0.233590543,0.111862045,2.745176118,0.391977546,0.998858233,0.225592374,0.239139769,2.499134196,0.294270215,3.845183271,0.799215925,0.541678431,DRA,bimaculatus,bimaculatus,W,4.239,17.877,260.32458,m01,Mentum length
FJ190628-005,2.405369559,0.862168052,3.878909425,0.214691965,0.108431285,2.556424678,0.36324281,0.898124563,0.200222034,0.30253008,2.260114533,0.275900718,3.434503119,0.744319534,0.555672837,DRA,bimaculatus,bimaculatus,W,4.229,15.028,263.19406,m01,Mentum length
FJ190628-011,2.471568907,0.915643634,4.088873589,0.25334363,0.090044131,2.496218758,0.399146884,0.905030583,0.25334363,0.417021125,2.6379275,0.337440928,3.741182877,0.707169545,0.547906216,DRA,bimaculatus,bimaculatus,W,4.717,19.529,245.10859,m01,Mentum length
FJ190628-012,2.343423237,0.912979467,3.779401345,0.206028636,0.091140903,2.322307226,0.433278811,0.914980564,0.233003216,0.354086477,2.396655341,0.304731248,3.266873943,0.698474053,0.520175039,DRA,bimaculatus,bimaculatus,W,4.372,18.096,256.14449,m01,Mentum length
FJ190628-013,2.525066939,1.042054506,4.129065317,0.244489425,0.127971599,2.700566624,0.365861595,0.91818704,0.216697408,0.327670361,2.659343515,0.347567943,3.74716463,0.81546237,0.625676241,DRA,bimaculatus,bimaculatus,W,4.437,19.812,244.6242,m01,Mentum length
FJ190703-005,2.381477025,0.961975225,4.146261249,0.213034949,0.126218026,2.27808685,0.40212367,1.015553552,0.234596978,0.405893777,2.326400314,0.454470434,3.672109976,0.702271656,0.554132804,DRA,bimaculatus,bimaculatus,W,4.473,20.815,253.65331,m01,Mentum length
FJ190703-006,2.157157311,0.895120765,3.197284093,0.233508023,0.091693176,1.886757673,0.403234898,0.823935172,0.216669837,0.361470301,2.146521952,0.296354893,2.9270309,0.693400769,0.532608831,DRA,vagans,cf bimaculatus,W,4.143,15.406,305.71228,m01,Mentum length
FJ190705-002,2.347123308,0.87692383,3.642200474,0.223803109,0.089223268,2.520492269,0.353863773,0.888366426,0.228934295,0.305436423,2.318638355,0.307147577,3.272087387,0.63926786,0.565350806,DRA,bimaculatus,bimaculatus,W,3.905,18.241,250.50349,m01,Mentum length
FJ190705-004,2.19824165,0.738131306,3.435180714,0.212449093,0.104235099,2.075756499,0.378166538,0.854749192,0.23441455,0.381712807,2.331526637,0.245756405,3.154382427,0.639205469,0.468205655,DRA,bimaculatus,bimaculatus,W,4.088,17.261,307.14817,m01,Mentum length
FJ190709-004,2.7441868,1.097477951,4.86641082,0.266065908,0.14827031,3.278102244,0.499711818,1.096774648,0.304902669,0.45880959,2.923546796,0.339996258,3.892644232,0.801508324,0.618737178,DRA,bimaculatus,bimaculatus,W,4.471,18.188,108.00463,m01,Mentum length
FJ190709-005,2.842894025,1.082968505,4.735580382,0.269556993,0.138564182,3.209131032,0.371716105,1.079148155,0.279598464,0.441630557,3.012868147,0.367806131,4.255004747,0.769617969,0.580123808,DRA,bimaculatus,bimaculatus,W,4.561,21.146,156.20819,m01,Mentum length
FJ190709-006,2.421050312,1.098276382,4.241900169,0.248223707,0.108788236,2.760766375,0.502178131,1.013656255,0.226298143,0.383220207,2.668748824,0.428330388,3.764021214,0.818169837,0.601463303,DRA,bimaculatus,bimaculatus,W,4.114,19.547,205.54318,m01,Mentum length
FJ190709-007,2.60650875,1.085202038,4.387615422,0.250721582,0.10580992,2.970226279,0.393492303,0.991903051,0.264134241,0.359234285,2.65148929,0.378740228,3.93435573,0.798298379,0.584241015,DRA,bimaculatus,bimaculatus,W,4.36,19.92,104.3887,m01,Mentum length
FJ190709-010,2.591426136,1.067902204,4.387306464,0.242073196,0.133980689,2.782671965,0.486488993,1.00668921,0.228160829,0.355603036,2.644556124,0.375198963,4.065257291,0.741359577,0.576445591,DRA,bimaculatus,bimaculatus,W,4.504,17.962,105.55357,m01,Mentum length
FJ190709-012,2.359553212,0.893688805,3.794194389,0.229253915,0.116261721,2.606115431,0.39661514,0.876682003,0.233032057,0.368792895,2.392249165,0.280904384,3.443345506,0.667157895,0.503686094,DRA,bimaculatus,bimaculatus,W,4.192,17.878,249.81593,m01,Mentum length
FJ190710-001,2.721270841,1.057365844,4.701855802,0.283710237,0.14447039,3.094163415,0.388225718,1.051040726,0.244047053,0.401256591,2.837912644,0.580961792,4.297287667,0.846262459,0.608295062,DRA,bimaculatus,bimaculatus,W,4.471,21.839,102.45975,m01,Mentum length
FJ190716-005,2.428132679,1.10721275,4.034390835,0.253606586,0.124204339,2.407350509,0.403112898,1.08987028,0.23983131,0.422443047,2.486033399,0.450922637,3.675223251,0.753502792,0.569001467,DRA,bimaculatus,bimaculatus,W,3.842,18.6,118.35915,m01,Mentum length
FJ190716-006,2.810675039,1.145121143,4.900208132,0.272518084,0.116297612,3.246548463,0.386537407,1.117061855,0.296460663,0.482218283,2.997919239,0.627519987,4.469413284,0.846053412,0.593842879,DRA,bimaculatus,bimaculatus,W,4.977,20.382,106.66771,m01,Mentum length
FJ190716-007,2.958856284,1.255352383,5.155275213,0.271248816,0.130287267,3.687512289,0.542826399,1.133990016,0.228268503,0.398351556,3.310789474,0.549645948,4.776418644,0.922431373,0.682619656,DRA,bimaculatus,bimaculatus,W,5.675,22.727,199.62465,m01,Mentum length
FJ190716-008,2.753166595,1.018089626,4.494157712,0.279438965,0.155482017,2.855735845,0.459760444,1.124908131,0.279705809,0.472984497,2.820123842,0.440902152,4.126644535,0.858961359,0.642349721,DRA,bimaculatus,bimaculatus,W,5.141,18.325,200.5293,m01,Mentum length
FJ190716-013,2.84764264,0.988864067,4.511285131,0.251531065,0.127334057,3.073838703,0.412868205,1.089793183,0.26878943,0.382754974,2.871587409,0.382560842,4.091719139,0.842260303,0.642261199,DRA,bimaculatus,bimaculatus,W,5.453,21.583,218.76928,m01,Mentum length
FJ190724-004,2.828329523,1.065619421,4.967010788,0.301012214,0.136266315,3.228966985,0.391145417,1.080118711,0.274506424,0.436261915,3.120752998,0.468352518,4.446348111,0.860386095,0.660851945,DRA,bimaculatus,bimaculatus,W,4.994,22.591,104.31683,m01,Mentum length
FJ190814-004,2.367254488,0.879783221,3.944758904,0.220986394,0.121909613,2.630400232,0.356280047,0.856775293,0.228792449,0.36551727,2.547351987,0.350459093,3.54753008,0.741936595,0.521917403,DRA,bimaculatus,bimaculatus,W,3.51,17.335,250.3198,m01,Mentum length
FJ190814-009,2.646626822,0.967440005,4.402841992,0.264547318,0.111343467,2.917643041,0.373691567,1.028423844,0.230068603,0.371120516,2.801627673,0.430313982,3.984315554,0.881225454,0.589741175,DRA,bimaculatus,bimaculatus,W,3.616,18.726,221.81975,m01,Mentum length
FJ190827-013,2.822340373,1.118636396,4.748284198,0.237577188,0.12383706,3.230872166,0.474018757,0.983250214,0.253732536,0.431262386,3.003607164,0.346466732,4.439588526,0.784853068,0.629470262,DRA,bimaculatus,bimaculatus,W,4.783,21.404,202.0396,m01,Mentum length
JL190619-009,2.59920706,0.89744315,4.368950576,0.246099164,0.127272901,2.805757705,0.330854327,1.066732979,0.254017308,0.377523994,2.620393607,0.459634654,3.764582559,0.812997294,0.707309481,DRA,bimaculatus,bimaculatus,W,4.33,20.745,236.23717,m01,Mentum length
JL190627-001,2.148983744,0.821169453,3.564661983,0.209903338,0.122317193,2.245059332,0.372493461,0.90240174,0.210034314,0.393043171,2.407233752,0.320332186,3.360057847,0.720992017,0.480419674,DRA,bimaculatus,bimaculatus,W,3.832,13.861,254.24398,m01,Mentum length
JL190628-005,2.763637957,1.103517863,4.558199778,0.268672447,0.110373664,3.048802239,0.470426936,1.117694268,0.259057236,0.452695322,3.014727904,0.449429321,4.258023471,0.846842888,0.601212413,DRA,bimaculatus,bimaculatus,W,4.798,21.216,208.43224,m01,Mentum length
JL190703-003,2.155411373,0.922758846,4.139343983,0.215193542,0.100406898,2.608844247,0.392651482,0.897713611,0.22489946,0.404085496,2.433375939,0.280396904,3.4207592,0.699585345,0.499730119,DRA,bimaculatus,bimaculatus,W,3.778,17.016,149.80654,m01,Mentum length
JL190703-007,2.646638571,1.104806148,4.289264778,0.259204873,0.136725697,2.774445316,0.453088521,0.988370749,0.250764009,0.450830179,2.619984639,0.385051201,3.860129633,0.746577802,0.623778668,DRA,bimaculatus,bimaculatus,W,4.382,19.435,200.15133,m01,Mentum length
JL190703-013,2.117507197,0.789421035,3.458122494,0.221447152,0.102813407,2.237913317,0.383273482,0.778565124,0.190621855,0.329108831,2.146526486,0.317459056,3.042332421,0.657395988,0.509501717,DRA,bimaculatus,bimaculatus,W,3.703,16.239,319.31176,m01,Mentum length
JL190716-005a,2.051544374,0.672186636,3.12239136,0.199701224,0.084952108,2.038862891,0.382639925,0.758226267,0.184654282,0.376309261,2.053439992,0.327025643,3.041943628,0.630420877,0.449827228,DRA,bimaculatus,bimaculatus,W,3.739,14.166,318.04402,m01,Mentum length
JL190724-003,2.635621406,0.988378569,4.486341532,0.248614746,0.159799361,2.977378978,0.432243946,0.988811368,0.253721316,0.312058228,2.717073536,0.438271106,4.091428283,0.807722049,0.569106149,DRA,bimaculatus,bimaculatus,W,4.657,18.392,109.28861,m01,Mentum length
JL190731-004,3.009938003,1.006299239,5.061427664,0.260021406,0.172116525,3.328474358,0.358501906,1.138516586,0.26312318,0.401219269,2.908594617,0.370824342,4.512402065,0.879827014,0.628601901,DRA,bimaculatus,bimaculatus,W,5.139,19.413,103.35376,m01,Mentum length
JL190806-004,2.662533638,0.976987845,4.339314435,0.25046709,0.1360041,2.921787329,0.474619318,1.043836855,0.243410265,0.414174219,2.812863156,0.403243497,3.926488347,0.791984483,0.546040411,DRA,bimaculatus,bimaculatus,W,4.297,19.267,242.52835,m01,Mentum length
JL190806-008,2.78757382,0.977282665,4.51104141,0.252048382,0.139920173,2.988028383,0.436459784,1.049333095,0.233660973,0.445784894,2.911459289,0.346245008,4.24923592,0.868701025,0.597472326,DRA,bimaculatus,bimaculatus,W,4.767,19.691,201.01962,m01,Mentum length
LMB190715-001,2.875581518,1.102821945,4.825078505,0.248339284,0.12205165,2.990530098,0.436133376,1.077670742,0.231279137,0.399375542,2.942592655,0.406838867,4.295813946,0.809571095,0.496678618,DRA,bimaculatus,bimaculatus,W,5.107,22.65,197.99888,m01,Mentum length
MY190619-002,2.533380644,0.8404444,4.0095372,0.232061111,0.128142135,2.538947056,0.413369033,0.970785164,0.245830209,0.33508345,2.476560518,0.34495744,3.438668227,0.706455523,0.502299406,DRA,bimaculatus,bimaculatus,W,4.234,19.75,258.58848,m01,Mentum length
MY190621-001,2.446392855,0.956457965,4.230492849,0.246545405,0.125652801,2.637173464,0.407456522,1.025300461,0.261301783,0.358852349,2.403013846,0.379329841,3.75431645,0.697014099,0.543069003,DRA,bimaculatus,bimaculatus,W,3.936,17.23,235.60796,m01,Mentum length
MY190621-002,2.371435808,0.939247779,3.975666903,0.21963239,0.113175492,2.485287651,0.395979126,0.919996993,0.247642834,0.363506526,2.453452125,0.448940508,3.525437965,0.724472262,0.548608577,DRA,bimaculatus,bimaculatus,W,4.216,18.265,246.45486,m01,Mentum length
PF190709-008,2.771217521,0.996364465,4.242038165,0.292107191,0.156483923,2.417222537,0.473052825,1.058825158,0.274840524,0.379259622,2.759634302,0.471835724,3.816792395,0.840808989,0.596284784,DRA,bimaculatus,bimaculatus,W,4.552,21.459,251.75385,m01,Mentum length
PF190709-009,2.430188122,0.981839065,4.035439632,0.228779684,0.099172569,2.596971038,0.382373669,0.955116673,0.184929909,0.401874328,2.452475139,0.379883084,3.726673509,0.735806141,0.492447928,DRA,bimaculatus,bimaculatus,W,4.248,17.896,259.65789,m01,Mentum length
PF190724-001,2.953971302,1.249966216,5.085222382,0.283998368,0.158291775,3.352873404,0.449040791,1.055782897,0.281827623,0.444458681,3.168279201,0.41209953,4.658611863,0.858934639,0.597298589,DRA,bimaculatus,bimaculatus,W,5.58,24.069,104.19,m01,Mentum length
PF190724-008,2.444387799,0.95148228,4.051488567,0.178945613,0.077010495,2.764835382,0.350508965,0.923766823,0.194131082,0.382113293,2.390303168,0.345965723,3.62570356,0.651204463,0.554886727,DRA,bimaculatus,bimaculatus,W,4.141,18.397,153.15497,m01,Mentum length
FJ190809-011,1.756756522,0.734156089,2.551390297,0.180832553,0.078995251,1.683652283,0.315298259,0.647805603,0.182071845,NA,1.917493524,0.231384345,2.35499239,0.467141683,0.381975977,DRA,fervidus,cf borealis,W,3.441106384,13.91595619,308.00649,m01,Mentum length
FJ190703-003,3.717809058,1.375011365,6.26826315,0.36076966,0.173567247,4.381023935,0.587811045,1.306527146,0.287561455,0.501086229,3.82556417,0.554440047,5.730367111,0.97231143,0.864926568,DRA,cf borealis,borealis,WQ,6.075,22.34,85.02353,m01,Mentum length
JL190628-003,3.756276466,1.258610396,6.177234566,0.336157451,0.127354167,4.345789058,0.504012103,1.200283568,0.287282511,0.480295092,3.706638133,0.525853831,5.624394558,1.03860606,0.679435486,DRA,borealis,cf borealis,Q,6.891,21.805,91.42088,m01,Mentum length
MY190619-004,3.801549608,1.352636804,5.921043944,0.336560146,0.137440322,3.984616731,0.43493477,1.2289814,0.261075314,0.487412961,4.106587003,0.438824497,5.464202937,1.044142241,0.800413271,DRA,borealis,cf borealis,Q,6.926,27.454,81.81551,m01,Mentum length
FJ190709-002,2.763690501,1.235374585,4.948787773,0.275386855,0.115756031,3.676506684,0.506128407,1.101866349,0.258879449,NA,2.749567459,0.425382834,4.285033514,0.790614338,0.56910285,DRA,borealis,cf borealis,W,5.056,22.899,108.33077,m01,Mentum length
FJ190809-003,2.812892833,1.021425455,4.828662136,0.285814663,0.10181725,3.219309417,0.55066098,1.06350296,0.266724285,0.448024814,2.874606763,0.373545852,4.17574874,0.816176745,0.601325447,DRA,borealis,cf borealis,W,5.207,19.825,196.43037,m01,Mentum length
FJ190827-002,3.349373106,1.014493809,5.400917037,0.277307038,0.101133973,3.409109335,0.522565005,1.061684621,0.281121137,0.414932478,3.528026837,0.346197446,5.058449908,0.933443625,0.601331215,DRA,borealis,cf borealis,W,5.551664494,23.475,200.15994,m01,Mentum length
FJ190827-005,3.126147227,1.026744651,5.252319132,0.29263901,0.124347677,3.536338839,0.46589961,1.089519471,0.259575871,0.46213135,3.171214795,0.42322961,4.809331107,0.994004433,0.621697493,DRA,borealis,cf borealis,W,5.561463982,24.94417327,209.09116,m01,Mentum length
FJ190827-007,3.173041995,1.141159739,5.473280622,0.304414426,0.104063743,3.5075225,0.505956444,1.106574494,0.254472864,0.36903579,3.239426238,0.458821798,4.935037591,0.879690981,0.560219014,DRA,borealis,cf borealis,W,5.575,19.273,172.2353,m01,Mentum length
JL190619-006,3.322870889,1.160698305,5.592920026,0.350366153,0.155048428,3.931591499,0.531811905,1.079157903,0.271171966,0.47686607,3.183020811,0.405686781,5.010686789,1.011679856,0.757356301,DRA,borealis,cf borealis,W,6.146,26.31,90.39666,m01,Mentum length
PRM190709-001,2.771520919,1.086245587,4.897999158,0.219718332,0.142164956,3.329123919,0.445974182,1.015232177,0.260879732,0.446410974,3.024289926,0.502134462,4.291904314,0.817379294,0.600466936,DRA,borealis,cf borealis,W,4.955,20.119,151.00993,m01,Mentum length
FJ190711-001a,3.538008691,1.342670273,5.866123113,0.338377362,0.142920875,4.239892839,0.55461536,1.125584615,0.276670619,0.432405535,3.73971593,0.394982013,5.078307476,1.022430119,0.757962694,DRA,borealis,cf fervidus,Q,7.104,36.347,178.53851,m01,Mentum length
AOI190709-001,2.691624443,0.950429037,4.15097256,0.264006254,0.082042189,2.740169261,0.45259468,1.022567296,0.2289731,0.41535671,2.496918751,0.351272595,3.91383486,0.732250815,0.540081978,DRA,borealis,cf fervidus,W,4.687,18.18,240.09257,m01,Mentum length
FJ190709-003,2.597260976,0.935367334,3.797873247,0.258425939,0.095831489,2.516913673,0.425814708,0.873848161,0.216902146,0.394747483,2.54935493,0.343341737,3.592503849,0.746906026,0.524230365,DRA,borealis,cf fervidus,W,4.386216547,18.99150626,224.77643,m01,Mentum length
FJ190827-009,2.9844994,1.068658968,4.895554789,0.309202509,0.081416217,3.400503499,0.570696711,0.98829869,0.232386323,0.450021096,3.070057738,0.349787143,4.068483903,0.756832783,0.444236503,DRA,borealis,cf fervidus,W,4.507,19.801,200.04,m01,Mentum length
FJ190827-017a,2.939059614,0.967055566,4.79807748,0.288539921,0.08948724,3.390018431,0.481605009,1.022260835,0.218844542,0.351777467,3.042074942,0.406152219,4.430491555,0.899420252,0.572564443,DRA,borealis,cf fervidus,W,4.891,21.755,212.61467,m01,Mentum length
DRA190824-005,2.242157386,0.877147268,3.497942948,0.238373283,0.126164113,2.134613144,0.356874302,0.790671417,0.252047875,0.293791454,2.416137554,0.2568114,3.228066297,0.764023327,0.454891192,DRA,impatiens,impatiens,M,4.157562138,17.19849035,296.66479,m01,Mentum length
DRA190815-002,2.147543904,0.905859759,3.610018406,0.156532094,0.097832559,2.352627127,0.384401029,0.8271429,0.242908617,0.360470168,2.126258004,0.28545357,3.047554568,0.632121834,0.508883138,DRA,impatiens,impatiens,W,4.275624412,17.74775119,255.53865,m01,Mentum length
DRA190815-003,2.299574262,0.761444147,3.71059336,0.240925577,0.083866274,2.491966467,0.359997152,0.807726686,0.239455409,0.33238444,2.214229149,0.308365291,3.085017068,0.653604038,0.495948726,DRA,impatiens,impatiens,W,4.01207417,17.81981828,244.50949,m01,Mentum length
DRA190815-004,2.464558598,0.998192669,3.63273262,0.266799233,0.102440648,2.555901769,0.399478887,0.873562286,0.255679734,0.35567508,2.491742913,0.333145717,3.463746554,0.702409463,0.553293943,DRA,impatiens,impatiens,W,4.500044577,20.22766202,260.63853,m01,Mentum length
AOI190715-001,2.174092465,0.93038186,3.358263787,0.219218219,0.104783311,2.082344795,0.380785437,0.846328368,0.207338222,0.34643163,2.265207122,0.262650565,2.851306224,0.688510032,0.428696497,DRA,impatiens,impatiens,W,3.692388366,13.24034582,324.41674,m01,Mentum length
DRA190709-004,2.153610552,0.940039866,3.36087299,0.23602565,0.122432235,2.220618245,0.399360048,0.838613441,0.208886646,0.350447757,2.260057854,0.388377323,3.038543068,0.681370343,0.473245061,DRA,impatiens,impatiens,W,4.31,16.697,153.72414,m01,Mentum length
DRA190824-006,2.001830669,0.8082193,2.91534961,0.221809435,0.087141047,1.988021468,0.328512077,0.706625976,0.21019044,0.278201269,2.209378117,0.299403242,2.858131266,0.607946623,0.470901504,DRA,impatiens,impatiens,W,3.817879397,15.11198098,355.93008,m01,Mentum length
FJ190529-001,3.613197726,1.361594446,5.253303868,0.323547273,0.192944174,3.782276362,0.467607796,1.141201695,0.260792768,0.333539714,3.497884389,0.692636109,4.769215663,1.078698352,0.81030282,DRA,impatiens,impatiens,W,6.147381338,22.94759351,169.41206,m01,Mentum length
FJ190612-002,2.13241944,0.827374241,3.370323736,0.201597374,0.101510715,2.240169999,0.345221608,0.749429186,0.215593054,0.322527242,2.315995191,0.296268284,2.959653789,0.694520402,0.504012517,DRA,impatiens,impatiens,W,4.321,17.141,304.23675,m01,Mentum length
FJ190627-004,2.343335047,0.990952727,3.83100924,0.244599474,0.11749524,2.558114561,0.336996597,0.861295643,0.250067613,0.310669694,2.477060201,0.330270396,3.457330651,0.758476758,0.555122393,DRA,impatiens,impatiens,W,4.212,19.807,148.93548,m01,Mentum length
FJ190703-013,2.132562598,0.984159256,3.246323243,0.225260485,0.108996401,2.261478506,0.376693219,0.785604408,0.185554432,0.298084568,2.127203785,0.343661517,2.862631852,0.545731955,0.456496895,DRA,impatiens,impatiens,W,4.166,18.066,161.4779,m01,Mentum length
FJ190705-003,2.210775427,0.910532973,3.491834596,0.244004027,0.104471788,2.256548417,0.406867126,0.927001674,0.250279976,0.335428442,2.373513347,0.329829639,3.181583049,0.73559307,0.493638717,DRA,impatiens,impatiens,W,4.720565334,20.09659559,251.7181,m01,Mentum length
FJ190705-005,2.300279672,0.972562292,3.664205027,0.243524271,0.131918957,2.1738239,0.437747135,0.934807655,0.234181874,0.365519308,2.430925411,0.307034275,3.33954653,0.741670801,0.508122372,DRA,impatiens,impatiens,W,4.332,17.949,153.30435,m01,Mentum length
FJ190710-003,2.47353766,1.031148301,3.963084429,0.270091183,0.128015704,2.427750846,0.444306203,0.95414471,0.241838135,0.418265332,2.535222211,0.399211391,3.520127559,0.815194302,0.549591466,DRA,impatiens,impatiens,W,5.02,17.698,243.1497,m01,Mentum length
FJ190710-004,2.418465473,1.041556474,3.978604729,0.256169403,0.143668269,2.529068083,0.415637416,0.892451548,0.251684689,0.324031892,2.585610339,0.317014532,3.503385305,0.763080515,0.550845364,DRA,impatiens,impatiens,W,5.446,18.484,124.94443,m01,Mentum length
FJ190715-002,2.42811374,0.986393928,3.663034622,0.238432295,0.09802862,2.169540731,0.413202446,0.90776909,0.261348001,0.350682411,2.572494551,0.35914364,3.272226489,0.712395605,0.523962417,DRA,impatiens,impatiens,W,4.433,20.322,292.98464,m01,Mentum length
FJ190716-004,2.079326772,0.910115982,3.343069039,0.226323237,0.113357841,2.150502795,0.37101213,0.794960676,0.189109764,0.333241669,2.248813546,0.29165474,3.003708068,0.623066982,0.501597425,DRA,bimaculatus,bimaculatus,W,3.125,16.118,141.42136,m01,Mentum length
FJ190716-009,2.360018808,1.034373767,3.769971915,0.258621225,0.129060517,2.43031603,0.425827618,0.851029082,0.233875192,NA,2.480620859,0.328937376,3.325973008,0.761679964,0.526700493,DRA,impatiens,impatiens,W,5.141,18.325,248.80514,m01,Mentum length
FJ190814-006,2.570108728,0.997880123,3.961898276,0.249732806,0.115155714,2.373623089,0.434842718,0.888440074,0.263124823,0.348051087,2.647136545,0.436367254,3.578383452,0.760870023,0.645861239,DRA,impatiens,impatiens,W,4.875,21.493,217.79093,m01,Mentum length
FJ190814-007,2.304047304,0.927972703,3.790086734,0.23888198,0.102747029,2.480786737,0.4276588,0.914967866,0.220043875,0.268622763,2.321325686,0.392232296,3.349260567,0.604541333,0.404409618,DRA,impatiens,impatiens,W,4.78,17.611,249.61481,m01,Mentum length
FJ190814-008,2.643234471,1.025711409,4.241586971,0.257875679,0.117025741,2.657367349,0.456971293,0.875409517,0.226328625,0.395989907,2.807440537,0.446742239,3.842603822,0.811054113,0.533818158,DRA,impatiens,impatiens,W,4.821,22.784,259.8119,m01,Mentum length
FJ190822-001,2.402793107,0.924865846,3.891628088,0.243556559,0.108787257,2.587570416,0.399563262,0.938511468,0.258040015,0.383400484,2.498908522,0.4076918,3.441351073,0.744392465,0.501279951,DRA,impatiens,impatiens,W,4.743933079,14.44409535,246.34935,m01,Mentum length
FJ190822-002,2.845044589,1.042785087,6.260216053,0.275073761,0.145979926,3.211603528,0.529214237,1.02948699,0.266886477,0.336288103,2.934289234,0.41005578,3.954864293,0.820751966,0.565429417,DRA,impatiens,impatiens,W,5.09,23.187,174.49865,m01,Mentum length
FJ190827-014,2.380927987,0.947674131,3.559516965,0.225091705,0.103890855,2.289264605,0.390056572,0.86015146,0.246061579,0.256955217,2.459557091,0.36315903,3.267478116,0.720929483,0.525117403,DRA,impatiens,impatiens,W,4.804,17.507,292.65983,m01,Mentum length
FJ190827-015,2.372052433,0.983322197,3.808229164,0.241864315,0.111108808,2.329752299,0.441844756,0.879573555,0.215647492,0.321632246,2.561124337,0.259098213,3.370679905,0.765771601,0.524780222,DRA,impatiens,impatiens,W,4.49,18.872,252.36658,m01,Mentum length
FJ190827-016,2.282188566,0.900971737,3.434221409,0.232674366,0.099159936,2.274056831,0.38029976,0.858411519,0.223297233,0.212756437,2.342825582,0.358968091,3.20853292,0.714238435,0.451724034,DRA,impatiens,impatiens,W,4.533,16.274,293.15146,m01,Mentum length
FJ190828-001,2.310072326,1.03336134,3.891313384,0.22887636,0.097809758,2.388315451,0.425829311,0.902242945,0.214539993,0.312863854,2.348213562,0.336345664,3.560820223,0.723271302,0.540490362,DRA,impatiens,impatiens,W,4.867,19.483,252.92599,m01,Mentum length
FJ190828-002,2.416474715,0.98825456,4.114904705,0.267504933,0.115053797,2.920425885,0.48734234,0.934094188,0.247754956,0.355946282,2.815064771,0.408405518,3.954095071,0.885269219,0.675360597,DRA,impatiens,impatiens,W,5.389,22.819,209.40126,m01,Mentum length
FJ190828-003,2.754189251,1.088746613,4.27795412,0.265914093,0.109209552,2.75504003,0.419281219,0.996951826,0.283240466,NA,2.737915979,0.486458292,4.003444178,0.950669441,0.50045551,DRA,impatiens,impatiens,W,5.532358258,16.20993943,210.65401,m01,Mentum length
FJ190905-001,2.1203227,0.86160364,3.35839871,0.227800553,0.078491495,2.378111025,0.348205712,0.794664855,0.208611921,0.32866065,2.189100363,0.33710744,3.143330178,0.718338968,0.479812724,DRA,impatiens,impatiens,W,4.196,17.538,299.66648,m01,Mentum length
FJ190905-002,2.521775534,0.938175391,3.894842514,0.291041704,0.089814568,2.474127075,0.451045323,0.933603249,0.258512668,0.307625515,2.780584816,0.343246838,3.498070585,0.736910932,0.544278361,DRA,impatiens,impatiens,W,4.917,19.592,248.90962,m01,Mentum length
FJ190905-003,2.246093619,0.855044029,3.541855547,0.231600064,0.105983742,2.377726439,0.372868928,0.802867986,0.212026983,0.398934642,2.198362821,0.343775483,3.299157988,0.782730031,0.511670601,DRA,impatiens,impatiens,W,4.871,16.609,265.38693,m01,Mentum length
JL190627-002,2.544775808,0.794419251,3.283456824,0.162462595,0.125054826,2.161936869,0.333132341,0.812487015,0.226791781,0.336562686,2.082867479,0.313006358,2.92982205,0.568780483,0.384716092,DRA,impatiens,impatiens,W,4.002,15.244,155.08062,m01,Mentum length
JL190710-002,2.270577378,0.940481385,3.498650603,0.230188082,0.127711907,2.212683165,0.324789497,0.857823237,0.197989714,NA,2.194609449,0.313548482,3.222583547,0.684873725,0.470603803,DRA,impatiens,impatiens,W,4.654,17.04,150.6154,m01,Mentum length
JL190716-011,2.453395057,0.916215494,3.665266165,0.258525182,0.102091547,2.366065478,0.446587075,0.892688659,0.255573723,0.345412748,2.31239746,0.362857354,3.494982469,0.837792737,0.59842339,DRA,impatiens,impatiens,W,4.784,19.024,235.28706,m01,Mentum length
JL190716-012,2.1834061,0.967333911,3.405003297,0.234231186,0.111199942,2.22693006,0.38036739,0.846332039,0.219308972,0.387278202,2.234344664,0.331341245,3.079315142,0.68253119,0.492987982,DRA,impatiens,impatiens,W,4.413,17.944,301.91095,m01,Mentum length
JL190731-001,2.168241122,0.909058524,3.289660163,0.215387194,0.093071733,2.176808152,0.359154418,0.760851318,0.20695521,0.325085512,2.172931386,0.332202119,3.084830537,0.67632108,0.428174829,DRA,impatiens,impatiens,W,4.298,16.8,151.94882,m01,Mentum length
JL190806-005,2.577322984,1.030452706,3.968680055,0.249848393,0.113948408,2.764768426,0.438998821,0.914255565,0.288546966,0.283512558,2.602598993,0.361199273,3.411146539,0.761805038,0.554240565,DRA,impatiens,impatiens,W,4.924,21.444,286.5302,m01,Mentum length
JL190806-006,2.371918174,0.928205561,3.734474415,0.239224148,0.125754212,2.417784863,0.447773875,0.889976261,0.232519629,0.297815792,2.389624236,0.431416328,3.221257133,0.662129994,0.508495489,DRA,impatiens,impatiens,W,4.263,17.707,256.44493,m01,Mentum length
JL190806-007,2.795838542,1.14646312,4.241643062,0.246408184,0.132759064,2.72734551,0.471612765,1.013721137,0.242535628,0.460538503,2.636968586,0.364371654,3.981337491,0.851658319,0.597455053,DRA,impatiens,impatiens,W,,21.907,251.7459,m01,Mentum length
JL190910-001,2.396654244,0.965547277,3.988321763,0.2519236,0.124510285,2.609647885,0.487179589,0.943004659,0.261909379,0.429051974,2.505107979,0.446476752,3.618704187,0.806357664,0.520244559,DRA,impatiens,impatiens,W,5.015,19.538,254.54098,m01,Mentum length
PF190724-002,2.614473745,1.096240707,3.923597943,0.260311198,0.108931376,2.640272529,0.366303291,0.939401355,0.254594178,0.379165275,2.54828055,0.360089481,3.597516795,0.762257615,0.502091285,DRA,impatiens,impatiens,W,4.788,20.199,125.90826,m01,Mentum length
PF190724-003,2.485775087,0.962939342,3.899694491,0.246332171,0.112016,2.513765845,0.380142956,0.90726038,0.249629643,0.350826288,2.541148706,0.390497587,3.449929823,0.778988845,0.53315294,DRA,impatiens,impatiens,W,5.169,21.195,251.09538,m01,Mentum length
DRA220815-024,4.348632674,NA,6.730946083,0.294256281,0.094730673,3.783878354,0.3765854,1.201397563,0.23782577,0.48934452,2.925424117,0.481073211,4.876335819,0.555594781,NA,DRA,borealis,cf fervidus,W,4.686471622,18.65135402,190.37857,m01,Mentum length
DRA220815-021,3.101846188,0.906624209,4.539441121,0.193230975,0.098058074,3.247539906,0.38143987,0.867731849,0.170469437,0.455696635,2.8876679,0.468733986,4.970660939,0.642319212,NA,DRA,borealis,borealis,M,4.597031288,20.05274926,232.55107,m01,Mentum length
DRA220815-020,3.067126983,0.645351009,6.239013904,0.277381979,0.190225612,3.111031472,0.306524073,0.99008711,0.217893173,0.348026719,2.767260783,0.282726637,4.130915191,0.586695321,0.389253308,DRA,borealis,borealis,M,4.498975388,17.76012006,183.98369,m01,Mentum length
PF190724-004,2.344079186,0.941638688,3.340687121,0.223784899,0.093925569,2.122103482,0.349894373,0.804718761,0.188019756,0.293113569,2.473178632,0.369529614,3.206134397,0.656385688,0.458345079,DRA,impatiens,impatiens,W,4.091,16.165,313.31064,m01,Mentum length
PF190709-003,2.130315647,0.822190398,3.020982889,0.232757064,0.100995815,2.026325336,0.376319087,0.83158354,0.227257492,0.403566922,2.269381332,0.411580826,2.822553604,0.627156908,0.442537069,DRA,rufocinctus,cf rufocinctus,W,4.215,16.022,299.2524,m01,Mentum length
DRA190718-002,2.298138206,0.7253999,3.205405187,0.220136737,0.086130125,1.898393461,0.396496997,0.780969006,0.186403263,0.321802449,2.3146938,0.34101084,3.112694736,0.693001472,0.458499035,DRA,perplexus,perplexus,M,4.612,17.795,297.77247,m01,Mentum length
JL190711-008,2.331079159,0.917706977,3.382772868,0.222008331,0.106171674,2.305093502,0.347632208,0.903653636,0.220426944,0.380898765,2.359178898,0.361022185,3.239544076,0.708993895,0.469649063,DRA,vagans,cf sandersoni,M,4.345,16.612,302.44338,m01,Mentum length
FJ190709-009,2.490876039,1.020222789,3.562476034,0.249315397,0.116481015,2.152848475,0.456290621,0.925290706,0.247062942,0.370594413,2.437686199,0.451296415,3.309464868,0.708846051,0.53882583,DRA,vagans,cf sandersoni,W,4.645,15.697,242.55309,m01,Mentum length
HFN190709-001,2.839524469,1.3560488,4.565107397,0.315586152,0.1804158,2.835715551,0.517131342,1.12473917,0.315586152,0.464693995,3.124384867,0.333206774,4.034834444,0.953755387,0.697866241,DRA,vagans,cf sandersoni,W,5.187088882,21.2387502,211.62703,m01,Mentum length
LMB190709-001,3.037503899,1.184437118,4.379332836,0.253215635,0.14974254,2.71671132,0.45772506,1.096875788,0.261850443,0.453353937,2.912749779,0.593172268,4.072406723,0.874005179,0.636505576,DRA,vagans,cf sandersoni,W,5.736,22.369,214.1692,m01,Mentum length
FJ190827-012,2.65989262,0.820543255,3.700400524,0.232670477,0.088383285,2.451751571,0.287245615,0.74276135,0.200086157,0.280978452,2.7613419,0.270511235,3.45250872,0.812470998,0.555066473,DRA,bimaculatus,cf sandersoni,Q,6.445,24.203,248.80157,m01,Mentum length
DRA190709-001,2.832252571,1.193393087,4.065911615,0.289528516,0.144871307,2.743185716,0.440076447,1.057746159,0.246519164,0.32013054,2.829369618,0.478413852,3.772224495,0.847952923,0.645982303,DRA,vagans,cf sandersoni,W,5.894,23.38,239.46978,m01,Mentum length
FJ190809-001,2.097272094,0.805797411,2.871057409,0.187435099,0.075571494,1.93480439,0.294460012,0.740759933,0.184984236,0.310140212,2.046171,0.305629398,2.729047637,0.643173157,0.45553579,DRA,ternarius,ternarius,M,4.028,16.044,303.16259,m01,Mentum length
JL190809-008,2.299368106,0.916424556,3.135043735,0.205953549,0.101414203,2.155313246,0.35753244,0.822079946,0.201495484,0.239473575,2.114388243,0.288161859,3.058079559,0.676566943,0.418731813,DRA,ternarius,ternarius,M,3.945,16.841,298.43443,m01,Mentum length
DRA190709-015,2.044208494,0.871950448,2.550823529,0.221559722,0.088968211,1.710190992,0.345114237,0.679076687,0.218743577,0.338354433,1.920347503,0.314225979,2.498714673,0.642643493,0.516505218,DRA,ternarius,ternarius,W,4.528,16.985,323.51679,m01,Mentum length
DRA190824-001,2.15898813,0.803369302,3.044490924,0.200226119,0.104803151,1.918143893,0.395067578,0.81987955,0.196851452,0.19673981,2.061997627,0.345818648,2.912188926,0.639711434,0.481820997,DRA,ternarius,ternarius,W,3.728090046,15.19538521,284.47847,m01,Mentum length
DRA190824-002,2.005868227,0.706925276,2.618416738,0.190751216,0.085168083,1.662267983,0.360858277,0.722076173,0.187946649,0.195939208,1.942884458,0.35238707,2.535399345,0.623827945,0.472100761,DRA,ternarius,ternarius,W,3.50237329,11.50016184,336.1339,m01,Mentum length
DRA190824-003,2.012401022,0.969352764,2.995836924,0.199338197,0.10348327,2.116961071,0.349909246,0.734671035,0.207503864,0.296381051,2.307615471,0.264229795,2.857427443,0.60672343,0.467788388,DRA,ternarius,ternarius,W,3.123394776,16.46957931,309.49708,m01,Mentum length
FJ190619-003,2.11365994,1.064257662,3.090306206,0.23930866,0.102377422,2.066804434,0.382074211,0.841078045,0.225885307,0.364810211,2.128138839,0.368727629,2.657158618,0.667798544,0.514399923,DRA,ternarius,ternarius,W,4.019258487,16.42328612,310.66381,m01,Mentum length
FJ190619-004,2.186873815,0.974691578,2.861343945,0.216183998,0.080977652,2.050462538,0.357216348,0.750602269,0.217712754,0.301642719,2.117320793,0.315482433,2.743813536,0.679535968,0.465288006,DRA,ternarius,ternarius,W,3.529018305,15.91967741,153.13756,m01,Mentum length
FJ190619-007,2.202566153,0.807583581,2.960412953,0.240466343,0.074647934,1.845444804,0.354206388,0.81228345,0.249150183,0.270241332,1.886067206,0.278625705,2.942429387,0.547197007,0.469863614,DRA,ternarius,ternarius,W,4.242865113,17.14082928,158.081,m01,Mentum length
FJ190619-010,2.166164801,0.83313825,2.904456549,0.227815744,0.11069131,1.913234247,0.32503765,0.791954945,0.21139342,0.26878225,2.030172643,0.330118887,2.838960214,0.635501495,0.488409208,DRA,ternarius,ternarius,W,3.966394109,16.61220903,277.30849,m01,Mentum length
FJ190621-002,1.91345224,0.881267815,2.654635436,0.210710458,0.101686872,1.686041863,0.360977956,0.755633924,0.1680987,0.276518961,1.989122353,0.286913119,2.575657424,0.618714618,0.489564597,DRA,ternarius,ternarius,W,3.845663848,14.83543728,311.67219,m01,Mentum length
FJ190628-006,2.275775437,0.949391986,3.132641778,0.231844741,0.140378395,2.006236096,0.382484287,0.793943516,0.232304109,0.333333354,2.061068911,0.314602493,2.868153723,0.664039423,0.495340522,DRA,ternarius,ternarius,W,4.139635407,14.77755859,158.15183,m01,Mentum length
FJ190628-014,2.099347357,0.862538136,2.679645817,0.218931086,0.081674191,1.794446708,0.339069168,0.751525695,0.225500703,0.33565785,2.008800283,0.449759776,2.695981804,0.637043341,0.46028599,DRA,ternarius,ternarius,W,3.678220013,16.32222474,306.339,m01,Mentum length
FJ190703-010,2.169118365,0.945321212,2.858518914,0.212639831,0.104686925,1.763319937,0.300144665,0.759358009,0.22414443,NA,2.038034489,0.425931863,2.902351614,0.612693787,0.467990094,DRA,ternarius,ternarius,W,4.061370951,16.87854015,323.229,m01,Mentum length
FJ190711-009,2.073648904,0.909194835,2.698814407,0.222539626,0.101308748,1.778805447,0.351575787,0.739882636,0.197379231,0.31446459,2.00038614,0.341533056,2.57321008,0.581532027,0.471993238,DRA,ternarius,ternarius,W,3.589744494,12.38532627,158.20697,m01,Mentum length
FJ190716-001,2.163995952,0.883388801,2.771237174,0.235228115,0.107849529,1.738287802,0.358618394,0.683886505,0.236201034,0.320070963,2.145502811,0.321015323,2.659678403,0.642030679,0.531951556,DRA,ternarius,ternarius,W,4.040816027,15.8439397,311.29,m01,Mentum length
FJ190716-011,2.148249555,0.96268505,2.742215727,0.229494214,0.092836898,1.905519033,0.352601061,0.736009452,0.209924755,0.326769257,2.133124234,0.343667311,2.723865426,0.691985686,0.460282335,DRA,ternarius,ternarius,W,4.040245857,16.39460891,301.946,m01,Mentum length
FJ190724-006,2.099968865,0.89286459,2.860982618,0.223597483,0.12847007,1.852070783,0.358150713,0.732885583,0.220759571,0.310354368,1.974839126,0.425488886,2.767733236,0.596515558,0.493506663,DRA,ternarius,ternarius,W,3.118410592,15.4935152,154.811,m01,Mentum length
FJ190809-002,1.943843387,0.860265739,2.623800615,0.193219763,0.112840671,1.672652117,0.337492592,0.672766316,0.19688393,0.330794419,1.941544049,0.299489144,2.493908992,0.610045146,0.46228353,DRA,ternarius,ternarius,W,3.311960639,13.90488206,307.445,m01,Mentum length
FJ190809-004,2.015551416,0.92091588,2.644559248,0.198165618,0.0878217,1.66162423,0.353912702,0.717043387,0.200987449,0.231737318,2.035007111,0.31519534,2.584945307,0.632703139,0.433969983,DRA,ternarius,ternarius,W,4.100345255,15.47614673,305.16,m01,Mentum length
FJ190809-005,2.127271635,0.889021119,2.870295908,0.211669688,0.085999599,1.685252044,0.361969059,0.757550775,0.214293816,0.319398506,2.184020698,0.329673728,2.569184563,0.616627152,0.473307814,DRA,ternarius,ternarius,W,4.242421828,15.80833933,308.914,m01,Mentum length
FJ190809-006,2.12034399,0.899754004,2.943605709,0.214187082,0.122482499,1.739792301,0.35594063,0.818465503,0.216689708,0.214231251,2.216669679,0.244849127,2.59605712,0.636303931,0.521303017,DRA,ternarius,ternarius,W,4.256094505,14.94658535,306.55,m01,Mentum length
FJ190809-008,2.097998761,0.838131823,2.856871093,0.207248927,0.097555253,1.65651201,0.35020045,0.762994362,0.199077297,0.273468351,2.118395213,0.2689126,2.69432192,0.611620077,0.423276996,DRA,ternarius,ternarius,W,4.070088268,13.6186886,303.467,m01,Mentum length
FJ190809-009,2.031448806,0.848345314,2.658364887,0.203025074,0.103692106,1.724619074,0.361112419,0.707686498,0.203069136,0.245358434,2.006129581,0.271919983,2.53211457,0.641380412,0.447947829,DRA,ternarius,ternarius,W,3.469178965,12.51358725,315.232,m01,Mentum length
FJ190809-010,2.062466361,0.846822849,2.724130123,0.215602251,0.107306222,1.829119831,0.339933852,0.673941677,0.195681462,0.265713591,2.026907198,0.324185871,2.760799906,0.68129433,0.484638476,DRA,ternarius,ternarius,W,4.133157768,14.7012227,323.063,m01,Mentum length
FJ190809-012,2.031372815,0.781426168,2.809610443,0.200302253,0.081172852,1.913343145,0.335650549,0.765541302,0.20502875,0.225681156,2.118302721,0.253182452,2.884790119,0.611017277,0.470416919,DRA,ternarius,ternarius,W,3.699214487,14.45128018,298.955,m01,Mentum length
FJ190809-013,2.073419859,0.84803415,2.793660201,0.208092392,0.108980388,1.8492887,0.445583196,0.764556749,0.198683902,0.328148027,1.97231654,0.340403369,2.718055864,0.639391704,0.48508404,DRA,ternarius,ternarius,W,5.161640885,13.88996231,314.551,m01,Mentum length
FJ190809-014,2.038142624,0.848885307,2.816500769,0.20996602,0.093352668,1.800382404,0.324074408,0.726372595,0.21836555,0.321407509,2.089156061,0.284623135,2.596025697,0.600288398,0.433169105,DRA,ternarius,ternarius,W,3.820026505,13.86262594,321.362,m01,Mentum length
FJ190827-017b,2.227470308,NA,3.175331093,0.211805084,0.104187311,2.014644039,0.393965337,0.807307118,0.219398464,NA,2.114860064,0.320711004,3.013286192,0.680110069,0.558957744,DRA,ternarius,ternarius,W,4.135707709,17.09948063,316.074,m01,Mentum length
DRA180720-009,3.094953355,0.925740378,4.563149922,0.297979423,0.074476305,3.295975061,0.517235194,1.010184843,0.292459531,0.496587925,2.976264829,0.409297207,4.462165576,0.886594194,0.691332894,DRA,borealis,borealis,W,5.714,21.26,158.61904,m01,Mentum length
TWM180724-027,3.031183714,0.856757505,4.702837474,0.27564425,0.114404179,3.207026385,0.475619742,1.096608508,0.2511552,0.367026486,2.860891332,0.436979303,4.528248675,0.914926132,0.591742659,DRA,borealis,borealis,W,4.964,20.928,163.29421,m01,Mentum length
FJ190809-007,2.178554937,0.851309026,2.835850748,0.221503573,0.101196868,1.846818392,0.351490508,0.779227794,0.204365471,0.322833573,2.100009181,0.252939878,2.705587704,0.662833277,0.494209771,DRA,ternarius,ternarius,W,4.208,14.294,310.74677,m01,Mentum length
FJ190827-018,2.380739272,0.942059042,3.07563243,0.22178408,0.107707853,2.040763954,0.341151935,0.776637886,0.197815613,0.270670737,2.321833382,0.305372107,2.917651802,0.658788085,0.567504341,DRA,ternarius,ternarius,W,4.501412065,18.26159722,315.608,m01,Mentum length
FJ190827-019,2.26893247,0.999666007,3.056677299,0.215592503,0.058777243,2.020328889,0.354949293,0.823148128,0.183270027,0.345638479,2.31509974,0.40827531,3.090882943,0.730682228,0.465872164,DRA,ternarius,ternarius,W,4.249313281,18.31611267,307.551,m01,Mentum length
JL190619-001,2.130367402,0.885571746,3.015228288,0.219375628,0.115307701,1.712839052,0.37106528,0.846450877,0.234652056,0.320930778,2.075845995,0.325950173,2.759936729,0.687382539,0.439087228,DRA,ternarius,ternarius,W,4.262662477,17.73905489,316.574,m01,Mentum length
FJ190619-006,2.24550834,1.037586922,3.015906351,0.239543451,0.121609798,1.826305742,0.427858681,0.809566362,0.22312945,0.36657804,2.003254803,0.303912637,2.797881952,0.797669092,0.624906285,DRA,terricola,terricola,W,4.78197102,19.96802543,166.729,m01,Mentum length
FJ190619-009,2.247730842,1.083805755,3.084156274,0.244958604,0.118167171,1.854483766,0.359617565,0.907553942,0.232458096,0.353907506,2.151668821,0.310245685,2.814580991,0.792146414,0.470234368,DRA,terricola,terricola,W,4.88796576,18.19281733,304.862,m01,Mentum length
FJ190628-001,2.282970212,0.95231213,2.785688319,0.26082326,0.140866052,1.6407502,0.409201211,0.68984882,0.266358605,0.369650075,1.987495308,0.324399251,2.732622466,0.720319913,0.503517953,DRA,terricola,terricola,W,4.901665955,16.82465054,312.21,m01,Mentum length
FJ190724-002,2.255987816,1.023575358,2.885366602,0.247864633,0.116405083,1.866142525,0.427135978,0.841896104,0.215241164,0.340326193,2.139544565,0.374153378,2.728299421,0.688691424,0.484012116,DRA,terricola,terricola,W,4.207281652,18.01213246,147.244,m01,Mentum length
FJ190724-003,2.369463021,1.076483063,2.946729324,0.24292931,0.107642906,1.979882435,0.400506879,0.831830851,0.24185555,0.396102114,2.329930778,0.422298147,2.886206177,0.740297304,0.5284544,DRA,terricola,terricola,W,5.345313041,17.88439247,151.831,m01,Mentum length
JL190619-008,2.250894814,1.019957104,2.977666308,0.255320648,0.118371404,1.741307255,0.389504603,0.797762552,0.2544107,0.381432415,2.033547044,0.302247405,2.648413542,0.696940374,0.489402292,DRA,terricola,terricola,W,3.935366082,18.9588665,303.292,m01,Mentum length
JL190628-002,2.189162571,0.877967677,3.039972291,0.241164201,0.116672058,2.051897723,0.389422656,0.791246698,0.230480894,0.383688289,2.205742288,0.322636945,2.942546527,0.70477301,0.526060144,DRA,terricola,terricola,W,3.907283908,15.35557616,301.709,m01,Mentum length
JL190628-006,2.226168766,1.020368088,2.761000305,0.256166336,0.12556373,1.648972191,0.434922637,0.825108204,0.266588462,0.293473415,2.124933523,0.365937877,2.528486309,0.692014151,0.588882744,DRA,terricola,terricola,W,4.984433529,20.36877489,308.676,m01,Mentum length
JL190703-009,2.307185971,1.077670906,3.413498336,0.266172507,0.119816735,2.01914045,0.424515345,0.929493486,0.226658562,0.387871335,2.393176456,0.328174186,3.07439551,0.822135817,0.561462455,DRA,terricola,terricola,W,5.502543927,16.73642106,160.805,m01,Mentum length
JL190703-010,2.313505406,1.059373637,3.025543134,0.263251937,0.114404113,1.894023656,0.42390957,0.858268812,0.259335376,0.373738345,2.153296936,0.405466038,2.933313524,0.747392667,0.610169954,DRA,terricola,terricola,W,4.718791544,18.94342794,157.337,m01,Mentum length
JL190711-005,2.42595373,1.134222985,3.015931396,0.242711667,0.123773469,1.83130779,0.389911611,0.845917075,0.250283084,0.375489388,2.20898318,0.408674481,2.860857392,0.732917592,0.543891952,DRA,terricola,terricola,W,4.720923671,22.71402858,158.504,m01,Mentum length
JL190711-006,2.4366107,1.077764422,3.192422581,0.247972021,0.143013736,2.013021338,0.376065678,0.836041052,0.265653858,0.399885122,2.430183493,0.368428935,3.047060532,0.751195306,0.629597276,DRA,terricola,terricola,W,4.685130041,17.8666108,153.902,m01,Mentum length
JL190724-001,2.334380924,1.049729141,2.97910538,0.237569723,0.116926774,1.898204384,0.390910111,0.83866081,0.232498104,0.33656514,2.311491608,0.396961899,2.795774745,0.74613536,0.582467441,DRA,terricola,terricola,W,4.903914796,17.44882568,156.871,m01,Mentum length
MY180703-003,2.515726284,1.10532682,3.341175344,0.271155437,0.121143094,1.981631382,0.450769425,0.885023578,0.289451719,0.353517165,2.413163366,0.391616999,3.04342344,0.854465264,0.592001176,DRA,terricola,terricola,W,4.326,21.877,214.6928,m01,Mentum length
MY180703-005,2.29178301,0.963211644,3.006975054,0.264162332,0.117836861,1.84799209,0.428274873,0.880636401,0.284608501,0.329751087,2.186034073,0.294362715,2.812040711,0.676604492,0.501242557,DRA,terricola,terricola,W,4.56,18.668,231.63117,m01,Mentum length
FJ190724-001,2.412621286,0.989999702,3.505927236,0.222457805,0.122856322,2.393712152,0.303432795,0.871909761,0.228222605,0.406343362,2.495308308,0.404420692,3.337593679,0.554741237,0.492682545,DRA,,vagans,M,3.54220357,15.491854,134.022,m01,Mentum length
JL190806-001,2.86540073,0.865008017,4.499704038,0.242712676,0.10691302,3.015242357,0.328897781,0.939292961,0.192345863,0.311765587,3.001814465,0.414710227,4.118927154,0.834136849,0.608439654,DRA,,cf vagans,M,5.056621985,18.82433467,218.913,m01,Mentum length
HFN190709-002,3.043999892,1.102157103,NA,0.268581494,NA,2.930654446,0.463319838,1.047440104,0.256353909,NA,3.09257107,0.567972726,3.6247819,0.894522242,0.653576771,DRA,vagans,cf sandersoni,W,5.991,24.387,204.50482,m01,Mentum length
FJ190815-001,2.682025356,0.877322109,4.252147324,0.22409982,0.128518641,2.774722189,0.412516837,1.020500702,0.243205402,0.367475095,2.524124073,0.352596362,3.723049759,0.761001403,0.521831329,DRA,vagans,cf vagans,W,4.194049382,18.25465512,199.56,m01,Mentum length
FJ190815-005,2.737982182,0.949904931,4.29599621,0.239272416,0.054921785,2.859850367,0.395513018,1.013637726,0.199010897,0.34353555,2.740703545,0.269116646,3.397477631,0.74395179,0.607649245,DRA,vagans,cf vagans,W,4.575362944,17.93545823,257.496,m01,Mentum length
DRA190709-006,2.090775078,0.865084572,2.814613331,0.219971846,0.095623412,1.868013969,0.347806012,0.774233257,0.220052701,0.344207033,2.15221069,0.318825299,2.432759907,0.624642687,0.50790398,DRA,vagans,cf vagans,W,4.175311203,17.18806142,316.123,m01,Mentum length
DRA190709-008,2.233655682,0.9287809,3.137631933,0.225055699,0.101568829,1.946137671,0.358970361,0.793923174,0.193224751,0.35358694,2.343969163,0.345893288,2.953044255,0.689845752,0.5007359,DRA,vagans,cf vagans,W,4.055451822,18.12730416,308.982,m01,Mentum length
DRA190709-013,2.620591888,0.898470368,4.140159507,0.240465983,0.070724231,2.717689735,0.416458988,0.990758393,0.265312936,0.359399875,2.593757428,NA,3.848606585,0.681818415,0.482185526,DRA,vagans,cf vagans,W,4.092,16.961,152.28628,m01,Mentum length
DRA190709-014,2.04573129,0.794648384,2.863449508,0.197768794,0.090256713,2.018666856,0.314131961,0.70866415,0.197111789,NA,2.059422403,0.321337268,2.90100337,0.599684464,0.427841662,DRA,vagans,cf vagans,W,3.816196043,15.42217343,310.424,m01,Mentum length
FJ190628-002,2.222009804,0.959141006,2.815562212,0.246187828,0.106184518,1.622518955,0.326373333,0.85173126,0.263844957,0.367564535,2.267139192,0.342161155,2.760226502,0.751856734,0.546024827,DRA,terricola,cf vagans,W,4.655862903,18.04695928,314.17,m01,Mentum length
FJ190703-001,2.24397707,0.901528112,3.63403891,0.24425623,0.111244896,2.073977201,0.364491218,0.761258638,0.201295545,0.334087334,2.269773322,0.382295637,2.89518074,0.651118077,0.539061224,DRA,vagans,cf vagans,W,3.506968667,17.42931989,152.816,m01,Mentum length
FJ190703-002,2.231237235,0.876275783,3.123919334,0.23396417,0.114783117,1.767523021,0.325033399,0.795015315,0.219993255,0.387839678,2.308294199,0.325613599,2.937705103,0.695842506,0.567748669,DRA,vagans,cf vagans,W,4.046042623,16.75721241,306.894,m01,Mentum length
FJ190703-007,2.432091855,1.037670614,3.663469309,0.238693987,0.123462071,2.153792131,0.383513546,0.963803112,0.237677041,0.425006863,2.631899934,0.431831925,3.334712742,0.764654903,0.572523054,DRA,vagans,cf vagans,W,4.380654766,15.36548883,160.274,m01,Mentum length
FJ190703-009,2.413654145,0.985851563,3.518464532,0.230573066,0.125593432,2.100936381,0.394023324,0.9325375,0.22466836,0.313976177,2.417657994,0.422000305,3.280443774,0.733386357,0.518771431,DRA,perplexus,cf vagans,W,4.505506592,19.21960979,308.603,m01,Mentum length
FJ190703-012,2.416098112,0.983730519,3.476531899,0.236127967,0.121629998,2.216371089,0.425170054,0.890592877,0.242979159,0.387868747,2.531073385,0.391159981,3.207213901,0.614516321,0.545431628,DRA,vagans,cf vagans,W,4.581926329,18.99997086,296.436,m01,Mentum length
FJ190709-001,2.301350463,0.831925589,3.012603112,0.212355682,0.095716616,2.007740345,0.324735347,0.78706032,0.182650589,0.327956903,2.123046399,0.316330445,2.898031028,0.62665291,0.504423249,DRA,vagans,cf vagans,W,4.116863734,18.71097752,307.724,m01,Mentum length
FJ190709-011,2.532503297,0.88867906,3.728281862,0.279287704,0.125424546,2.35695199,0.438444352,0.982297819,0.273693865,0.411134238,2.60475159,0.505995979,3.47943366,0.805834553,0.635008115,DRA,vagans,cf vagans,W,4.307294443,22.59225076,263.093,m01,Mentum length
FJ190716-003,2.329835637,0.839082759,3.482331628,0.256157465,0.108647293,2.159713643,0.307839757,0.976250434,0.224717056,0.401935644,2.395427878,0.451416845,3.20790963,0.686112561,0.537548601,DRA,perplexus,cf vagans,W,4.073243776,16.54975355,256.323,m01,Mentum length
FJ190716-010,2.49066991,0.865741798,3.84615396,0.229693988,0.094446448,2.500875287,0.383257717,0.990159538,0.230263067,0.443554929,2.695395813,0.299353752,3.748985591,0.704070347,0.516663473,DRA,vagans,cf vagans,M,4.568948427,21.23623261,255.676,m01,Mentum length
FJ190827-001,2.955638434,0.942713016,4.846009602,0.280354175,0.115141337,3.105700546,0.439769376,1.155359562,0.265669212,0.279990137,3.032573065,0.415735841,4.53240907,0.810439777,0.690893498,DRA,vagans,cf vagans,W,4.55788866,20.1212617,252.446,m01,Mentum length
FJ190827-003,3.087359966,0.917064378,5.021270174,0.27748666,0.103581001,3.415894219,0.447433769,1.14504581,0.265722277,0.315780607,3.152403854,0.48104009,4.417533127,0.827121067,0.56502607,DRA,vagans,cf vagans,W,4.728319308,19.58359651,213.27,m01,Mentum length
FJ190827-004,3.019934686,0.872293941,4.729310829,0.26208623,0.109069351,3.287443695,0.506885537,1.0927289,0.216693841,0.321785179,2.994516249,0.358129923,4.562857887,0.869039444,0.642041996,DRA,vagans,cf bimaculatus,W,4.578058802,20.80424029,207.307,m01,Mentum length
JL190703-002,2.088115714,0.860389417,3.005305374,0.238532176,0.088424875,1.985242411,0.36862654,0.694549683,0.244097855,0.356608492,2.149919841,0.401552371,2.735301636,0.491761025,0.445652632,DRA,vagans,cf vagans,W,3.701778698,17.02627191,307.639,m01,Mentum length
JL190703-004b,2.282609527,0.84001069,3.156697495,0.225460104,0.122596172,2.049603422,0.364395359,0.739816964,0.21670299,0.357527917,2.221581182,0.29930539,2.984466761,0.68827175,0.494010237,DRA,vagans,cf vagans,W,4.305259534,16.75474852,300.269,m01,Mentum length
JL190710-001,2.495636998,0.933673594,3.647734703,0.25592998,0.113847821,2.298986558,0.436539733,1.0478248,0.219458163,0.400757284,2.520871878,0.398597905,3.36017191,0.698589111,0.55995662,DRA,perplexus,cf vagans,W,4.421286347,20.69498476,254.726,m01,Mentum length
JL190716-003,2.103300649,0.780726281,2.943008893,0.190522687,0.103763247,1.830446189,0.305421976,0.759984794,0.209774717,0.318910512,2.207699375,0.272457933,2.638538816,0.458291375,0.394198909,DRA,vagans,cf vagans,W,3.715591025,14.96202854,299.223,m01,Mentum length
JL190716-005b,1.962948578,0.755787992,2.853096336,0.191820327,0.085024743,1.823142479,0.33903715,0.703301319,0.184197168,0.284762536,1.874760912,0.290621636,2.69248731,0.559964334,0.4587573,DRA,vagans,cf vagans,W,,,314.026,m01,Mentum length
JL190724-006,2.426970038,0.999586325,3.475067845,0.233577076,0.133166014,2.156208536,0.418065209,0.844160635,0.197077849,0.387472285,2.528723692,0.426359907,3.205733006,0.748621689,0.605638771,DRA,vagans,cf vagans,W,3.794047963,17.40393428,137.741,m01,Mentum length
JL190809-003,2.279805699,0.763108492,3.134544269,0.220228089,0.114495718,2.181867315,0.368280451,0.751934163,0.215060193,0.339540652,2.379964528,0.372026343,3.135015771,0.698799116,0.515305951,DRA,vagans,cf vagans,W,4.117207916,16.33525713,302.777,m01,Mentum length
JL190809-005,2.72553843,0.869090526,4.223422284,0.239017238,0.096144305,2.77032222,0.38013836,0.95981808,0.209270257,0.3640519,2.830821611,0.386973307,3.974565247,0.751395074,0.504860711,DRA,vagans,cf vagans,W,4.207972083,17.80338638,242.195,m01,Mentum length
JMS190709-001,2.127850421,0.891602327,3.109414944,0.259090705,0.142112587,1.992177323,0.35214583,0.748925992,0.203079307,0.364794296,2.331843523,0.30007892,2.836588143,0.666032393,0.44503418,DRA,vagans,cf vagans,W,3.869364213,17.91755483,160.036,m01,Mentum length
MM190709-001,2.232966174,0.786204223,2.918634227,0.204309137,0.114607976,1.905496318,0.352040452,0.769140203,0.175855545,0.359263945,2.173511639,0.357187926,2.742915543,0.610717365,0.444744276,DRA,vagans,cf vagans,W,3.793166626,17.83949057,303.374,m01,Mentum length
MT190709-001,2.314048561,0.869274831,3.136871788,0.202057125,0.116550494,1.981348394,0.362249316,0.715600062,0.201545784,0.379722758,2.369080366,0.350401861,2.889581701,0.681722641,0.584632738,DRA,vagans,cf vagans,W,4.033774699,18.34809751,153.909,m01,Mentum length
PF190709-001,2.283934005,0.891057305,3.103525441,0.217819018,0.095178715,1.993304912,0.374295403,0.809198741,0.213776259,0.344887909,2.291022418,0.365263413,2.851383438,0.676019962,0.491918892,DRA,vagans,cf vagans,W,4.010070567,14.53396301,158.8,m01,Mentum length
PF190718-001,2.558603893,1.014305412,3.527447183,0.244132713,0.127946364,2.29404196,0.366753451,0.951534479,0.201202453,0.367598438,2.575157737,0.379620274,3.348676707,0.735196875,0.562033088,DRA,vagans,cf vagans,W,4.130249978,16.25547884,122.641,m01,Mentum length
PF190724-006,2.400900113,1.004922924,3.392688755,0.233505109,0.119218991,2.247348521,0.354283741,0.793346204,0.232453294,0.362590368,2.539392376,0.332592298,3.210916746,0.718390534,0.534655236,DRA,vagans,cf vagans,W,4.272229783,18.97033069,134.672,m01,Mentum length
FJ190703-004,2.958094147,1.205956601,4.268113714,0.307867751,0.149022496,2.856033578,0.532188037,0.975342172,0.256550987,0.479939201,3.168843059,0.391005708,4.08892939,0.875811858,0.652915617,DRA,,cf vagans,Q,5.469556065,21.52559399,209.544,m01,Mentum length
DRA190709-009,2.457058449,0.88312828,3.479154785,0.240082454,0.12179865,2.331690875,0.336609471,0.823907583,0.216313884,0.382432259,2.308452083,0.305400849,3.167492922,0.656274248,0.542408146,DRA,vagans,cf vagans,M,3.52150413,18.23129988,157.179,m01,Mentum length
JL190703-001,2.969775167,1.187242775,4.128140803,0.266049286,0.148708635,2.674282022,0.483954531,0.895176572,0.220325897,0.495476865,3.069277867,0.55387569,3.86641383,0.878214476,0.612057749,DRA,,cf vagans,Q,5.189541252,21.85940799,206.998,m01,Mentum length
JL190619-002,2.142171593,0.864826619,2.729594052,0.221483634,0.113820819,1.643436017,0.32575455,0.674453047,0.238645838,0.28397598,2.028605496,0.301684897,2.615295239,0.649565163,0.479668434,DRA,ternarius,ternarius,W,4.022332718,17.46983835,312.577,m01,Mentum length
JL190619-007,2.24471779,0.835099044,3.02465027,0.234684302,0.126175797,1.931072982,0.389471338,0.773153182,0.244013121,0.320258387,2.246399289,0.326767442,2.6899544,0.676102844,0.37979616,DRA,ternarius,ternarius,W,4.106724036,17.37801013,312.941,m01,Mentum length
JL190619-010,2.143663491,0.869979305,2.820954918,0.207424818,0.107452348,1.772660413,0.34258266,0.737395677,0.216318424,0.2538424,2.180286446,0.324982544,2.82663024,0.65597708,0.423269571,DRA,ternarius,ternarius,W,4.088422893,16.95784212,310.215,m01,Mentum length
JL190628-001,2.07641212,0.862747563,3.058899218,0.207380849,0.111768871,1.881082323,0.344718425,0.701559023,0.230446968,0.361307947,2.187948533,0.309200497,2.81674131,0.629155564,0.462699948,DRA,ternarius,ternarius,W,3.872695844,16.20474329,313.132,m01,Mentum length
JL190703-005,2.210178829,0.988163605,2.906872538,0.22968479,0.120176489,1.898154894,0.290873279,0.763243821,0.224767022,0.370218677,2.188986765,0.423060897,2.828008113,0.673520678,0.586649115,DRA,ternarius,ternarius,W,4.042851311,17.13522261,153.834,m01,Mentum length
JL190703-006,2.100390624,0.932460726,2.748058967,0.223550853,0.097104299,1.832674765,0.351002626,0.717620385,0.220182974,0.310785296,2.216631363,0.369762108,2.707522002,0.605638164,0.408182531,DRA,ternarius,ternarius,W,3.670808725,19.99203011,158.055,m01,Mentum length
JL190703-011,2.111214467,0.934532474,2.568664558,0.222522531,0.114616639,1.798237509,0.366815806,0.691584139,0.22781485,0.299291572,2.217796641,0.296056944,2.571869253,0.719473657,0.555581755,DRA,ternarius,ternarius,W,3.310388184,16.55741627,152.676,m01,Mentum length
JL190711-001,2.123356828,0.934237454,2.800720406,0.22393918,0.107148478,1.890875704,0.373448473,0.703030762,0.213784786,0.293506099,2.182652594,0.42990206,2.716713421,0.648877687,0.474584984,DRA,ternarius,ternarius,W,3.664677013,16.55421453,298.651,m01,Mentum length
JL190716-001,2.078156644,0.898444347,2.691999231,0.202504354,0.099936906,1.752682541,0.339217153,0.674117461,0.208608837,0.275072855,1.960868315,0.347323904,2.580772559,0.640388294,0.48017013,DRA,ternarius,ternarius,W,3.739446411,15.73362433,161.347,m01,Mentum length
JL190716-002,1.97014667,0.863441189,2.618634851,0.199784289,0.097568197,1.544455219,0.34342649,0.685620438,0.204766314,0.332970825,2.064101429,0.229561961,2.521540772,0.512030034,0.449361967,DRA,ternarius,ternarius,W,3.820895522,15.21150733,157.155,m01,Mentum length
JL190716-006,2.253144649,0.971904841,3.111030266,0.228436961,0.138206785,1.937137313,0.36906452,0.708189279,0.221788821,0.323058649,2.287685795,0.290718883,2.89331758,0.662444869,0.517503012,DRA,ternarius,ternarius,W,4.026626016,18.77887119,150.233,m01,Mentum length
JL190716-007,1.878393564,0.804407895,2.452325516,0.209647632,0.085677365,1.580553919,0.327216125,0.650842013,0.219542861,0.288443559,1.998542168,NA,2.446690669,0.526275759,0.419644391,DRA,ternarius,ternarius,W,3.496858609,16.17474716,311.634,m01,Mentum length
JL190716-008,2.107548007,0.943983982,2.800660703,0.210316544,0.121123742,1.682579933,0.34294003,0.716256463,0.235460036,0.343785244,2.157586157,0.327077854,2.676473823,0.660458845,0.447738524,DRA,ternarius,ternarius,W,3.983727938,15.80038517,298.031,m01,Mentum length
JL190716-009,1.713441754,0.677588298,2.033949998,0.172600405,0.061004392,1.350254913,0.290171952,0.503517279,0.166677122,0.270146843,1.724170252,0.239281911,2.098923553,0.54742734,0.367067034,DRA,ternarius,ternarius,W,4.842972418,20.16493871,309.09545,m01,Mentum length
JL190724-002,2.342864163,1.047188322,3.058125106,0.209138474,0.129555264,2.003114098,0.365107841,0.756670347,0.190414015,0.340882407,2.383655604,NA,2.903813059,0.636163789,0.506414292,DRA,ternarius,ternarius,W,4.415349985,15.25223119,158.521,m01,Mentum length
JL190724-004,2.275488411,0.960047798,3.081360537,0.213508503,0.108132954,1.957932296,0.395037432,0.717300393,0.229427693,0.313545968,2.386890478,0.308312479,2.912627344,0.688096489,0.524589452,DRA,ternarius,ternarius,W,3.95985727,16.12122515,150.007,m01,Mentum length
JL190724-005,2.19535098,0.896274366,2.758731788,0.22093739,0.084771226,1.844598217,0.347710814,0.694980344,0.209327619,0.308131437,2.203845265,0.339670874,2.761654547,0.622319518,0.485531839,DRA,ternarius,ternarius,W,3.351557083,15.71945997,159.24,m01,Mentum length
JL190809-001,2.028622645,0.899680842,2.742441633,0.185057285,0.084178924,1.76527899,0.335560542,0.652657158,0.214411336,0.315922593,2.048448724,0.319607315,2.502218837,0.67164159,0.436228698,DRA,ternarius,ternarius,W,3.54655647,14.08792134,302.609,m01,Mentum length
JL190809-002,2.087753308,0.874352319,2.752458606,0.190499685,0.096697455,1.843937153,0.303583858,0.608618794,0.170097908,0.222416047,2.227283392,0.358333323,2.651599011,0.641143208,0.462506615,DRA,ternarius,ternarius,W,3.842310846,16.64336896,317.44,m01,Mentum length
JL190809-004,2.077703575,0.828334439,2.805895771,0.218214469,0.103094991,1.870317403,0.311756327,0.692552462,0.189612724,0.280222859,2.251253614,0.249703359,2.615172006,0.624941789,0.461408373,DRA,ternarius,ternarius,W,3.717006783,15.09278439,304.408,m01,Mentum length
JL190809-006,2.297178227,0.899628699,2.841750493,0.229221996,0.127458812,1.975179915,0.357926696,0.734631402,0.211697553,0.347549,2.370035469,0.347380755,2.889403691,0.701419408,0.489618382,DRA,ternarius,ternarius,W,3.891659445,17.38042159,303.366,m01,Mentum length
JL190809-007,1.955396714,0.820965426,2.650506288,0.194409044,0.072925249,1.787865774,0.307387656,0.661941816,0.179240324,0.254570507,2.024007306,0.259673783,2.467057545,0.608366652,0.433503537,DRA,ternarius,ternarius,W,3.397214956,13.43358148,349.307,m01,Mentum length
MY190619-003,2.341859796,0.916235313,3.033903314,0.21936779,0.148120337,1.938977326,0.387237993,0.766421746,0.236396519,0.324439091,2.323477279,0.36088329,2.852213995,0.690380877,0.561992242,DRA,ternarius,ternarius,W,3.506699781,15.86588249,158.555,m01,Mentum length
FJ190628-008,2.675557627,0.906523463,NA,0.234796596,NA,2.377536411,0.473147437,0.889028673,0.243229832,0.387259474,2.746046533,0.392941378,3.766710114,0.769364478,0.565168761,DRA,bimaculatus,bimaculatus,W,4.263,18.431,260.60101,m01,Mentum length
FJ190822-008,2.635944822,0.872164013,NA,0.217888247,NA,2.687287084,0.433597569,0.8624894,0.191344705,NA,2.827678789,0.290431541,NA,0.629819955,0.500783745,DRA,,bimaculatus,M,3.987,18.367,245.07958,m01,Mentum length
JL190731-005,2.774315097,0.944002565,4.263737405,0.247216031,0.111217882,2.909386832,0.486937649,1.024381543,0.238800537,0.405985795,2.891273953,0.36921596,3.913399386,0.763703321,0.62624719,DRA,bimaculatus,bimaculatus,W,4.693,18.362,103.12883,m01,Mentum length
PF190709-006,3.420884938,1.344060315,5.167755023,0.317281614,0.19228873,2.545257526,0.496356274,0.953895267,0.276744447,0.593394443,3.398401447,0.6368663,4.580175446,0.8207813,0.755960138,DRA,impatiens,impatiens,Q,6.963,31.95,95.38999,m01,Mentum length
DRA190709-005,2.314781744,0.86805323,NA,0.238870399,NA,2.093724807,0.400755961,0.453260674,0.218030184,NA,2.332046828,0.287333805,3.009266232,0.642474224,0.488679991,DRA,impatiens,impatiens,W,4.735,18.494,313.37872,m01,Mentum length
FJ190709-008,2.298864188,0.900247296,3.250278835,0.230465883,0.101221151,2.19214797,0.415232654,0.567902594,0.230308429,NA,2.181238704,0.295823048,3.089894071,0.669761931,0.557737229,DRA,impatiens,impatiens,W,4.715,18.478,156.55315,m01,Mentum length
FJ190711-010,2.481160244,1.000821768,3.425016085,0.241496899,0.105557387,2.249339942,0.347757665,0.828162608,0.221970733,NA,2.378640248,0.32460083,3.266699749,0.678205178,0.494833549,DRA,impatiens,impatiens,W,4.675,18.02,127.88276,m01,Mentum length
JL190731-002,2.545505208,0.951266022,NA,0.251411529,NA,2.420711786,0.373619538,NA,0.243837157,NA,2.574567259,0.345540245,NA,0.714470568,0.513001218,DRA,impatiens,impatiens,W,4.933,18.322,137.68402,m01,Mentum length
JL190731-003,2.557462273,0.964257564,NA,0.267026782,NA,2.469422347,0.488304786,0.863421207,0.250149442,NA,2.673657615,0.356738873,3.461149507,0.707134941,0.563150327,DRA,impatiens,impatiens,W,5.028,19.64,149.33929,m01,Mentum length
PF190709-005,2.450901953,0.950077718,NA,0.246515433,NA,2.312795318,0.328096076,0.798747482,0.234710086,NA,2.50440323,0.345076733,3.192362037,0.736735991,0.577981078,DRA,impatiens,impatiens,W,4.582,18.822,160.67635,m01,Mentum length
JL190711-002,2.357624535,0.945056814,NA,0.245706932,NA,2.040644468,0.327246773,0.610559182,0.203849053,NA,2.014699935,0.439073478,3.065566759,0.68757425,0.502367474,DRA,ternarius,ternarius,W,4.443,18.35,154.6796,m01,Mentum length
PF190724-005,2.096484882,0.837764951,2.496591964,0.20427126,0.108686402,1.670114318,0.322092501,0.490206336,0.197482635,0.369156865,2.204803172,0.310049966,2.397944175,0.571250151,0.388714246,DRA,ternarius,ternarius,W,3.39,15.436,159.95138,m01,Mentum length
FJ190718-001,2.475323373,0.950176527,NA,0.225114811,NA,2.428280139,0.35725205,0.73328025,0.167868249,NA,2.542191821,0.258696709,3.361701682,0.570142936,0.550086672,DRA,,cf vagans,M,3.631,19.883,123.17648,m01,Mentum length
JL190718-002,2.354581746,0.881722244,NA,0.221282396,NA,2.26493067,0.368320066,0.743483017,0.161519045,NA,2.500396636,0.352834783,3.219090912,0.668772488,0.516079144,DRA,vagans,cf vagans,M,4.111,17.049,137.20382,m01,Mentum length
FJ190703-008,2.231412664,0.99537106,NA,0.227258525,NA,2.044873192,0.36753237,0.726330698,0.222910402,NA,NA,0.40617239,2.813194884,0.4626646,0.555443685,DRA,vagans,cf vagans,W,3.999,16.448,147.64071,m01,Mentum length
FJ190718-002,2.4243158,0.969120812,NA,0.242945605,NA,2.232640282,0.387094847,0.825239233,0.239357353,0.398017755,2.51809076,0.373603756,NA,0.720854464,0.590626968,DRA,perplexus,cf vagans,W,4.724,18.419,262.34498,m01,Mentum length
FJ190718-003,2.593341837,1.013207316,3.606749654,0.292812475,0.128940503,2.325379186,0.417958587,0.856346537,0.25753161,NA,2.663133776,0.350682355,3.496415026,0.744566004,0.596742047,DRA,perplexus,cf vagans,W,4.625,18.903,121.69543,m01,Mentum length
PF190709-002,2.170031654,0.908588667,NA,0.219476636,NA,1.956978731,0.359724277,0.700910099,0.213344922,0.310682995,2.226464041,0.32515709,2.872042151,0.599059671,0.524259692,DRA,vagans,cf vagans,W,4.109,15.937,160.06943,m01,Mentum length
AAL230713-001,2.350356069,1.084514367,3.886839772,0.200567118,0.100283559,1.954780523,0.297190648,0.635704637,0.165543838,0.276061205,1.952813333,0.289693727,2.714164105,0.456043777,0.645072298,DRA,vagans,cf vagans,W,3.002590823,11.36246985,173.35384,m01,Mentum length
ASD230629-001,4.26969461,1.050802498,NA,0.320520492,NA,4.244786995,0.375184269,1.132817784,0.253849256,NA,4.135720752,0.498909397,5.457662076,0.894028514,0.874862026,DRA,borealis,borealis,W,6.421636832,26.28249948,174.04597,m01,Mentum length
ASD230630-001,2.4794957,0.915249899,5.355978415,0.234232238,0.084867993,2.465107526,0.312017002,0.823248379,0.134175679,0.272670049,2.602361737,0.363871231,3.430649072,0.580514219,0.57324452,DRA,impatiens,bimaculatus,W,4.289283673,16.52577036,182.71046,m01,Mentum length
ASD230713-001,3.243404605,1.239326667,4.381159181,0.176057384,0.125314946,3.011767131,0.365418326,1.046851262,NA,0.322243258,3.161706747,0.424846596,4.024949754,0.695962448,0.685958337,DRA,vagans,cf vagans,W,4.964886306,15.67525772,180.015,m01,Mentum length
CAP220712-004,2.134373346,0.933995097,2.999187127,0.116418827,0.108622196,1.896793617,0.274928953,0.686107381,0.138111731,0.215422464,2.184513139,0.273328829,2.676241968,0.363980763,0.302979462,DRA,vagans,cf vagans,W,3.932402827,12.18458815,186.9666667,m01,Mentum length
DRA170916-003,2.970915684,1.064480213,7.726374252,0.233976489,0.113948157,3.498819394,0.377763117,1.014310156,0.209598574,0.394646232,3.741722637,0.328892294,4.679322232,0.703848036,0.569406316,DRA,rufocinctus,cf rufocinctus,W,3.919006328,16.19718895,176.01136,m01,Mentum length
DRA210812-001,2.396222574,0.862129368,3.797194177,0.20231794,0.174154317,2.321191674,0.334673056,0.835930175,0.203944252,0.243529417,2.35776479,0.214161512,3.176332792,0.577180713,0.52607697,DRA,rufocinctus,cf rufocinctus,W,3.289862146,13.35016217,178.28068,m01,Mentum length
DRA210812-005,2.603102267,1.179582839,5.807020522,0.267313493,0.084536698,2.651654728,0.48235105,0.947782478,0.151702925,0.34954116,2.695895601,0.46585685,3.626109146,0.756694961,0.818418034,DRA,perplexus,cf perplexus,W,4.844010563,15.4074878,185.6276667,m01,Mentum length
DRA210812-010,3.335389973,0.971783437,4.535153748,0.207171088,NA,3.179006564,0.419054539,0.921061542,0.190965554,0.399731511,3.232229859,0.446913403,4.251536521,0.508898647,0.567534385,DRA,borealis,borealis,M,4.498125021,15.76338714,178.0083333,m01,Mentum length
DRA210812-012,3.076364528,1.015153047,3.80489828,0.146123467,0.112722652,2.485356286,0.381702031,0.901003518,0.212640884,0.297905015,2.790477323,0.364878612,3.559384492,0.575435028,0.591604729,DRA,perplexus,cf perplexus,W,4.416855769,13.70641689,180.6743333,m01,Mentum length
DRA230629-001,3.985062436,NA,7.82499264,0.275270557,0.146487637,NA,NA,NA,NA,NA,NA,NA,5.362291204,1.018831326,NA,DRA,borealis,cf borealis,W,5.394189933,23.55372064,181.385,m01,Mentum length
DRA230713-001,4.094414122,0.894513554,7.978903212,0.315044596,0.115157492,4.028721118,0.271428856,1.143305244,0.20742566,NA,3.957280066,0.50611113,5.158599482,0.563108584,0.6272767,DRA,borealis,cf borealis,W,6.063940601,20.81087745,184.2103333,m01,Mentum length
FJ190711-003,2.542044841,1.102208394,NA,0.27044093,NA,1.919842036,0.333105841,0.855817591,0.207580075,0.299376243,NA,NA,NA,NA,NA,DRA,terricola,terricola,W,4.738546192,15.55191752,175.3566667,m01,Mentum length
FJ190711-004,2.296403292,NA,4.853113412,0.206754225,0.206754225,1.961442683,0.261525704,0.804544403,0.174879891,NA,NA,0.180053047,2.917767771,0.476977415,NA,DRA,terricola,terricola,W,5.624667985,14.73057584,264.0303,m01,Mentum length
FJ190711-005,2.104605513,0.970206453,4.144511218,0.193013845,0.13536508,1.847643429,0.324794293,0.678062531,0.166048951,0.225665345,1.986806193,0.356875718,2.659707356,0.537710858,0.433596338,DRA,ternarius,ternarius,W,3.371287589,12.49727166,186.01075,m01,Mentum length
FJ190711-008,2.133153363,0.564096998,4.125021207,0.159351653,0.142287115,1.864132107,0.344563826,0.683301268,0.169017969,NA,2.428083534,0.396466072,2.560220274,0.326368031,0.373590231,DRA,ternarius,ternarius,W,3.585917424,11.05253391,181.01105,m01,Mentum length
GSM220614-001,2.041911888,1.116581215,4.381177685,0.154841928,0.084707712,2.565350333,0.287701262,0.800087579,NA,0.334546395,2.662357999,0.387233358,3.488323094,0.332682643,NA,DRA,vagans,vagans,W,4.393601375,14.98672219,189.0486667,m01,Mentum length
HHW230629-001,3.332394254,1.056329751,6.982446939,0.266270969,0.176169123,NA,NA,NA,NA,NA,3.933736695,NA,4.230473912,0.837468501,0.727273479,DRA,vagans,vagans,W,3.639758217,19.0642442,168.04761,m01,Mentum length
JAL230713-002,2.2810082,0.923766511,4.635969364,0.216835475,0.143007698,1.911931,0.334772385,0.693453662,0.16050485,0.247642408,2.28027026,0.451218529,2.858607982,0.576479469,0.510498332,DRA,vagans,vagans,W,3.511367239,11.9512451,182.0473333,m01,Mentum length
JL190711-003,2.37672898,1.038536916,4.223357027,0.190496924,0.070900841,1.796026717,0.310106533,0.673861551,0.157409356,0.326870873,2.371240982,0.382746408,2.484196657,0.617473294,0.401261071,DRA,terricola,terricola,W,4.315631366,13.10491071,183.3546667,m01,Mentum length
JL190711-007,1.955581601,0.594498779,5.097204396,0.096547571,0.094352999,2.441640163,0.420755441,0.553489227,0.165424695,0.301013297,2.572253786,0.357138345,2.973582252,0.529832944,0.515718046,DRA,bimaculatus,bimaculatus,W,4.301403172,15.13310399,184.25,m01,Mentum length
LSK230629-001,2.979240566,1.150605953,NA,NA,NA,2.986419795,0.398546221,1.048554634,0.157426802,0.299341743,3.173925025,0.409165901,4.040736188,0.670811406,0.598632288,DRA,vagans,cf vagans,W,3.59212732,19.56521765,180.674,m01,Mentum length
MEM230630-002,2.697001851,0.820704339,5.252368263,0.266501718,0.14725947,2.371501691,0.39505673,0.675505446,0.187032549,0.300584027,2.660430534,0.341068783,3.308952042,0.610478498,0.457795264,DRA,griseocollis,griseocollis,W,5.374129788,17.09351065,185.351,m01,Mentum length
NNK230713-001,2.164500473,0.866887801,4.133897585,0.207783124,0.069036099,1.874343246,0.272604041,0.669153621,0.178406545,0.178640376,2.130439011,0.383741937,2.770202003,0.540286118,0.403525444,DRA,vagans,vagans,W,3.576611867,11.35940226,181.4986667,m01,Mentum length
NNK230713-002,2.157811063,0.841841503,3.834244847,0.237998922,0.132018033,1.983128949,0.30113789,0.579461848,NA,0.216149634,2.375373402,0.302877438,2.923666418,0.529102533,0.603585644,DRA,vagans,vagans,W,3.600761168,12.16317835,180.6676667,m01,Mentum length
OW220614-008,2.599589561,0.894964304,4.246153282,0.197237404,0.091955996,2.525949248,0.358384319,0.937785502,0.187440391,0.40248331,2.619766471,0.516440176,3.729922598,0.621864977,0.730814594,DRA,vagans,vagans,W,4.850690891,13.3413321,181.391,m01,Mentum length
OW220614-016,3.678913107,1.036890716,7.665718681,0.386220121,0.196642845,3.388339614,0.479675432,1.027273967,0.210044508,0.409893292,NA,NA,NA,NA,NA,DRA,impatiens,impatiens,Q,5.787726667,26.54808639,186.7096667,m01,Mentum length
OW220614-021,3.779786629,1.391939807,5.184861005,0.157497992,0.102300071,3.704031612,0.455175585,0.898089178,0.203560727,0.306559467,3.839851246,0.511985598,4.837977067,0.862786698,NA,DRA,bimaculatus,cf,Q,6.778446759,24.8833514,188.029,m01,Mentum length
OW220614-026,3.637372439,NA,8.243886056,0.298462433,0.165818116,3.577924409,0.438624981,1.127346312,0.216274508,0.38469957,3.806181906,0.56594434,4.818692062,0.817393605,0.557773215,DRA,impatiens,impatiens,Q,7.255544247,27.88647811,181.423,m01,Mentum length
OW220708-002,1.850942369,0.862482778,4.356103241,0.15772845,0.100890816,2.042874895,0.327246687,0.643089943,0.13349643,NA,2.14373925,0.353612423,2.838201715,0.52206825,0.539227971,DRA,ternarius,ternarius,W,3.722843425,12.59089763,175.356,m01,Mentum length
OW220708-009,2.648011559,1.178425191,4.303428428,0.172853774,0.118379777,2.73406422,0.336482909,0.901495053,0.175133278,0.373996462,2.746781007,0.310660517,3.727766674,0.579210241,0.577381348,DRA,bimaculatus,bimaculatus,W,2.999758261,14.39304616,183.3513333,m01,Mentum length
OW220728-003,2.707815868,0.913282893,4.345405211,0.217715268,0.08510664,2.681196005,0.395566695,0.594000471,0.170213224,NA,2.535794405,0.297549461,3.588535361,0.537868668,0.604776832,DRA,griseocollis,griseocollis,M,NA,18.235219,182.7026667,m01,Mentum length
OW220728-004,2.701624705,0.714462157,4.048125997,0.184340937,0.057915616,2.321683015,0.271971588,0.687890665,0.150773058,0.286859145,2.713272377,0.288301668,3.712809956,0.542205027,0.48785377,DRA,griseocollis,griseocollis,M,178.7113333,6.165322475,184.7596667,m01,Mentum length
REA230629-002,3.260618981,1.014134955,6.202623246,0.288057266,0.151212539,2.794753703,0.366885275,1.030429353,0.201516923,0.331867303,3.056256601,0.466409297,3.887353844,0.736183436,0.663415477,DRA,vagans,vagans,W,4.754597409,18.37087121,185.3796667,m01,Mentum length
RLR230713-001,2.394302978,0.737186287,4.14870301,0.188458069,0.113449358,2.06849627,0.306349146,0.760651816,0.188318204,0.207710596,2.34387948,0.278514527,2.84251636,0.513763189,0.404680362,DRA,vagans,vagans,W,NA,13.19226271,183.6766667,m01,Mentum length
TWM180814-003,3.031085478,0.945738,4.742346587,0.274181362,0.100169001,3.373436241,0.512711026,0.995460599,0.267429842,0.458712244,3.162844034,0.436550402,4.546158554,0.800752418,0.575309155,DRA,borealis,borealis,W,4.327065606,16.35377318,154.73849,m01,Mentum length
DRA190824-004,2.649653001,0.965003704,3.864186569,0.225647747,0.115552737,2.696283173,0.432557519,0.892021317,0.225901554,0.311848195,2.581951936,0.380324129,3.54922886,0.708786464,0.510323251,DRA,impatiens,impatiens,W,4.225454074,15.08757993,249.08722,m01,Mentum length
FJ190705-006,2.247620596,0.846375051,NA,0.215215445,NA,2.017512484,0.406422246,0.774422173,0.216081212,0.29822323,2.278516222,0.394087727,3.070203066,0.645164306,0.511626498,DRA,impatiens,impatiens,W,3.634360495,12.03729403,158.10264,m01,Mentum length
DRA190718-001,2.526582755,NA,4.390071661,0.153882653,0.134513745,2.824789316,0.457269293,0.725954748,0.139832845,NA,2.122135414,1.533134876,3.779922715,0.966090432,0.75886236,DRA,vagans,cf vagans,W,3.834924154,16.86157948,105.16442,m01,Mentum length
JL190703-012,2.778039405,1.031799326,4.333774917,0.243811613,0.12479269,2.941697029,0.5200406,1.006261928,0.256860424,0.358572192,3.147230602,0.448130352,3.973804894,0.691940393,0.597055075,DRA,bimaculatus,bimaculatus,W,4.266742429,17.05137942,216.34232,m01,Mentum length
JL190809-012,2.736259037,1.091636586,3.736645736,0.238499796,0.110330559,2.500280456,0.444612355,0.804088056,0.241307917,NA,2.964082457,0.438496565,3.436120818,0.692995914,0.610160046,DRA,ternarius,ternarius,Q,5.08737852,19.15343269,258.13347,m01,Mentum length
DRA170916-001,NA,NA,5.541572472,0.2460143,0.145900618,2.988913642,0.412974319,0.873530982,0.202327692,NA,1.887771164,0.504416592,3.93455654,0.673059884,0.627140578,DRA,impatiens,,W,4.538788204,16.4217438,168.0119,m01,Mentum length
DRA170916-005,2.581291899,0.742309497,4.173562652,0.201613101,0.113272364,2.473788544,0.391749869,0.797172504,0.177106386,0.436689589,2.547059296,0.291552534,3.251106206,0.477169798,0.549514929,DRA,impatiens,impatiens,W,3.718950666,15.33744945,260.03077,m01,Mentum length
ESL230713-001,4.411780412,1.117647059,NA,0.378852765,NA,4.503854529,0.630592647,1.283863118,0.279643882,0.357228882,4.712025412,0.528757765,5.840129706,0.837280176,0.636817353,DRA,borealis,cf borealis,W,7.355157413,NA,170,m01,Mentum length
MEM230629-002,3.717518982,1.064480303,7.038332619,0.292907463,0.111006367,3.129675381,0.482982498,1.135683927,0.212067842,0.254497906,3.544096927,NA,4.429885906,0.788516535,0.725268198,DRA,vagans,,W,4.350602845,17.80883865,166.1084,m01,Mentum length
MEM230630-007,2.52366208,0.693656341,5.303168433,0.250964496,0.124352922,2.427443544,0.273537837,0.793219125,0.217030506,0.272969011,2.458391567,0.358446183,3.200399651,0.585374822,0.518983972,DRA,impatiens,,W,4.050094319,14.11875286,181.33824,m01,Mentum length
MEM230726-002,NA,0.772825913,4.884619322,0.182436634,0.132513095,2.46964213,0.325824651,0.794825857,0.177332474,0.318971912,2.706195157,0.402559755,3.431818037,0.600790938,0.531889589,DRA,impatiens,,W,3.967836797,13.6675731,176.01136,m01,Mentum length
MEM230726-003,2.547871137,0.761023704,4.409834842,0.193751119,0.078073827,2.398926667,0.315479227,0.787039047,0.177533954,0.302869873,2.305298735,0.295806177,3.159482523,0.50301285,0.406131133,DRA,impatiens,cf impatiens,W,3.991389128,14.45457845,164.02744,m01,Mentum length
MEM230802-001,2.783894928,0.874596193,3.895737095,0.133994458,0.068753802,2.524508237,0.358489959,0.838271092,0.213553707,0.315853272,2.614172158,0.417088022,3.54201841,0.5925475,0.457814851,DRA,impatiens,,W,3.86691683,17.43689065,178.00281,m01,Mentum length
MEM230802-003,2.434939448,0.704383914,5.14258439,0.235422775,0.12018871,2.431143059,0.324101933,0.639164889,0.13751119,0.151399854,1.85808562,0.315316427,3.079393562,0.545058138,0.472855315,DRA,impatiens,,W,2.587656092,16.28725494,188.26577,m01,Mentum length
MEM230802-011,2.338683785,0.893517494,4.70119213,0.225592371,0.084471098,2.049291743,0.265248487,0.710910765,0.147779998,0.152206997,2.230500201,0.266414193,2.985742021,0.430849043,0.403763137,DRA,impatiens,,W,3.144368685,15.14849582,184.07728,m01,Mentum length
MEM230802-014,2.655141538,0.741794822,5.727129279,0.234074437,0.125179309,2.602660916,0.272625186,0.826231482,0.177181773,0.328957828,2.656096316,0.32983349,3.474603374,0.539800811,0.45402621,DRA,impatiens,,W,4.351428139,18.7713002,182.01099,m01,Mentum length
MEM230809-001,2.802684548,0.799532493,6.154686532,0.254497778,0.139138204,2.601298602,0.456810774,0.967526906,0.185139458,0.312529451,2.836810456,0.394447004,3.6799724,0.627204872,0.56641788,DRA,impatiens,,W,4.310328248,19.53602102,180.04444,m01,Mentum length
NNK230629-001,3.313016778,0.898772222,5.177584333,0.281639833,0.091960833,2.824204,0.2969495,0.894513444,0.161206889,0.344528611,3.401270667,0.522015333,4.215857778,0.653598778,0.618964667,DRA,impatiens,,W,4.423952122,20.55119577,180,m01,Mentum length
OW220614-012,1.982154859,0.717485695,3.823936088,0.123443872,0.058263952,2.551509182,NA,0.767867045,NA,0.299553817,2.57850195,0.307078044,3.52049332,0.465593501,0.407866232,DRA,bimaculatus,,W,3.822457692,15.13545951,182.04395,m01,Mentum length
OW220708-008,2.609283308,0.794400728,4.392531908,0.130275143,0.062795045,2.787409684,0.353486485,0.936147525,0.15453194,0.286291034,2.873313502,0.299157617,3.821033105,0.529656726,0.43454894,DRA,bimaculatus,,W,3.461193777,14.56010763,178.04494,m01,Mentum length