specimen_id,species,caste,image_initials,measure_initials,f_femurlength_1,f_femurwidth_1,f_tibialength_1,f_tibiawidth_1,f_basitarsuslength_1,f_basitarsuswidth_1,f_femurlength_2,f_femurwidth_2,f_tibialength_2,f_tibiawidth_2,f_basitarsuslength_2,f_basitarsuswidth_2,m_femurlength_1,m_femurwidth_1,m_tibialength_1,m_tibiawidth_1,m_basitarsuslength_1,m_basitarsuswidth_1,m_femurlength_2,m_femurwidth_2,m_tibialength_2,m_tibiawidth_2,m_basitarsuslength_2,m_basitarsuswidth_2,h_femurlength_1,h_femurwidth_1,h_tibialength_1,h_tibiawidth_1,h_basitarsuslength_1,h_basitarsuswidth_1,h_femurlength_2,h_femurwidth_2,h_tibialength_2,h_tibiawidth_2,h_basitarsuslength_2,h_basitarsuswidth_2,notes
190815_001,vag,W,DY,PF,1.916,0.554,1.641,0.524,1.497,0.405,1.69,0.447,1.47,0.501,1.23,0.317,2.273,0.901,2.03,0.744,1.865,0.578,NA,NA,NA,NA,NA,NA,2.512,0.807,2.762,0.942,1.88,0.875,NA,NA,NA,NA,NA,NA,
AO190715_001,imp,W,CL,DMO,NA,NA,2.393,0.642,1.475,0.594,NA,NA,1.922,0.594,1.742,0.521,2.507,1.009,2.383,0.775,2.484,0.607,2.896,0.995,2.225,0.909,2.44,0.654,3.095,1.169,3.332,1.249,2.49,1.191,3.081,0.843,3.163,1.241,2.288,1.203,
DMO180529_005,vag,W,PF,DMO,3.34,1.187,2.763,0.823,2.14,0.769,NA,NA,NA,NA,NA,NA,4.343,1.679,3.387,1.296,3.467,0.973,3.922,1.537,3.432,1.324,3.65,1.009,4.606,1.51,5.548,1.628,3.254,1.316,NA,NA,NA,NA,NA,NA,
DRA180529,vag,W,CL,DMO,3.268,0.977,2.782,0.971,2.116,0.579,3.367,0.952,2.569,0.646,2.206,0.708,4.035,1.414,3.339,1.019,3.223,0.976,3.766,1.423,3.491,1.091,3.364,0.891,3.27,1.241,2.908,1.121,2.908,0.813,3.231,1.189,2.651,1.215,2.766,0.907,
DRA180720_002,vag,W,DY,PF,2.358,0.736,1.92,0.598,1.498,0.538,2.314,0.722,1.894,0.57,1.559,0.447,2.758,0.977,2.323,0.892,2.264,0.655,2.899,0.994,2.473,0.79,2.121,0.637,3.234,1.021,3.715,1.153,2.266,0.709,2.594,0.726,3.475,1.047,2.309,0.824,
DRA180720_009,bor,W,CL,DMO,3.154,0.637,2.027,0.666,1.668,0.615,NA,NA,1.921,0.794,1.771,0.587,2.881,1.106,2.57,0.829,2.517,0.688,3.19,1.103,2.158,0.812,2.612,0.805,3.289,1.087,3.899,1.277,2.439,1.013,NA,NA,NA,NA,NA,NA,
DRA180720_010,bor,W,PF,DMO,2.287,0.732,2.508,0.632,1.866,0.54,NA,NA,NA,NA,NA,NA,2.784,1.138,2.737,0.723,2.748,0.594,NA,NA,NA,NA,NA,NA,3.686,1.105,4.168,1.199,2.804,0.971,NA,NA,NA,NA,NA,NA,
DRA180814_006_duplicate1,imp,W,CL,DMO,3.046,0.821,2.441,0.819,2.144,0.656,2.912,0.808,2.293,0.817,2.154,0.6,3.114,1.277,2.786,1.239,3.169,0.86,3.789,1.259,3.074,0.787,3.265,1.01,4.252,1.385,4.482,1.347,3.372,1.381,NA,NA,4.278,1.512,2.952,1.531,
DRA180814_006_duplicate2,vag,W,PF,DMO,3.255,0.939,2.586,0.701,2.061,0.716,3.243,0.896,2.757,0.706,2.212,0.692,3.724,1.339,3.455,1.03,3.173,0.916,3.453,1.509,3.304,1.199,3.21,0.877,4.022,1.352,4.186,1.314,3.019,1.021,4.415,1.195,4.614,1.552,3.086,1.417,
DRA180814_17,imp,W,CL,DMO,2.041,0.518,1.625,0.522,1.489,0.517,1.987,0.528,1.704,0.621,1.448,0.567,1.98,0.851,2.089,0.728,2.03,0.796,2.155,0.885,1.96,0.754,2.113,0.721,NA,NA,2.922,1.036,2.04,1.008,2.903,0.913,2.804,0.791,2.189,0.775,
DRA190709_004,imp,W,CL,DMO,NA,NA,NA,NA,NA,NA,NA,NA,NA,NA,NA,NA,NA,NA,NA,NA,NA,NA,NA,NA,NA,NA,NA,NA,3.205,1.013,3.327,0.963,2.783,0.99,3.201,1.155,3.775,0.878,2.35,0.83,
DRA190709_005,imp,W,CL,DMO,NA,NA,1.876,0.676,1.866,0.642,2.435,0.685,1.925,0.745,1.483,0.617,2.515,1.058,2.561,0.85,2.436,0.729,2.978,1.117,2.493,0.922,2.279,0.552,4.094,1.082,3.71,1.006,2.415,0.85,3.343,0.893,3.412,0.87,2.74,0.982,
DRA190709_006,vag,W,DY,PF,1.703,0.336,1.38,0.34,1.15,0.295,1.568,0.461,1.35,0.393,1.151,0.333,2.028,0.71,1.71,0.518,1.637,0.477,2.021,0.771,1.581,0.576,1.61,0.359,2.009,0.65,2.298,0.713,1.624,0.428,2.021,0.621,2.273,0.617,1.655,0.37,
DRA190709_007,vag,W,DY,PF,2.264,0.461,1.545,0.396,1.228,0.242,1.841,0.506,1.497,0.401,1.315,0.308,2.428,0.793,2.008,0.639,1.874,0.303,2.112,0.768,1.891,0.775,1.996,0.47,2.467,0.689,2.643,0.672,2.043,0.47,2.466,0.742,2.649,0.662,2.014,0.492,
DRA190709_008,vag,W,DY,PF,1.768,0.496,1.472,0.381,1.152,0.375,NA,NA,NA,NA,NA,NA,2.11,0.707,1.671,0.659,1.063,0.34,2.111,0.808,1.721,0.685,1.716,0.53,2.303,0.775,2.729,0.833,1.564,0.511,2.275,0.732,2.702,0.67,1.627,0.539,
DRA190709_009,vag,W,DY,PF,1.918,0.511,1.44,0.409,1.076,0.234,NA,NA,NA,NA,NA,NA,NA,NA,NA,NA,NA,NA,NA,NA,NA,NA,NA,NA,2.673,0.733,2.578,0.809,1.999,0.442,2.564,0.772,2.62,0.667,2.015,0.391,
DRA190709_013,vag,W,DY,PF,NA,NA,1.497,0.431,1.262,0.372,NA,NA,NA,NA,NA,NA,2.135,0.825,1.871,0.722,1.658,0.546,2.139,0.773,1.794,0.572,1.723,0.515,2.425,0.832,2.612,0.908,1.714,0.639,2.307,0.779,2.664,0.862,1.868,0.646,
DRA190709_014,vag,W,DY,PF,1.433,0.432,1.313,0.341,1.08,0.328,NA,NA,NA,NA,NA,NA,2.009,0.673,1.592,0.555,1.515,0.361,1.945,0.725,1.661,0.59,1.466,0.41,2.111,0.698,2.207,0.774,1.597,0.513,2.22,0.637,2.428,0.686,1.515,0.418,
DRA190709_015,terri,W,CL,CL,2.254,0.528,1.991,0.568,1.637,0.51,2.243,0.605,1.715,0.518,1.638,0.532,1.774,0.802,2.336,0.965,2.396,0.715,1.7,0.84,2.271,0.809,2.404,0.553,2.565,0.76,3.288,1.061,2.359,0.928,2.194,0.752,3.339,1.096,2.365,1.143,
DRA190709_016,tern,Q,CL,CL,2.922,0.945,2.707,0.777,NA,0.83,3.288,0.945,2.634,0.834,NA,0.883,5.451,1.723,5.369,1.795,3.473,1.409,1.473,1.545,5.12,1.871,3.592,1.452,4.139,1.442,3.035,1.201,3.464,0.793,3.573,1.523,3.41,1.217,3.235,0.872,
DRA190709-003,bim,W,DY,DY,1.867,0.74,1.97,0.671,1.571,0.507,NA,NA,NA,NA,NA,NA,2.306,0.986,2.252,0.957,2.248,0.742,2.814,0.947,2.401,0.944,NA,0.847,3.257,1.012,3.046,0.999,2.328,0.708,3.068,1.022,3.268,1.157,2.317,0.981,
DRA190709-010,bim,W,DY,DY,2.566,0.547,1.91,0.838,1.839,0.664,2.683,0.874,1.979,0.758,1.757,0.711,3.014,1.15,2.371,0.971,2.497,0.783,2.969,1.295,2.286,1.033,2.384,0.665,3.221,1.028,3.543,0.905,2.276,0.986,3.086,0.923,3.534,0.842,2.297,0.874,
DRA190709-011,bim,W,DY,DY,2.038,0.781,2.023,0.708,1.601,0.567,NA,NA,NA,NA,NA,NA,2.68,1.279,2.256,0.973,2.28,0.757,2.721,1.002,2.124,0.915,2.201,0.73,2.832,0.99,3.137,0.798,2.761,0.866,3.676,1.149,3.51,1.003,2.387,0.805,
DRA190709-012,bim,W,DY,DY,NA,NA,NA,NA,NA,NA,NA,NA,NA,NA,NA,NA,2.868,1.188,2.181,1.042,2.154,0.97,2.858,1.115,2.339,0.936,2.398,0.658,3.584,1.062,3.388,0.678,2.186,0.951,3.642,1.101,3.122,1.09,2.093,0.838,
DRA190715_001,bim,W,CL,CL,2.483,0.791,2.153,0.626,2.288,0.655,2.481,0.655,1.938,0.651,2.047,0.596,2.924,1.088,2.701,1.087,2.687,0.774,3.284,1.016,2.652,0.84,2.674,0.673,4.149,1.114,3.673,1.075,2.963,1.097,NA,NA,NA,NA,NA,NA,
DRA190718_001,vag,W,CL,DMO,NA,NA,NA,NA,NA,NA,NA,NA,NA,NA,NA,NA,2.515,1.008,2.45,0.802,2.193,0.736,2.72,0.851,2.371,1.042,2.014,0.762,NA,NA,3.359,1.191,2.033,0.988,NA,NA,3.026,1.064,1.93,0.943,No hindfemurs. Very hariy legs. Hard to see clear edges. 
DRA190718_002,perp,M,CL,CL,2.48,0.567,2.08,0.498,1.787,0.459,NA,NA,NA,NA,NA,NA,4.581,0.933,3.761,0.955,2.97,0.683,4.494,0.943,3.572,0.981,2.786,0.599,2.921,1.167,2.812,1.122,2.87,0.528,2.798,1.002,2.685,1.041,2.81,0.609,
DRA190824_001,tern,W,DY,PF,2.104,0.437,1.433,0.404,1.213,0.326,1.798,0.61,1.394,0.421,1.307,0.357,2.703,0.821,1.784,0.678,1.685,0.421,2.197,0.835,1.759,0.722,1.755,0.501,2.898,0.829,2.676,0.933,1.752,0.81,NA,NA,NA,NA,NA,NA,
DRA190824_003,tern,W,DY,PF,1.923,0.514,1.421,0.542,1.256,0.376,NA,NA,NA,NA,NA,NA,2.603,0.811,1.977,0.778,1.737,0.508,2.209,0.854,1.879,0.637,1.718,0.561,2.264,0.741,2.618,0.693,1.886,0.738,2.63,0.741,2.682,0.859,1.691,0.662,
DRA190824-004,imp,W,DY,DY,3.419,0.718,2.276,0.72,2.13,0.613,4.036,0.653,2.132,0.658,1.97,0.75,3.958,1.128,2.826,1.139,2.744,0.79,4.582,1.11,2.583,1.117,2.828,0.727,4.582,1.11,2.583,1.117,2.828,0.727,4.097,1.122,4.313,1.437,2.648,1.283,
DRA190824-006,imp,W,DY,DY,2.178,0.537,1.675,0.609,1.532,0.603,2.326,0.587,1.679,0.661,1.653,0.522,2.26,0.944,1.932,1.033,2.11,0.663,3.517,0.954,2.431,1.023,2.288,0.644,2.936,0.963,3.114,1.258,2.415,1.154,2.838,1.007,3.16,1.013,2,0.894,
DRA200720_001,vag,W,CL,CL,2.637,0.588,2.109,0.683,1.991,0.625,2.58,0.726,2.019,0.665,1.764,0.617,3.244,1.044,2.898,1.073,2.425,0.85,3.32,1.173,2.484,0.874,2.628,0.831,3.494,0.962,3.647,1.202,2.743,0.943,3.309,0.927,3.725,1.335,2.992,1.078,
DRA200720_002_duplicate1,terri,W,CL,CL,2.828,0.926,2.454,0.711,2.223,0.491,NA,NA,NA,NA,NA,NA,3.516,1.034,2.818,0.663,3.196,0.68,3.397,1.086,2.776,1.015,3.301,0.511,4.867,1.004,4.414,1.441,3.219,1.056,3.899,1.075,4.24,1.253,3.045,1.105,
DRA200720_002_duplicate2,vag,W,CL,CL,2.596,0.741,2.158,0.656,1.845,0.734,2.401,0.83,1.862,0.664,1.815,0.694,3.38,0.983,3.536,1.367,3.248,1.181,3.458,1.055,3.53,1.162,3.267,1.134,3.013,1.004,2.499,0.965,2.574,0.808,2.902,1.094,2.291,0.849,2.736,0.707,
FF190724_007,imp,Q,CL,CL,3.174,0.795,3.02,0.775,2.623,0.759,3.477,0.961,3.013,0.817,2.589,0.822,4.84,1.34,5.281,1.533,3.777,1.368,5.035,1.404,5.295,1.354,3.557,1.192,3.916,1.399,3.266,1.24,3.722,0.808,4.279,1.514,3.276,1.153,3.894,0.884,
FJ180619_014,vag,W,DY,PF,1.699,0.505,1.416,0.423,1.032,0.283,NA,NA,NA,NA,NA,NA,1.996,0.767,1.991,0.552,1.594,0.445,2.068,0.785,1.84,0.63,1.656,0.3,2.229,0.798,2.654,0.845,1.608,0.581,2.037,0.724,2.442,0.793,1.738,0.608,
FJ1900827-014,imp,W,DY,DY,3.213,0.61,2.017,0.492,1.741,0.522,3.172,0.612,2.082,0.701,1.799,0.591,3.805,1.152,2.544,0.739,2.573,0.675,2.965,0.999,2.574,0.936,2.427,0.766,4.09,0.996,4.13,1.365,2.558,1.081,3.372,1.085,3.796,1.292,2.716,1.147,
FJ190509_010,tern,W,DY,PF,2.356,0.832,1.879,0.767,1.703,0.375,NA,NA,NA,NA,NA,NA,2.448,0.902,1.624,0.613,1.747,0.547,2.158,0.752,2.67,0.58,1.868,0.678,2.223,0.814,2.707,0.695,1.835,0.497,NA,NA,NA,NA,NA,NA,
FJ190529_001,imp,W,CL,CL,NA,NA,NA,NA,NA,NA,NA,NA,NA,NA,NA,NA,4.519,1.55,3.726,1.199,3.696,1.113,4.515,1.335,3.718,1.175,3.984,1.016,4.476,1.43,5.556,1.552,3.956,1.418,5,1.375,5.505,1.676,4.073,1.513,
FJ190627_003,imp,Q,CL,CL,3.38,0.997,2.92,0.874,2.658,0.78,2.962,0.873,2.713,0.83,2.576,0.953,5.068,1.457,5.171,1.596,3.751,1.596,5.041,1.35,6.117,1.427,3.819,1.153,4.971,1.499,3.574,1.215,3.627,0.946,4.122,1.549,3.648,1.17,4.016,0.933,
FJ190627_004,imp,W,CL,PF,2.412,0.433,1.513,0.535,1.437,0.484,NA,NA,NA,NA,NA,NA,2.401,0.835,1.883,0.804,2.023,NA,2.377,0.887,2.104,0.712,1.99,0.593,2.676,0.859,3.12,1.027,1.885,0.8,2.866,0.779,2.891,0.972,2.281,0.911,
FJ190627_009,imp,W,CL,PF,2.086,0.41,1.649,0.541,1.155,0.416,1.83,0.625,NA,NA,NA,NA,2.032,0.82,1.766,0.653,1.636,0.457,1.671,0.748,1.887,0.574,1.761,0.435,2.487,0.775,2.813,0.791,1.972,0.695,2.511,0.778,2.89,0.851,1.9,0.658,
FJ190627-001,bim,W,DY,DY,NA,NA,NA,NA,NA,NA,NA,NA,NA,NA,NA,NA,2.544,1.141,2.243,0.883,2.113,0.699,2.654,1.076,2.488,0.935,2.238,0.636,3.021,1.126,2.811,1.239,2.346,0.973,2.708,0.791,3.446,0.674,2.206,0.812,
FJ190627-002,bim,W,DY,DY,NA,NA,NA,NA,NA,NA,NA,NA,NA,NA,NA,NA,3.021,1.126,2.811,1.239,2.346,0.973,2.708,0.791,3.446,0.674,2.206,0.812,2.521,0.982,3,0.849,2.023,0.849,2.123,1.038,2.938,1.218,1.925,1.04,
FJ190700_003,imp,W,CL,PF,2.708,0.485,1.74,0.679,1.629,0.496,2.691,0.531,1.57,0.632,1.512,0.485,2.94,0.855,2.07,0.725,2.216,0.602,2.563,0.917,2.17,0.796,2.078,0.648,2.907,0.926,2.967,1.048,2.27,1.028,2.438,0.808,3.528,0.839,2.414,0.707,
FJ190703_001,vag,W,DY,PF,NA,NA,NA,NA,NA,NA,NA,NA,NA,NA,NA,NA,2.044,0.797,1.513,0.647,1.466,0.472,1.841,0.745,1.76,0.651,1.565,0.496,2.14,0.778,2.358,0.968,1.639,0.62,1.826,0.691,2.4,0.771,1.663,0.627,
FJ190703_002,vag,W,DY,PF,1.699,0.421,1.422,0.478,1.176,0.311,1.744,0.374,1.506,0.383,0.901,0.313,1.87,0.757,1.699,0.714,1.684,0.54,0.958,0.493,1.676,0.585,1.683,0.482,2.086,0.674,2.465,0.579,1.68,0.53,1.931,0.705,2.395,0.672,1.658,0.589,
FJ190703_006,vag,W,DY,PF,NA,NA,NA,NA,NA,NA,NA,NA,NA,NA,NA,NA,1.837,0.735,1.821,0.59,1.647,0.441,1.827,0.732,1.771,0.607,1.656,0.472,2.152,0.763,2.361,0.654,1.674,0.508,NA,NA,NA,NA,NA,NA,
FJ190703_008,vag,W,DY,PF,1.554,0.415,1.421,0.432,1.101,0.36,NA,NA,NA,NA,NA,NA,1.195,0.604,1.662,0.665,1.643,0.506,2.044,0.63,1.702,0.644,1.626,0.447,1.177,0.55,2.965,0.977,1.759,0.672,1.716,0.607,2.429,0.532,1.677,0.457,
FJ190703_010,tern,W,CL,PF,1.928,0.533,1.15,1,1.189,0.332,NA,NA,NA,NA,NA,NA,NA,NA,NA,NA,NA,NA,NA,NA,NA,NA,NA,NA,2.065,0.56,2.347,0.858,1.75,0.589,1.837,0.665,2.63,0.926,1.867,0.72,
FJ190703_012,vag,W,DY,PF,1.904,0.452,1.532,0.419,1.326,0.449,NA,NA,NA,NA,NA,NA,2.153,0.79,1.882,0.686,1.91,0.569,1.973,0.813,1.929,0.767,1.767,0.553,2.433,0.608,3.025,0.802,1.862,0.674,2.526,0.829,2.824,1.016,1.698,0.645,
FJ190703_013,imp,W,CL,PF,NA,NA,NA,NA,NA,NA,NA,NA,NA,NA,NA,NA,2.064,0.769,1.823,0.747,1.767,0.585,1.913,0.9,1.8,0.703,1.837,0.597,2.361,0.701,2.758,0.795,1.771,0.576,2.591,0.8,2.539,0.867,2.007,0.736,
FJ190703-005,bim,W,DY,DY,2.097,0.804,1.959,0.7,1.831,0.589,2.284,0.587,1.955,0.672,1.715,0.651,2.703,1.105,2.23,0.855,2.365,0.696,2.273,1.125,2.276,1.229,2.479,0.941,3.838,1.202,3.816,1.248,2.18,1.11,NA,NA,3.424,1.4,1.929,1.239,
FJ190705_009,vag,W,DY,PF,1.624,0.545,1.553,0.506,1.313,0.349,NA,NA,NA,NA,NA,NA,2.223,0.911,1.973,0.734,1.844,0.522,2.236,0.857,2.093,0.659,1.759,0.506,2.205,0.322,2.889,0.874,1.846,0.873,NA,NA,NA,NA,NA,NA,
FJ190705-004,bim,W,DY,DY,NA,NA,NA,NA,NA,NA,NA,NA,NA,NA,NA,NA,NA,NA,NA,NA,1.752,0.687,NA,NA,2.043,0.897,1.912,0.699,2.614,0.884,2.828,1.119,1.932,0.834,NA,NA,3.147,1.028,1.734,0.969,
FJ190709_001_duplicate1,ferv,W,CL,PF,1.882,0.546,1.546,0.519,1.473,0.428,NA,NA,NA,NA,NA,NA,2.083,0.924,1.964,0.705,1.799,0.493,2.395,0.811,1.926,0.648,1.897,0.51,2.99,0.903,2.738,0.903,1.797,0.593,2.76,0.807,2.628,1.02,1.983,0.639,
FJ190709_001_duplicate2,vag,W,DY,PF,NA,NA,1.417,0.386,1.251,0.302,NA,NA,1.499,0.441,1.128,0.281,1.961,0.766,1.886,0.618,1.42,0.491,2.084,0.773,1.89,0.658,1.64,0.505,1.96,0.775,2.373,0.825,1.657,0.673,1.799,0.622,2.514,0.73,1.583,0.468,
FJ190709_002,bor,W,CL,PF,1.585,0.543,1.859,0.688,1,0.534,2.437,0.687,1.756,0.554,NA,NA,3.031,1.047,2.383,0.934,2.077,0.738,2.731,1.081,2.169,0.905,2.182,0.742,3,1.013,3.058,1.026,2.137,0.263,3.174,0.906,3.164,0.943,2.401,0.739,
FJ190709_003,ferv,W,CL,PF,2.294,0.632,1.577,0.535,1.254,0.321,NA,NA,NA,NA,NA,NA,2.125,0.708,2.094,0.756,1.767,0.604,NA,NA,NA,NA,NA,NA,3.109,0.645,2.592,0.9,1.783,0.61,2.614,0.824,2.512,0.712,1.929,0.603,
FJ190709_004,bim,W,CL,PF,2.14,0.612,1.632,0.503,1.457,0.42,1.772,0.629,1.872,0.472,1.423,0.35,2.661,0.934,2.237,0.77,2.189,0.592,2.781,0.911,2.212,0.822,2.176,0.63,2.973,0.934,3.203,1.139,2.273,0.733,3.136,0.891,2.924,1.032,2.24,0.956,
FJ190709_005,bim,W,CL,PF,NA,NA,NA,NA,NA,NA,NA,NA,NA,NA,NA,NA,2.716,0.992,2.252,0.796,2.166,0.548,NA,NA,NA,NA,NA,NA,2.797,0.752,3.264,0.985,2.087,0.519,2.641,0.724,3.002,1.017,2.294,0.782,
FJ190709_008,imp,W,CL,PF,1.96,0.43,1.628,0.519,1.389,0.404,1.928,0.518,1.458,0.486,1.177,0.444,2.802,0.721,1.751,0.672,1.798,0.617,NA,NA,NA,NA,NA,NA,2.617,0.874,2.992,0.867,1.962,0.639,2.559,0.815,2.834,0.849,2.004,0.57,
FJ190709_009,san,W,CL,PF,1.955,0.608,1.562,0.454,1.417,0.353,1.931,0.559,1.384,0.449,1.419,0.408,2.32,0.895,1.883,0.836,1.794,0.59,2.344,0.939,2.012,0.75,1.827,0.647,2.381,0.747,3.049,0.7,1.912,0.59,NA,NA,NA,NA,NA,NA,
FJ190709_011,vag,W,DY,PF,2.081,0.557,1.539,0.457,1.335,0.42,1.77,0.555,1.517,0.497,1.438,0.477,2.569,0.887,2.093,0.709,2.099,0.589,NA,NA,NA,NA,NA,NA,2.663,0.891,3.146,0.999,1.815,0.828,2.671,0.861,3.119,0.955,2.052,0.888,
FJ190709-006,bim,W,DY,DY,1.871,0.856,2.151,0.807,1.979,0.734,NA,NA,NA,NA,NA,NA,2.652,1.076,2.42,1.157,2.664,0.839,2.798,1.027,2.596,1.052,2.528,0.687,2.57,0.955,3.931,1.604,2.228,1.208,3.375,1.229,3.868,1.334,2.849,1.064,
FJ190709-007,bim,W,DY,DY,2.588,0.747,2.067,0.687,1.791,0.647,NA,NA,NA,NA,NA,NA,2.923,1.108,2.684,1.157,2.436,0.823,2.965,1.383,2.604,1.313,2.829,0.944,3.346,1.704,3.638,1.599,2.609,1.24,3.219,0.99,3.898,0.992,2.763,0.766,
FJ190709-010,bim,W,Dy,DY,2.516,0.763,2.076,0.731,1.915,0.699,2.277,0.723,2.204,0.784,1.896,0.565,3.309,1.219,2.641,1.022,2.623,0.855,3.902,1.141,2.695,1.136,2.719,0.784,4.119,1.219,3.671,1.509,2.567,1.316,3.497,1.846,3.659,1.451,2.719,1.284,
FJ190709-012,bim,W,DY,DY,2.423,1.07,2.58,0.977,2.228,0.769,2.927,1.176,1.809,0.797,2.222,0.661,NA,NA,NA,NA,NA,NA,NA,NA,NA,NA,NA,NA,NA,NA,3.468,1.251,2.014,1.011,NA,NA,3.431,1.135,2.038,1.009,
FJ190710_004,imp,W,CL,PF,1.981,0.637,1.775,0.553,1.495,0.461,1.449,0.585,1.718,0.529,1.458,0.451,2.77,0.976,2.313,0.728,2.293,0.684,NA,NA,NA,NA,NA,NA,3.023,0.96,3.164,0.999,2.343,0.997,3.086,1.003,3.357,0.98,2.114,0.954,
FJ190710-001,bim,W,DY,DY,2.777,0.769,2.181,0.726,1.897,0.618,NA,NA,2.027,0.74,1.913,0.526,2.869,1.304,2.875,1.061,2.713,0.847,2.908,1.322,2.522,0.87,2.866,0.793,3.896,1.252,3.827,1.285,2.742,1.176,3.472,1.171,3.078,1.338,4.146,1.207,
FJ190710-002,bim,M,DY,DY,2.935,0.739,2.475,0.758,2.294,0.783,3.579,0.916,2.268,0.677,2.218,0.523,3.585,1.231,2.801,1.172,3.484,0.896,3.096,1.283,2.955,1.239,3.392,0.719,4.005,1.21,4.361,1.197,3.438,0.763,4.178,1.265,4.246,1.069,3.461,0.876,
FJ190711_001,ferv,Q,CL,PF,3.223,1.356,3.003,1.239,NA,NA,NA,NA,NA,NA,NA,NA,4.081,1.571,2.964,1.123,2.968,0.776,NA,NA,NA,NA,NA,NA,4.165,1.32,4.449,1.542,2.683,1.061,3.825,1.113,4.384,1.407,2.808,1.184,
FJ190711_009,tern,W,CL,PF,2.093,0.751,1.651,0.538,1.614,0.299,NA,NA,NA,NA,NA,NA,2.528,0.842,1.73,0.634,1.681,0.487,NA,NA,NA,NA,NA,NA,1.852,0.704,2.57,0.857,1.56,0.674,NA,NA,NA,NA,NA,NA,
FJ190711_010,imp,W,CL,PF,1.855,0.548,1.564,0.626,1.394,0.388,1.946,0.598,1.491,0.549,1.401,0.433,2.126,0.85,1.869,0.804,2.017,0.591,2.034,0.853,2.262,0.783,1.964,0.586,1.915,0.694,3.108,1.059,1.857,0.976,2.442,0.69,3.248,0.717,2.084,0.667,
FJ190714_001,vag,M,CL,PF,1.918,0.619,1.529,0.467,1.556,0.271,1.746,0.478,1.542,0.395,1.209,0.263,3.101,0.827,1.865,0.764,2.086,0.283,NA,NA,NA,NA,NA,NA,2.935,0.633,2.871,0.617,2.124,0.43,2.635,0.853,2.709,0.664,2.229,0.576,
FJ190715_002,imp,W,CL,PF,1.498,0.644,2.508,0.484,NA,NA,2.122,0.597,1.672,0.464,1.498,0.436,2.636,0.922,2.152,0.717,2.01,0.581,NA,NA,NA,NA,NA,NA,2.876,0.86,3.026,1.03,2.3,0.877,3.421,0.984,3.229,1.077,2.262,0.964,
FJ190716_001,tern,W,PF,DMO,2.242,0.634,1.858,0.631,1.377,0.512,1.583,0.595,1.537,0.564,1.427,0.369,2.596,1.027,2.025,0.814,2.256,0.437,2.402,1.107,2.184,0.817,1.866,0.62,2.859,0.969,2.813,0.952,2.273,0.848,2.966,0.932,3.469,1.117,2.331,0.888,
FJ190716_003,vag,W,PF,DMO,NA,NA,NA,NA,NA,NA,NA,NA,NA,NA,NA,NA,2.779,1.002,2.391,0.77,2.326,0.61,2.532,0.84,3.03,0.915,2.039,0.688,3.121,0.906,3.664,1.159,2.091,0.898,2.645,0.824,3.519,1.254,2.315,1.053,
FJ190716_004,bim,W,PF,DMO,2.125,0.545,1.847,0.49,1.321,0.38,1.947,0.553,1.896,0.543,1.381,0.361,2.28,0.597,1.959,0.968,1.994,0.654,NA,NA,NA,NA,NA,NA,2.42,0.823,2.881,0.68,2.162,0.735,2.648,0.805,2.877,0.939,2.033,0.824,
FJ190716_005,bim,W,PF,DMO,2.654,0.723,1.955,0.599,1.727,0.5,2.51,0.524,2.076,0.587,1.784,0.478,3.042,1.074,2.456,0.83,2.358,0.554,2.863,1.022,2.187,0.793,2.378,0.644,3.901,0.915,3.98,1.12,2.461,0.942,3.532,0.962,3.786,1.026,2.436,0.725,
FJ190716_006,bim,W,PF,DMO,2.878,0.825,2.47,0.703,2.162,0.566,2.962,0.896,2.466,0.672,2.199,0.643,3.095,1.257,2.955,1.033,3.154,0.804,2.972,1.021,3.079,0.785,NA,NA,3.895,1.494,4.449,1.387,3.027,1.118,3.829,1.213,4.522,0.915,2.873,1.219,
FJ190716_007,bim,W,PF,DMO,3.215,0.942,2.644,0.683,2.034,0.648,3.087,0.915,2.79,0.815,2.106,0.564,3.554,1.773,3.32,1.068,3.37,0.831,4.302,1.336,3.286,1.131,3.39,0.822,NA,NA,4.646,1.394,3.193,1.209,4.298,1.323,4.582,1.574,3.431,1.319,
FJ190718_002,vag,W,DY,PF,1.813,0.467,1.571,0.449,1.401,0.448,1.904,0.507,1.486,0.542,1.307,0.353,2.302,0.804,2.044,0.785,1.85,0.61,2.49,0.832,2.037,0.758,1.91,0.609,2.664,0.913,2.779,0.975,1.873,0.762,2.797,0.784,2.965,0.783,1.934,0.673,
FJ190724_005,bim,W,PF,DY,3.882,0.771,2.455,0.875,1.954,0.79,3.145,0.876,2.542,0.883,2.273,0.738,3.656,1.351,3.006,1.198,2.976,1.07,NA,NA,3.914,1.413,2.812,1.287,4.937,1.154,4.291,0.584,3.213,0.622,4.839,1.395,3.001,1.178,3.227,0.83,
FJ190724_006,tern,W,PF,DY,2.188,0.648,1.785,0.507,1.492,0.469,2.11,0.512,1.893,0.475,1.466,0.443,2.58,1.039,2.043,0.735,2.122,0.523,2.597,0.991,1.986,1.018,2.068,0.55,2.818,0.785,2.908,1.07,2.111,0.901,2.763,1.019,2.52,1.142,2.196,0.915,
FJ190809_001,tern,W,PF,DMO,2.774,0.841,2.329,0.722,2.358,0.381,2.277,0.856,2.441,0.719,2.339,0.323,3.369,1.148,2.74,0.85,2.745,0.62,NA,NA,NA,NA,NA,NA,2.98,0.884,3.634,0.902,2.498,0.618,NA,NA,NA,NA,NA,NA,trouble identifying legs
FJ190809_002,tern,W,PF,DMO,1.893,0.648,1.646,0.556,1.401,0.419,2.07,0.622,1.656,0.5,1.452,0.327,2.5,0.868,3.112,0.691,2.074,0.669,2.764,0.809,3.089,0.833,2.205,0.815,2.201,0.873,2.12,0.602,2.049,0.545,2.603,0.885,2.11,0.609,1.881,0.454,
FJ190809_004,tern,W,PF,DMO,1.598,0.674,1.701,0.661,1.509,0.548,2.075,0.544,2.038,0.327,1.051,0.519,2.442,1.04,2.136,0.942,2.155,0.664,NA,NA,NA,NA,NA,NA,2.946,0.719,3.242,0.946,2.147,0.884,2.947,0.905,3.147,0.86,2.166,0.837,Margins on one forelimb hard to distinguish
FJ190809_005,tern,W,DY,PF,1.733,0.428,1.514,0.439,1.215,0.357,NA,NA,NA,NA,NA,NA,2.046,0.838,1.966,0.643,1.681,0.538,2.251,0.733,1.945,0.514,1.646,0.486,2.482,0.781,2.453,0.868,1.915,0.671,2.463,0.798,2.453,0.732,1.75,0.55,
FJ190809_006,tern,W,PF,DMO,2.715,1.201,2.474,0.772,2.168,0.64,2.168,0.656,1.854,0.468,1.537,0.49,2.121,0.975,2.377,0.789,2.219,0.701,NA,NA,NA,NA,NA,NA,2.909,0.959,3.418,1.07,2.031,0.955,3.036,0.617,3.253,0.712,2.18,0.813,
FJ190809_007,tern,W,DY,PF,1.764,0.48,1.533,0.515,1.216,0.302,1.777,0.516,1.507,0.423,1.194,0.322,2.203,0.887,1.925,0.71,1.663,0.627,2.256,0.861,1.981,0.733,1.656,0.557,2.26,0.791,2.838,0.792,1.637,0.851,2.338,0.641,2.846,0.773,1.618,0.632,
FJ190809_008,tern,W,DY,PF,1.736,0.489,1.467,0.392,1.192,0.284,NA,NA,NA,NA,NA,NA,1.839,0.745,1.979,0.554,1.621,0.401,1.837,0.786,1.715,0.608,1.61,0.482,2.32,0.711,2.526,0.873,1.639,0.73,2.147,0.61,2.705,0.44,1.699,0.322,
FJ190809_009,tern,W,DY,PF,1.617,0.475,1.355,0.345,1.091,0.3,NA,NA,NA,NA,NA,NA,2.489,0.678,2.46,0.605,1.593,0.53,NA,NA,NA,NA,NA,NA,2.504,0.716,1.557,0.549,1.489,0.324,1.963,0.632,2.075,0.668,1.613,0.524,
FJ190809_012,tern,W,DY,PF,1.229,0.452,1.401,0.413,1.191,0.313,1.751,0.412,1.42,0.337,1.25,0.296,2.028,0.778,1.787,0.607,1.58,0.412,1.93,0.778,1.76,0.625,1.594,0.495,2.703,0.724,2.593,0.785,1.772,0.619,2.381,0.712,2.591,0.777,1.575,0.649,
FJ190809_013,tern,W,DY,PF,1.8,0.446,1.518,0.514,1.114,0.353,NA,NA,NA,NA,NA,NA,2.277,0.818,1.652,0.627,1.715,0.456,2.215,0.829,1.814,0.603,1.53,0.52,2.082,0.689,2.363,0.523,1.704,0.471,2.052,0.692,2.694,0.654,1.451,0.599,
FJ190809-003,bor,W,DY,DY,2.645,0.724,1.941,0.634,1.562,0.583,2.489,0.783,2.017,0.601,1.834,0.604,3.783,1.073,2.026,1.301,2.762,0.846,3.466,1.413,2.543,1.002,2.595,0.787,3.616,1.019,4.061,1.094,2.59,0.914,3.804,1.27,3.968,1.217,2.506,1.001,
FJ190814_004,bim,W,PF,DMO,NA,NA,NA,NA,NA,NA,NA,NA,NA,NA,NA,NA,2.387,1.117,2.222,0.779,2.328,0.64,2.391,0.987,2.159,0.891,2.409,0.677,3.083,0.921,3.251,1.018,2.343,0.967,3.231,0.986,3.315,1.28,2.38,0.829,unsure if these were midlegs or forelegs
FJ190814_006,imp,W,PF,DMO,2.027,0.715,2.028,0.682,1.854,0.686,2.374,0.698,2.143,0.711,1.919,0.541,NA,NA,NA,NA,NA,NA,NA,NA,NA,NA,NA,NA,3.382,1.207,3.637,1.093,3.041,1.258,3.439,1.148,4.133,1.029,2.85,1.071,
FJ190814_009,bim,W,PF,DMO,2.79,0.81,2.227,0.595,1.818,0.626,NA,NA,NA,NA,NA,NA,2.908,1.293,2.642,0.976,2.93,0.772,2.727,1.219,2.807,1.038,2.802,0.817,3.36,1.119,4.17,1.277,2.681,0.992,3.705,1.106,4.005,1.055,2.663,0.974,
FJ190814-002,imp,W,DY,DY,3.796,0.791,2.008,0.561,1.935,0.43,3.259,0.74,2.16,0.691,2.139,0.326,4.19,1.087,3.643,1.141,3.001,0.823,NA,NA,NA,NA,NA,NA,4.19,1.087,3.643,1.141,3.001,0.823,NA,NA,NA,NA,NA,NA,
FJ190814-003,bim,M,DY,DY,NA,NA,NA,NA,NA,NA,NA,NA,NA,NA,NA,NA,4.564,1.144,2.746,1.157,3.375,0.691,4.388,1.37,2.872,1.132,3.364,0.679,4.134,1.262,4.353,1.184,3.248,0.876,4.93,1.314,4.523,1.122,3.432,0.738,
FJ190814-005,bim,M,DY,DY,4.005,0.896,2.189,0.681,2.099,0.512,3.754,0.593,2.097,0.543,2.074,0.385,2.998,1.369,2.881,1.134,3.157,0.708,2.983,1.201,2.57,1.044,3.33,0.783,3.786,1.122,4.363,1.197,3.139,0.72,3.935,1.141,4.309,1.467,3.074,0.567,
FJ190814-007,imp,W,DY,DY,2.464,0.836,2.093,0.496,1.678,0.579,2.372,0.566,2.026,0.649,1.83,0.578,3.239,1.024,2.351,0.854,2.477,0.776,2.786,1.129,2.376,0.802,2.581,0.696,4.175,0.935,3.751,1.362,2.543,1.114,3.375,0.955,3.662,1.45,2.407,1.177,
FJ190814-008,bim,W,DY,DY,2.327,0.622,1.936,0.652,2.055,0.691,4.087,0.804,2.646,0.742,2.163,0.784,3.548,1.262,2.882,1.1,3.066,0.914,3.754,1.293,2.664,1.207,2.848,0.955,3.938,1.335,4.232,1.448,3.296,1.316,NA,NA,4.329,1.637,3.157,1.53,
FJ190815-004,imp,W,DY,DY,2.324,0.682,2.084,0.661,1.845,0.614,2.383,0.72,2.01,0.723,1.78,0.723,3.475,1.13,2.28,0.953,2.778,0.91,3.022,1.131,2.7,1,2.551,0.766,3.591,1.076,4.065,1.35,2.618,1.083,4.034,1.158,3.918,1.224,2.789,1.27,
FJ190815-022,imp,W,DY,DY,3.093,0.696,1.947,0.477,1.76,0.537,3.652,0.661,2.099,0.587,1.674,0.565,2.734,1.001,2.399,0.74,2.441,0.63,2.862,1.092,2.584,0.852,2.432,0.655,3.246,0.979,3.423,1.254,2.53,1.293,3.121,1.005,3.38,1.352,2.441,1,
FJ190822-002,imp,W,DY,DY,4.033,0.761,2.689,0.604,1.966,0.663,3.83,0.667,2.42,0.923,2.158,0.788,NA,NA,3.018,1.189,2.848,1.152,3.614,1.653,3.198,0.976,3.054,0.784,5.123,1.676,2.998,1.418,5.486,1.356,4.77,1.284,4.618,1.748,2.722,1.527,
FJ190822-003,imp,W,DY,DY,3.864,0.937,2.818,0.832,2.331,0.739,NA,NA,NA,NA,NA,NA,3.479,1.403,3.404,1.119,3.395,0.861,NA,NA,NA,NA,NA,NA,4.744,1.562,4.55,1.565,3.444,1.486,5.595,1.063,NA,NA,3.884,1.392,
FJ190822-004,bim,M,DY,DY,NA,NA,2.42,0.766,2.26,0.723,NA,NA,3.258,0.75,NA,NA,3.277,1.049,2.252,1.245,3.053,0.616,NA,NA,NA,NA,NA,NA,4.413,1.038,3.961,0.984,3.101,0.707,4.401,1.125,4.046,0.939,2.906,0.7,
FJ190822-006,bim,M,DY,DY,2.618,0.856,2.229,0.661,2.023,0.435,3.247,0.744,2.402,0.751,2.025,0.392,3.484,1.116,2.875,0.978,2.806,0.729,3.985,1.162,2.694,1.03,3.188,0.646,NA,NA,NA,NA,NA,NA,NA,NA,NA,NA,NA,NA,
FJ1908222_007,bim,M,PF,DY,3.617,0.671,2.212,0.507,2.122,0.35,3.615,0.652,2.584,0.677,1.869,0.417,3.273,1.159,3.039,0.875,3.327,0.468,3.225,1.242,2.804,0.799,3.226,0.545,3.753,1.182,4.199,1.112,3.32,1.045,4.216,1.351,4.313,1.045,3.567,0.804,
FJ190827_001,vag,W,DY,PF,2.183,0.629,1.689,0.515,1.502,0.432,2.004,0.513,1.695,0.531,1.47,0.462,2.643,1.113,2.215,0.676,2.116,0.576,2.44,0.895,1.977,0.676,1.803,0.58,2.918,1.003,3.382,0.954,2.022,0.806,3.144,0.906,2.966,1.016,2.079,0.933,
FJ190827_002,bor,W,PF,DMO,3.127,1.354,2.49,0.691,1.996,0.61,NA,NA,NA,NA,NA,NA,3.451,1.312,3.277,1.056,3.133,0.671,3.502,1.245,3.16,1.011,3.132,0.631,4.885,1.275,4.811,1.189,3.141,1.118,NA,NA,NA,NA,NA,NA,
FJ190827_003,vag,W,DY,PF,1.846,0.709,1.827,0.646,1.376,NA,2.235,0.669,1.587,0.647,1.507,0.408,2.636,1.05,2.111,0.949,2.011,0.598,2.658,0.985,2.314,0.864,2.115,0.685,2.842,0.957,3.217,1.113,1.922,0.869,2.657,0.865,2.987,1.032,2.187,1.008,
FJ190827_004,vag,W,DY,PF,2.158,0.564,1.564,0.454,1.428,0.421,2.117,0.568,1.737,0.504,1.365,0.416,NA,NA,NA,NA,NA,NA,NA,NA,NA,NA,NA,NA,2.621,0.785,3.062,0.798,2.276,0.906,3.15,0.897,3.127,1.063,2.116,0.977,
FJ190827_007,bor,W,PF,DMO,2.904,1.101,2.436,0.746,2.083,0.702,2.977,0.789,2.488,0.732,2.196,0.701,3.46,1.372,3.063,0.998,3.049,0.638,3.154,1.301,2.986,1.1,3.25,0.79,3.911,1.194,4.268,1.423,3.185,1.322,NA,NA,NA,NA,NA,NA,Hindleg image has 1 midleg
FJ190827_009,ferv,W,PF,DMO,2.784,0.864,2.398,0.691,1.73,0.618,2.579,0.791,2.144,0.732,1.797,0.628,3.027,1.264,2.761,1.023,2.536,0.568,NA,NA,NA,NA,NA,NA,3.798,1.143,4.229,1.221,2.818,1.141,4.529,1.167,4.158,1.283,2.778,1.011,
FJ190827_017,tern,W,DY,PF,2.022,0.571,1.693,0.47,1.335,0.382,2.002,0.659,1.591,0.452,1.409,0.409,2.498,0.619,2.179,0.834,1.629,0.581,2.223,0.794,1.911,0.814,1.91,0.567,2.396,0.856,2.842,0.97,1.907,0.857,2.43,0.903,2.93,0.949,1.93,0.922,
FJ190827_018,tern,W,DY,PF,NA,NA,1.434,0.445,1.282,0.359,NA,NA,1.784,0.443,1.346,0.311,2.393,0.933,2.084,0.716,1.913,0.564,2.58,0.893,2.194,0.798,1.908,0.428,3.133,0.775,2.834,0.877,1.742,0.589,2.947,0.811,2.761,0.957,1.889,0.861,
FJ190827_019_duplicate1,tern,W,DY,PF,1.541,0.439,1.62,0.463,1.288,0.372,1.746,0.531,1.602,0.461,NA,NA,2.411,0.879,2.092,0.654,1.944,0.46,2.285,0.952,2.009,0.658,1.801,0.544,2.547,0.746,2.837,0.808,2.017,0.736,2.661,0.897,2.999,0.773,1.877,0.65,
FJ190827_019_duplicate2,tern,W,DY,PF,1.677,0.536,1.343,0.385,0.986,0.329,1.211,0.223,1.326,0.295,1.061,0.287,2.184,0.875,1.706,0.546,1.511,0.413,2.108,0.783,1.783,0.576,1.684,0.494,2.144,0.691,2.503,0.676,1.704,0.662,2.288,0.752,2.475,0.714,1.718,0.726,
FJ190827-005,bor,W,DY,DY,3.616,1.019,4.061,1.094,2.59,0.914,3.804,1.27,3.968,1.217,2.506,1.001,3.616,1.019,4.061,1.094,2.59,0.914,3.804,1.27,3.968,1.217,2.506,1.001,3.616,1.019,4.061,1.094,2.59,0.914,3.804,1.27,3.968,1.217,2.506,1.001,
FJ190827-006,bim,M,DY,DY,3.922,0.652,NA,NA,2.835,0.427,3.667,0.784,2.285,0.574,2.043,0.502,2.971,1.217,3.013,1.063,3.257,0.502,3.273,1.391,2.676,1.083,3.261,0.587,3.932,1.224,4.079,1.13,3.049,0.763,4.166,1.021,4.353,0.913,3.111,0.696,
FJ190827-008,imp,M,DY,DY,NA,NA,1.955,0.585,1.661,0.414,NA,NA,NA,NA,NA,NA,NA,NA,2.49,0.866,2.918,0.547,2.563,1.112,2.648,0.826,2.728,0.587,3.514,0.879,3.739,0.891,2.967,0.538,4.053,0.914,3.614,0.936,2.592,0.779,
FJ190827-013,bim,W,DY,DY,2.783,0.849,2.326,0.612,2.152,0.691,2.828,0.654,2.343,0.766,2.153,0.634,2.723,1.205,2.896,1.14,2.617,0.957,3.445,1.305,2.456,1.348,2.959,1.066,4.152,1.114,3.983,1.439,3.05,1.13,3.156,1.279,4.12,1.285,2.652,1.326,
FJ190827-015,imp,W,DY,DY,2.577,0.805,2.174,0.671,2.017,0.524,3.36,0.892,2.302,0.675,1.813,0.671,3.413,1.109,2.307,0.914,2.49,0.772,3.026,0.953,2.178,1.069,2.463,0.96,4.496,1.117,3.776,1.217,2.706,1.139,3.679,1.176,3.987,1.123,2.541,1.09,
FJ190827-017,ferv,W,DY,DY,3.602,0.839,2.177,0.749,1.719,0.627,NA,NA,NA,NA,NA,NA,2.979,1.356,2.613,0.973,2.781,0.804,NA,NA,NA,NA,NA,NA,2.979,1.356,2.613,0.973,2.781,0.804,3.195,1.27,3.999,1.239,2.526,0.936,
FJ190828-001,imp,W,DY,DY,3.767,0.72,2.207,0.633,1.891,0.665,3.407,0.764,2.204,0.679,2.095,0.618,3.165,1.14,2.567,0.901,2.722,0.679,2.923,1.26,2.648,0.917,2.777,0.616,4.245,1.06,3.932,1.372,2.761,1.503,4.275,1.236,4.037,1.854,2.409,1.445,
FJ190828-003,imp,W,DY,DY,4.245,1.06,3.932,1.372,2.761,1.503,4.275,1.236,4.037,1.854,2.409,1.445,4.825,1.297,4.486,1.417,3.188,1.43,5.27,1.25,4.792,1.64,3.54,1.365,4.825,1.297,4.486,1.417,3.188,1.43,5.27,1.25,4.792,1.64,3.54,1.365,
FJ190828-004,bim,M,DY,DY,2.987,0.927,2.174,0.667,2.058,0.467,2.987,0.927,2.174,0.667,2.058,0.467,3.229,1.547,2.905,1,3.058,0.828,3.003,1.4,2.913,1.054,2.986,0.804,3.628,1.006,3.873,1.283,3.171,0.898,3.767,1.104,3.954,0.969,2.729,0.791,
FJ190905_003,imp,W,PF,DMO,2.227,0.654,2.353,0.654,1.503,0.569,2.549,0.784,2.237,0.678,1.921,0.649,2.815,1.087,2.645,0.978,2.779,0.69,2.894,1.064,2.565,1.059,2.861,0.827,3.732,1.149,3.994,0.995,2.837,1.162,3.544,1.109,3.953,1.327,2.55,1.295,
FJ190905-002,imp,W,DY,DY,2.866,0.808,2.494,0.636,2.085,0.615,2.416,0.846,2.923,0.766,NA,NA,3.035,1.349,2.713,0.976,3.033,0.861,NA,NA,2.798,0.954,3.015,0.791,3.706,1.144,4.116,1.322,3.169,1.322,3.757,1.071,4.12,0.953,2.449,0.955,
FJ190F28-002,imp,W,DY,DY,2.885,0.664,2.387,0.828,2.012,0.823,3.87,0.772,2.336,0.87,2.118,0.622,3.248,1.396,3.153,1.313,2.829,1.089,3.839,1.261,2.898,1.518,2.957,1.044,3.925,1.435,4.957,1.293,3.053,1.244,3.735,1.381,4.429,1.219,2.87,1.381,
FO190715_001,bim,W,PF,DY,2.47,0.681,2.177,0.465,2.198,0.391,2.711,0.82,2.174,0.54,2.087,0.414,3.691,1.049,2.896,1.003,3.038,0.645,3.243,1.231,2.912,1.055,3.294,0.662,4.078,1.2,4.291,1.023,3.35,0.826,3.75,1.287,4.067,1.196,3.326,0.696,
FO190716_002,tern,W,PF,DY,2.108,0.701,1.893,0.584,1.776,0.525,NA,NA,NA,NA,NA,NA,2.732,1.159,2.553,1.011,2.52,0.667,2.599,1.165,2.199,0.808,NA,NA,3.326,0.955,3.352,1.265,2.285,0.936,3.348,1.013,3.378,1.015,2.427,0.826,
FO190724_002,terri,W,PF,DY,2.483,0.793,2.069,0.67,1.913,0.646,NA,NA,NA,NA,NA,NA,3.171,1.087,2.613,0.961,2.743,0.849,3.191,1.138,2.469,1.066,2.263,0.753,3.656,1.26,3.72,1.314,2.108,1.03,3.195,1.081,3.823,1.23,2.428,1.092,
FO190827-016,imp,W,DY,DY,3.022,0.609,1.892,0.616,1.802,0.601,3.053,0.502,1.987,0.603,1.839,0.63,2.895,1.044,2.427,0.839,2.558,0.671,NA,NA,NA,NA,NA,NA,4.029,1.011,3.796,1.265,2.665,1.152,3.171,0.971,3.844,1.387,2.558,1.147,
FO190905-001,bim,W,DY,DY,NA,NA,NA,NA,2.222,0.79,2.222,0.79,1.731,0.682,NA,NA,NA,NA,1.998,1.001,2.324,0.805,NA,NA,1.816,0.663,1.761,0.631,2.826,0.951,3.683,1.737,2.413,0.723,NA,NA,3.626,1.41,2.395,1.429,
FRM190709_001,bor,W,PF,DY,2.722,0.785,2.263,0.739,1.829,0.6,3.237,0.797,2.226,0.754,1.99,0.835,4.082,1.439,2.447,0.983,2.755,0.785,3.935,1.334,2.742,0.957,2.203,0.652,3.542,1.313,3.805,1.441,2.628,1.013,NA,NA,NA,NA,NA,NA,
GEO190709_001,bor,Q,PF,DY,3.675,1.165,2.937,0.927,2.479,0.973,3.982,1.186,3.035,0.983,2.605,0.892,4.441,1.887,3.437,1.472,3.878,1.04,4.488,1.614,3.61,1.46,3.766,1.025,5.4,1.587,5.507,1.877,3.707,1.312,5.214,1.674,5.631,2,3.599,1.393,
HFN190709_001,san,W,CL,PF,3.34,1.037,2.246,0.755,NA,NA,3.033,0.661,2.082,0.534,1.499,0.459,3.038,1.034,2.536,1.115,2.5,0.753,NA,NA,NA,NA,2.468,0.863,3.242,1.033,3.549,1.211,2.4,1.024,2.987,0.954,3.878,1.001,NA,NA,
JL19000809_005,vag,W,PF,DMO,2.227,0.646,1.991,0.529,1.576,0.412,2.178,0.602,2.005,0.562,1.529,0.433,2.655,0.949,2.33,0.759,2.299,0.493,2.889,0.971,2.246,0.826,2.314,0.501,NA,NA,NA,NA,NA,NA,NA,NA,NA,NA,NA,NA,
JL1900105-001,imp,M,DY,DY,2.816,0.574,1.955,0.61,1.879,0.437,2.5,0.64,2.265,0.67,1.81,0.583,3.167,1.067,2.813,0.907,3.132,0.509,3.22,1.376,2.98,0.852,3.006,0.569,4.848,1.144,4.083,1.225,3.229,0.774,3.963,0.95,4.38,1.097,2.846,0.839,
JL190203-012,bim,W,DY,DY,3.699,0.739,2.373,0.634,2.065,0.631,NA,NA,2.065,0.761,1.888,0.61,4.243,1.205,3.901,1.097,2.86,1.002,3.678,1.698,4.17,1.265,2.596,0.963,4.243,1.205,3.901,1.097,2.86,1.002,3.678,1.698,4.17,1.265,2.596,0.963,
JL190274_005,tern,W,CL,DMO,2.232,0.559,1.966,0.54,1.65,0.439,NA,NA,NA,NA,NA,NA,2.698,0.918,2.403,0.739,1.949,0.576,2.394,1.051,2.285,0.75,2.255,0.603,3.098,0.914,3.227,1.072,2.103,0.785,2.796,0.94,3.472,1.037,2.395,0.652,
JL19031_001,imp,W,CL,DMO,2.095,0.637,2.024,0.622,1.659,0.461,NA,NA,NA,NA,NA,NA,2.906,0.971,2.35,0.91,2.168,0.679,NA,NA,NA,NA,NA,NA,2.976,0.99,3.353,0.949,2.577,0.851,3.699,0.929,3.513,1.091,2.363,1.048,
JL190627_002,imp,W,CL,CL,2.207,0.613,1.861,0.509,1.703,0.459,2.206,0.703,1.953,0.613,1.962,0.72,3.252,0.824,NA,1.068,NA,NA,3.179,0.975,3.544,1.092,2.161,0.908,3.033,0.899,2.548,0.824,NA,0.76,2.839,0.891,2.555,0.836,NA,NA,
JL190627-001,bim,W,DY,DY,2.304,0.738,1.848,0.566,1.592,0.496,2.291,0.749,1.644,0.723,1.467,0.644,2.502,1.026,2.231,0.791,2.217,0.717,NA,NA,2.051,0.874,2.149,0.627,2.614,0.785,3.196,0.674,1.897,0.739,2.722,0.924,2.896,0.609,1.867,0.763,
JL190703_001,vag,Q,DY,PF,2.303,0.65,1.921,0.612,1.433,0.464,NA,NA,NA,NA,NA,NA,2.959,0.781,2.324,0.88,2.254,0.706,2.426,0.9,1.948,0.763,2.294,0.621,2.852,0.902,3.45,0.923,2.25,0.859,3.094,0.849,3.513,1.181,2.226,0.765,
JL190703_005,tern,?,CL,CL,NA,NA,NA,NA,NA,NA,NA,NA,NA,NA,NA,NA,2.499,1.078,2.426,0.916,2.256,0.642,2.727,1.179,2.416,0.866,2.274,0.588,3.523,0.914,3.344,1.092,2.708,1.048,3.113,0.951,3.309,0.699,2.57,0.699,
JL190703_006,tern,W,CL,CL,2.2,0.618,1.896,0.573,NA,0.504,NA,0.481,1.989,0.596,1.541,0.403,2.363,1.093,2.293,0.745,2.19,0.524,2.568,0.975,2.306,0.826,NA,NA,2.812,0.81,3.456,0.886,NA,0.818,3.262,1.064,3.163,0.94,2.249,0.787,
JL190703_008,bim,W,CL,CL,2.417,0.677,2.333,0.744,1.844,0.715,NA,NA,NA,NA,NA,NA,3.414,1.048,2.793,1.045,2.794,0.612,NA,NA,2.7,1.123,2.708,0.909,3.718,1.202,3.844,0.939,2.884,1.095,3.459,0.852,3.919,1.066,2.787,1.123,
JL190703_009,terri,W,CL,CL,2.426,0.741,2.327,0.797,1.992,0.674,2.667,0.769,2.291,0.563,1.863,0.625,2.695,1.006,4.251,0.939,3.255,1.16,3.742,1.204,3.791,1.079,2.964,1.045,3.104,1.146,3.144,0.917,NA,0.808,3.129,1.23,2.769,1.072,NA,0.88,
JL190703_010,terri,W,CL,CL,2.154,0.674,2.181,0.674,NA,0.616,NA,NA,NA,NA,NA,NA,2.666,0.791,2.292,0.726,2.056,0.711,NA,NA,NA,NA,NA,NA,3.862,1.163,4.248,1.366,3.047,1.246,NA,NA,NA,1.43,NA,1.142,
JL190703_011,tern,W,CL,CL,2.01,0.615,1.778,0.698,1.586,0.604,NA,NA,NA,NA,NA,NA,2.384,0.964,2.118,0.853,2.072,0.546,2.592,0.895,2.377,0.757,2.091,0.621,2.841,0.815,3.3,0.831,2.363,0.836,NA,NA,3.141,1.036,1.999,0.981,
JL190703_013,bim,W,DY,PF,1.595,0.559,1.557,0.408,1.212,0.416,NA,NA,NA,NA,NA,NA,2.182,0.821,1.932,0.661,1.895,0.578,1.942,0.773,1.786,0.803,1.767,0.513,2.368,0.835,2.683,0.888,2.044,0.777,2.56,0.855,2.7,0.973,1.807,0.704,
JL190703-003,bim,W,DY,DY,NA,NA,1.74,0.604,1.445,0.415,NA,NA,NA,NA,NA,NA,2.47,1.158,2.021,0.925,2.148,0.695,2.491,0.848,2.296,0.963,2.276,0.585,3.132,0.965,3.003,0.953,1.983,0.917,2.856,1.109,2.961,0.805,2.146,0.631,
JL190703-004_duplicate1,bim,W,DY,DY,2.395,0.78,2.172,0.739,1.968,0.724,2.552,0.731,2.008,0.743,1.915,0.679,NA,NA,2.588,1.052,2.705,0.914,3.101,1.296,NA,NA,NA,NA,3.601,1.35,2.432,1.203,2.553,1.153,NA,NA,3.457,1.501,2.645,0.96,
JL190703-004_duplicate2,vag,W,DY,DY,2.084,0.665,1.721,0.609,1.408,0.461,NA,NA,NA,NA,NA,NA,2.53,1.013,2.159,0.818,2.027,0.597,NA,NA,NA,NA,NA,NA,2.827,0.896,3.124,1.04,2.265,0.712,NA,NA,NA,NA,NA,NA,
JL190703-007,bim,W,DY,DY,2.48,0.784,2.139,0.635,2.529,0.646,2.576,0.807,2.152,0.615,2.032,0.597,3.86,1.305,2.489,1.087,2.604,0.751,2.852,1.022,2.488,0.979,2.555,0.79,3.595,1.205,3.702,1.241,2.469,0.981,3.428,1.19,3.879,1.365,2.408,1.092,
JL190703-013,bim,W,DY,DY,2.559,0.984,2.127,0.783,2.113,0.553,2.127,0.658,1.675,0.567,1.598,0.538,1.867,0.574,1.726,0.415,1.522,0.526,2.391,0.887,2.122,0.79,NA,NA,2.671,0.905,3.004,1.06,2.18,0.912,2.557,0.892,3.015,0.934,1.943,0.835,
JL190709_003,vag,W,DY,PF,1.672,0.41,1.264,0.408,1.079,0.331,1.303,0.387,1.413,0.508,1.626,0.417,2.041,0.625,1.631,0.648,1.583,0.428,NA,NA,NA,NA,NA,NA,2.043,0.699,2.401,0.649,1.731,0.672,2.004,0.693,2.43,0.931,1.723,0.639,
JL190710_001,vag,W,DY,PF,1.946,0.59,1.584,0.423,1.346,0.325,1.624,0.522,1.296,0.45,1.391,0.411,2.339,0.853,1.921,0.743,2.028,0.587,NA,NA,2.038,0.752,2.026,0.598,2.752,0.843,3.012,1.248,2.072,1.021,2.422,0.805,2.875,0.842,1.978,0.893,
JL190710_002,imp,W,CL,CL,2.25,0.7,1.968,0.711,1.77,0.677,NA,0.485,2.118,0.747,NA,0.546,3.24,0.962,3.227,0.959,2.714,1.124,3.251,0.994,3.415,0.97,2.511,1.092,2.591,0.993,2.412,0.93,2.27,0.611,2.984,1.087,2.312,0.869,2.566,0.668,
JL190710_005,vag,W,DY,PF,NA,NA,NA,NA,NA,NA,NA,NA,NA,NA,NA,NA,NA,NA,NA,NA,NA,NA,NA,NA,NA,NA,NA,NA,3.177,0.855,3.465,1.245,2.229,0.792,2.735,0.897,3.307,1.148,2.285,0.732,
JL190711_001,tern,W,CL,CL,NA,NA,NA,NA,NA,NA,NA,NA,NA,NA,NA,NA,2.909,0.866,3.35,1.194,2.389,0.793,2.969,1.049,3.09,1.086,2.204,0.951,2.681,1.057,2.291,0.86,2.54,0.781,2.859,1.063,2.366,0.934,2.198,0.599,
JL190711_002,tern,W,CL,CL,2.119,0.618,1.947,0.569,NA,0.611,NA,0.546,1.837,0.689,1.617,0.512,2.345,1.046,2.33,0.69,2.14,0.504,2.714,0.96,2.225,0.795,NA,NA,3.126,0.909,3.42,0.831,2.162,0.83,2.756,0.854,3.397,0.869,2.047,0.822,
JL190711_004,terri,W,CL,CL,NA,NA,NA,NA,NA,NA,NA,NA,NA,NA,NA,NA,3.082,1.018,3.226,0.801,2.846,0.734,3.602,1.201,2.703,1.197,2.919,0.865,3.52,1.113,4.44,1.03,2.964,0.991,3.742,1.3,4.548,1.275,2.9,1.35,
JL190711_005,terri,W,CL,CL,2.622,0.635,2.161,0.723,2.127,0.678,2.595,0.654,1.928,0.599,1.807,0.646,3.733,1.078,4.014,1.152,2.617,0.861,4.218,0.982,4.081,1.234,2.579,1.157,2.97,0.945,2.757,0.853,2.445,0.76,3.071,1.181,2.603,0.906,2.527,0.703,
JL190711_006,terri,W,CL,CL,2.676,0.699,2.188,0.805,2.011,0.743,NA,NA,NA,NA,NA,NA,3.097,1.194,2.818,1.112,2.681,0.842,3.366,1.068,2.789,1.192,2.236,0.654,3.455,0.981,4.271,1.539,2.776,1.42,3.52,1.139,4.186,1.179,2.604,1.229,
JL190711_008,san,M,CL,CL,2.099,0.739,1.873,0.635,1.614,0.508,NA,NA,NA,NA,NA,NA,2.903,0.926,3.659,1.048,2.71,0.786,NA,0.948,3.429,1.005,2.861,0.677,2.719,0.918,2.567,0.802,2.43,0.366,3.066,0.973,2.659,0.836,2.69,0.467,
JL190716_001,tern,W,CL,CL,2.099,0.481,1.793,0.594,1.695,0.569,NA,NA,NA,NA,NA,NA,2.658,0.869,2.162,0.577,2.108,0.581,2.854,0.943,2.38,0.884,2.064,0.69,2.895,0.872,3.155,1.066,2.431,1.066,2.686,0.805,3.373,0.948,2.172,0.957,
JL190716_002_duplicate1,imp,W,CL,CL,2.145,0.596,2.103,0.571,NA,0.467,2.265,0.467,2.14,0.568,1.859,0.604,2.673,1.075,2.52,0.889,2.419,0.704,2.61,1.059,2.693,0.859,2.384,0.649,NA,1.002,3.643,1.362,2.716,1.295,3.711,0.883,3.819,1.078,2.721,1.236,
JL190716_002_duplicate2,tern,W,CL,CL,1.637,0.546,1.877,0.558,1.523,0.491,2.119,0.435,1.783,0.394,1.456,0.45,2.581,0.963,2.177,0.791,1.987,0.479,NA,0.699,2.088,0.72,2.007,0.569,2.991,0.891,2.903,1.092,2.164,0.873,2.63,0.801,3.291,0.912,2.071,0.974,
JL190716_003_duplicate1,tern,W,CL,CL,2.334,0.732,2.237,0.704,1.865,0.727,2.497,0.651,2.162,0.744,1.967,0.668,3,1.041,2.859,0.938,2.908,0.777,2.35,1.009,NA,NA,2.624,0.989,3.144,1.023,4.177,1.077,2.97,1.093,3.231,1.135,4.087,1.333,2.599,0.762,
JL190716_003_duplicate2,vag,W,CL,CL,1.856,0.579,1.57,0.579,1.415,0.532,1.916,0.495,1.51,0.395,NA,NA,2.305,0.863,1.877,0.626,1.96,0.411,2.708,0.897,2.137,0.844,1.957,0.423,2.408,0.851,3.008,0.817,2.134,0.672,2.097,0.685,2.606,0.969,2.121,0.924,
JL190716_004,imp,W,CL,CL,2.115,0.483,1.956,0.503,1.942,0.531,1.937,0.742,1.884,0.626,1.634,0.587,2.435,0.81,2.504,0.811,2.086,0.615,NA,NA,NA,NA,NA,NA,2.713,0.907,3.35,0.562,2.538,0.894,2.762,0.932,3.266,1.071,2.481,1.028,
JL190716_005,bim,W,CL,CL,1.872,0.461,1.601,0.396,1.303,0.435,1.848,0.471,1.613,0.441,1.307,0.502,2.442,0.664,2.828,0.731,1.934,0.731,2.455,0.722,2.919,0.692,2.018,0.775,2.637,0.907,2.007,0.694,1.917,0.417,0.021,0.822,1.879,0.632,2.04,0.456,
JL190716_006,tern,W,CL,CL,NA,NA,NA,NA,NA,NA,NA,NA,NA,NA,NA,NA,2.687,1.014,2.319,0.702,2.168,0.666,2.506,1.01,2.297,0.812,2.335,0.498,3.596,0.809,3.217,0.817,2.164,0.755,2.915,0.897,3.285,0.986,2.45,0.897,
JL190716_007,tern,W,CL,CL,1.837,0.565,1.684,0.605,NA,NA,NA,NA,NA,NA,NA,NA,1.931,0.775,2.948,0.966,1.885,0.881,NA,NA,3.073,0.87,1.921,0.882,2.336,0.821,2.131,0.795,2.136,0.619,NA,NA,NA,NA,NA,NA,
JL190716_008,tern,W,CL,CL,2.255,0.611,1.914,0.616,1.526,0.494,NA,NA,NA,NA,NA,NA,2.367,0.915,2.211,0.722,2.153,0.417,2.57,0.883,2.251,0.839,2.091,0.565,2.896,0.809,3.176,0.734,1.953,0.787,3.006,0.746,3.317,1.043,2.286,0.688,
JL190716_009,tern,W,CL,CL,1.44,0.451,1.514,0.602,1.334,0.365,1.601,0.483,1.393,0.49,1.101,0.46,1.993,0.639,2.422,0.924,1.469,0.646,NA,NA,2.497,0.856,1.574,0.751,2.065,0.58,1.438,0.619,1.608,0.424,NA,NA,1.698,0.56,1.421,0.472,
JL190716_010,bim,M,CL,CL,2.806,0.763,2.394,0.659,1.987,0.502,2.644,0.817,2.047,0.59,2.279,0.523,3.079,1.063,2.958,0.881,3.073,0.675,3.337,1.135,2.876,1.019,3.31,0.666,3.698,0.796,4.527,0.875,3.328,0.77,3.743,1.031,3.946,1.122,3.364,0.867,
JL190716_011,imp,W,CL,CL,2.071,0.599,2.021,0.735,1.638,0.641,2.166,0.587,2.025,0.659,1.829,0.477,3.33,0.924,3.357,1.252,2.586,1.076,3.406,0.891,3.593,1.21,2.796,1.187,3,1.091,2.543,0.967,2.639,0.625,2.805,NA,2.492,0.76,2.45,0.75,
JL190718_002,vag,M,DY,PF,1.901,0.487,1.374,0.384,1.327,0.244,1.839,0.492,1.621,0.389,1.178,0.234,2.305,0.613,1.806,0.545,2.007,0.362,2.394,0.768,1.727,0.661,2.067,0.319,2.645,0.634,2.368,0.761,2.113,0.53,2.67,0.612,2.732,0.5,2.049,0.34,
JL190724_002,tern,W,CL,CL,2.155,0.506,2.146,0.531,NA,0.465,NA,NA,NA,NA,NA,NA,2.82,1.106,2.27,1.006,2.153,0.688,2.695,1.199,2.322,0.907,2.414,0.709,3.224,1.121,3.619,1.11,2.323,0.924,3.046,0.866,3.604,0.942,2.477,0.731,
JL190724_003,bim,W,CL,CL,2.003,0.498,2.121,0.718,1.815,0.602,NA,0.555,2.182,0.663,1.943,0.657,3.514,1.096,3.662,1.247,2.901,1.203,3.49,0.837,3.99,0.974,2.794,0.933,3.711,1.337,2.571,1.026,2.772,0.796,NA,NA,NA,NA,NA,NA,
JL190724_004,tern,W,CL,CL,2.25,0.679,1.955,0.657,1.798,0.683,2.001,0.615,1.984,0.645,1.729,0.539,2.739,0.954,2.304,1.058,2.34,0.581,2.663,1.053,2.438,0.907,2.538,0.578,3.487,0.616,2.862,0.689,2.787,0.688,NA,NA,NA,NA,NA,NA,
JL190724_006,vag,W,CL,DMO,1.988,0.627,1.874,0.514,1.491,0.35,NA,NA,NA,NA,NA,NA,2.841,0.931,2.464,0.901,2.269,0.696,2.652,0.889,1.891,0.961,2.212,0.629,2.697,1.013,3.558,1.114,2.265,0.698,3.15,0.973,3.307,0.947,2.243,0.897,
JL190731_002,imp,W,CL,DMO,2.606,0.71,2.102,0.643,1.869,0.584,NA,NA,NA,NA,NA,NA,3.24,1.337,2.536,1.042,2.529,0.731,3.281,1.218,2.544,0.898,2.583,0.736,3.365,1.11,3.683,1.446,2.757,1.275,3.655,0.96,3.919,1.291,3.01,1.145,
JL190731_003,imp,W,CL,DMO,2.11,0.686,2.233,0.655,1.925,0.674,2.581,0.857,2.257,0.641,2.19,0.525,3.062,1.072,2.499,0.961,2.56,0.772,3.477,0.851,2.569,1.013,2.734,0.876,3.46,1.024,3.954,1.145,2.808,1.068,3.523,1.137,4.025,1.289,2.954,1.196,
JL190731_004,bim,W,CL,DMO,2.86,0.916,2.521,0.664,1.935,0.59,2.924,0.553,NA,NA,NA,NA,3.17,1.254,2.906,1.218,3.039,0.907,3.058,1.183,2.807,1.127,2.964,0.843,3.864,1.031,4.215,1.212,3.12,1.135,3.867,1.161,3.823,1.196,3.17,1.18,MIDLEG FEMUR 2 BROKEN
JL190731_005,bim,W,CL,DMO,2.177,0.779,2.085,0.637,1.78,0.47,NA,NA,NA,NA,NA,NA,NA,NA,2.255,1.097,2.658,0.824,2.675,1.155,2.554,0.972,2.449,0.707,3.566,1.058,3.891,0.981,2.474,0.964,3.459,0.699,3.792,0.963,2.624,0.808,
JL190806_001,vag,M,DY,PF,2.271,0.621,1.778,0.41,1.541,0.388,NA,NA,1.631,0.596,1.748,0.37,2.596,1.022,2.277,0.795,2.344,0.506,2.626,0.987,2.353,0.816,2.47,0.584,3.088,0.973,3.457,0.71,2.225,0.595,3.082,1.092,3.419,0.907,2.707,0.71,
JL190806_004,bim,W,PF,DMO,2.417,0.83,2.114,0.688,1.927,0.51,2.207,0.677,2.056,0.674,1.895,0.406,2.581,0.995,2.525,0.805,2.493,0.773,2.982,0.852,3.718,0.717,2.721,0.774,3.624,0.98,3.92,1.264,2.589,1.103,NA,NA,NA,NA,NA,NA,
JL190806-002,bim,W,DY,DY,2.494,0.739,2.025,0.529,2.273,0.351,2.722,0.711,2.171,0.585,2.674,0.448,3.224,1.265,2.98,0.71,3.324,0.67,3.654,0.96,2.567,1.002,3.19,0.661,3.844,1.198,4.158,1.152,3.07,0.723,3.973,1.071,4.125,1.134,3.02,0.723,
JL190806-005,imp,W,DY,DY,3.388,0.72,2.308,0.783,1.873,0.565,3.403,0.682,2.25,0.6,1.937,0.761,3.076,1.245,2.912,0.848,2.839,0.844,3.1,1.284,2.75,1.033,2.844,0.701,3.557,1.031,4.239,1.351,2.703,1.401,4.083,1.291,4.44,1.354,2.689,1.339,
JL190806-006,imp,W,DY,DY,2.612,1.311,2.517,0.923,2.49,0.696,2.526,0.622,2.048,0.544,1.908,0.675,3.795,1.042,2.377,0.718,2.61,0.718,3.106,0.677,2,0.585,1.75,0.632,2.612,1.311,2.517,0.923,2.49,0.696,2.526,0.622,2.048,0.544,1.908,0.675,
JL190806-007,imp,W,DY,DY,3.775,0.736,2.689,0.78,2.232,0.63,NA,NA,NA,NA,NA,NA,3.321,1.361,2.985,1.069,2.959,1.022,3.268,1.071,3.1,1.247,2.681,0.982,4.058,1.033,4.299,1.499,3.338,1.713,4.016,1.158,4.54,1.2,3.084,1.637,
JL190806-008,bim,W,DY,DY,3.304,0.764,1.995,0.711,1.926,0.517,3.717,0.751,2.181,0.812,1.664,0.591,2.902,1.357,2.466,1.03,2.435,0.756,3.389,1.168,2.889,1.1,2.217,0.654,4.569,0.908,3.806,1.119,2.435,1.023,3.74,1.108,3.726,1.368,2.548,1.109,
JL190809_001,tern,W,DY,PF,2.403,0.859,1.591,0.677,1.586,0.359,1.788,0.527,1.401,0.407,1.157,0.271,2.063,0.813,1.767,0.607,1.447,0.498,1.7,0.512,1.226,0.484,1.117,0.398,2.318,0.777,2.555,0.721,1.633,0.438,1.986,0.67,2.398,0.542,1.687,0.501,
JL190809_002,tern,W,PF,DMO,NA,NA,NA,NA,NA,NA,NA,NA,NA,NA,NA,NA,2.404,1.059,2.501,0.835,2.196,0.671,2.425,1.036,1.995,0.836,2.288,0.627,2.857,0.992,3.147,0.773,2.297,0.966,3.453,0.98,3.364,0.946,2.411,0.953,Midlegs or forelegs?
JL190809_005,vag,W,PF,DMO,NA,NA,NA,NA,NA,NA,NA,NA,NA,NA,NA,NA,NA,NA,NA,NA,NA,NA,NA,NA,NA,NA,NA,NA,3.155,0.925,3.465,1.098,2.269,0.919,3.641,0.962,3.596,1.222,2.319,1.028,
JL190809_006,tern,W,DY,PF,1.877,0.514,1.522,0.47,1.134,0.361,NA,NA,NA,NA,NA,NA,1.773,0.833,1.859,0.558,1.832,0.472,1.888,0.55,1.871,0.723,1.885,0.564,2.316,0.775,2.8,0.824,1.959,0.689,2.447,0.887,2.859,1.015,1.882,0.666,
JL190809_007,tern,W,DY,PF,1.942,0.45,1.324,0.398,1.062,0.302,1.472,0.448,1.336,0.355,1.035,0.286,2.373,0.71,1.739,0.499,1.505,0.413,1.892,0.786,1.601,0.531,1.391,0.434,2.041,0.667,2.057,0.793,1.676,0.613,2.206,0.6,2.319,0.764,1.665,0.693,
JL190809_008,tern,W,DY,PF,1.954,0.523,1.513,0.436,1.224,0.283,1.805,0.482,1.5,0.377,1.078,0.285,2.035,0.79,1.808,0.726,1.995,0.485,2.291,0.786,2.016,0.704,2.127,0.36,2.223,0.773,2.699,0.855,2.227,0.691,2.677,0.807,2.813,0.755,1.828,0.599,
JL190809_009,tern,W,DY,PF,1.612,0.471,1.338,0.437,1.16,0.398,1.643,0.515,1.375,0.39,1.066,0.305,2.094,0.597,2.383,0.604,1.575,0.442,2.156,0.7,2.361,0.89,1.679,0.565,2.196,0.615,2.451,0.651,1.323,0.417,2.244,0.7,2.543,0.854,1.531,0.613,
JL190809_012,tern,W,DY,PF,2.378,0.696,1.818,0.539,1.563,0.495,2.341,0.712,1.898,0.533,1.435,0.428,3.3,1.048,3.498,0.897,2.27,0.719,2.809,0.997,2.471,0.826,2.201,0.661,3.153,0.979,3.373,1.013,2.142,0.85,2.867,1.053,2.522,0.8,2.314,0.403,
JL190809-003,vag,W,DY,DY,2.174,0.726,1.608,0.631,NA,NA,2.096,0.718,1.858,0.683,NA,NA,2.541,0.883,2.332,0.833,2.413,0.832,2.78,1.033,2.309,0.827,2.508,0.675,3.213,1.044,3.53,1.074,2.554,0.938,3.013,0.861,3.609,0.957,2.255,0.759,
JL190809-004,tern,W,DY,DY,2.209,0.697,1.737,0.585,1.588,0.54,NA,NA,1.779,0.67,1.493,0.486,2.38,1.148,1.98,0.856,2.237,0.635,2.386,1.138,2.373,0.692,1.97,0.538,2.882,0.981,3.411,1.028,1.865,0.848,2.894,0.965,3.128,1.082,2.171,0.957,
JL190809-010,bim,M,DY,DY,2.348,1.28,2.901,0.84,2.557,0.687,3.614,0.936,2.337,0.696,NA,NA,4.521,1.241,2.926,1.41,3.41,0.627,4.456,1.335,3.255,1.111,3.58,0.791,4.926,1.304,4.426,1.464,3.417,0.938,5.013,1.314,4.596,1.377,3.113,1.016,
JL190809-011,bim,M,DY,DY,3.176,0.88,2.23,0.597,2.553,0.47,3.295,0.696,1.993,0.7,1.981,0.543,2.712,1.283,2.896,1.043,2.98,0.632,NA,NA,2.109,1.157,2.901,0.828,3.412,1.178,4.12,1.002,3.015,0.983,4.424,1.256,4.223,0.883,3.186,1.03,
JL190827-010,bim,W,DY,DY,3.29,0.846,2.12,0.817,1.878,0.705,NA,NA,NA,NA,NA,NA,2.846,1.187,2.287,1.039,2.54,0.935,3.091,1.201,2.395,1.218,2.519,0.856,3.966,1.135,3.652,1.239,2.256,1.118,4.132,1.131,3.606,1.346,2.721,0.944,
JL190910_001,imp,W,CL,DMO,2.544,0.816,2.175,0.622,2.081,0.587,NA,NA,NA,NA,NA,NA,2.991,1.218,2.868,0.856,2.777,0.852,3.467,1.073,2.921,1.051,2.88,0.851,3.674,1.257,3.84,1.274,3.109,1.329,NA,NA,NA,NA,NA,NA,
JL200920-003,imp,M,DY,DY,3.321,1.361,2.985,1.069,2.959,1.022,3.268,1.071,3.1,1.247,2.681,0.982,2.584,1.066,1.896,0.71,2.426,0.681,NA,NA,NA,NA,2.19,0.881,3.186,0.883,3.585,1.222,2.331,0.908,3.345,1.019,3.287,1.361,2.61,1.154,
JMS190709-001,vag,W,DY,DY,2.189,0.651,1.86,0.604,1.393,0.404,2.001,0.667,1.637,0.665,1.349,0.354,2.575,0.944,2.111,0.772,1.87,0.609,2.538,0.913,1.991,0.836,2.092,0.717,2.593,0.896,2.983,0.784,2.067,0.729,2.623,0.876,2.868,0.99,1.974,0.802,
JWM180802_002,vag,W,CL,DMO,NA,NA,1.86,0.663,1.768,0.462,2.361,0.597,1.881,0.491,1.696,0.402,3.011,1.065,2.397,0.804,2.365,0.611,2.739,0.922,2.381,0.736,2.318,0.817,2.811,0.904,3.516,0.994,2.245,0.917,3.202,1.018,3.626,1.032,2.181,1.035,
KJ190716_003,bim,W,CL,DMO,NA,NA,NA,NA,NA,NA,NA,NA,NA,NA,NA,NA,NA,NA,NA,NA,NA,NA,3.117,1.443,2.813,1.081,2.901,0.876,3.751,1.212,4.457,1.371,2.869,1.272,2.912,0.934,4.343,1.47,2.614,1.45,
KJ190716_013,bim,W,CL,DMO,2.943,0.831,2.341,0.828,2.03,0.461,2.824,0.78,2.324,0.575,2.065,0.449,NA,NA,NA,NA,NA,NA,NA,NA,NA,NA,NA,NA,NA,NA,NA,NA,NA,NA,NA,NA,NA,NA,NA,NA,
LMB190709_001,san,W,CL,DMO,2.237,0.76,2.312,0.741,1.978,0.492,NA,NA,NA,NA,NA,NA,3.084,1.279,2.894,1.22,3.018,0.824,3.61,1.282,2.847,1.068,3.044,0.75,3.853,0.856,4.262,1.479,3.128,1.228,4.006,1.309,4.156,1.309,2.84,1.024,MIDLEG FEMUR 1 BROKEN
LMB190715_001,bim,W,CL,DMO,2.355,0.605,NA,NA,NA,NA,NA,NA,NA,NA,NA,NA,3.367,1.32,2.752,1.075,2.84,0.783,NA,NA,NA,NA,NA,NA,4.11,1.459,2.878,1.238,NA,NA,NA,NA,NA,NA,NA,NA,
M4180703_003,terri,W,DY,PF,2.209,0.591,1.862,0.56,1.456,0.432,2.223,0.63,1.654,0.622,1.467,0.438,2.741,0.942,2.081,0.802,2.076,0.5,2.656,0.93,2.389,0.803,2.16,0.571,2.723,0.83,3.647,1.067,2.249,0.668,2.853,0.918,3.427,1.137,2.406,0.866,
MM190709-001,vag,W,DY,DY,2.593,0.896,2.983,0.784,2.067,0.729,2.623,0.876,2.868,0.99,1.974,0.802,2.772,1.163,2.04,0.784,1.935,0.606,2.476,0.96,2.205,0.805,2.217,0.477,2.811,0.93,2.906,0.809,2.035,0.7,NA,NA,NA,NA,NA,NA,
MPS180619_011,imp,W,CL,DMO,2.25,0.594,1.839,0.55,1.436,0.292,2.195,0.599,1.693,0.642,1.311,0.344,2.456,0.999,2.18,0.775,2.028,0.687,2.26,0.869,2.285,0.866,2.005,0.692,2.195,0.75,2.853,1.096,2.035,0.699,NA,NA,NA,NA,NA,NA,
MY100629-003,vag,W,DY,DY,1.825,0.583,1.437,0.631,1.448,0.408,2.174,0.509,1.653,0.603,1.342,0.468,2.355,0.86,2.3,0.807,1.98,0.653,NA,NA,NA,NA,NA,NA,2.583,0.847,2.872,0.935,1.922,0.927,2.551,0.833,2.666,0.936,1.954,0.645,
MY180231_003,vag,W,CL,DMO,2.485,0.747,1.912,0.492,1.758,0.401,2.59,0.643,2.202,0.659,1.548,0.394,2.992,1.152,2.664,0.909,2.45,0.801,2.355,1.071,2.418,0.929,2.535,0.792,NA,NA,3.897,1.446,2.474,1.101,4.119,1.061,3.729,1.019,2.266,0.93,
MY180615_004,tern,W,CL,DMO,2.148,0.571,1.906,0.568,1.295,0.474,2.253,0.613,1.783,0.516,1.413,0.433,2.489,0.848,2.158,0.83,2.03,0.571,2.648,0.826,2.112,0.706,1.916,0.705,2.937,0.936,3.369,1.104,2.012,0.803,2.834,0.973,3.041,1.129,1.99,0.846,HIND TIBIA 2 VERY HARY AND HARD TO SEE MARGINS
MY180615_005,tern,W,CL,DMO,NA,NA,NA,NA,NA,NA,2.328,0.623,1.943,0.684,1.612,0.641,2.471,1.08,2.357,0.989,1.985,0.797,2.629,1.051,2.415,0.817,2.118,0.726,2.948,0.959,3.237,1.037,2.102,0.949,2.99,1.029,3.656,1.08,2.263,1.004,
MY180615_007,terri,W,PF,DMO,2.363,0.692,2.175,0.641,1.485,0.514,NA,NA,NA,NA,NA,NA,3.106,1.028,2.819,0.892,2.451,0.518,2.793,1.007,2.461,0.814,2.491,0.474,3.417,1.016,3.781,0.765,2.602,0.943,3.341,1.042,4.095,1.249,2.328,0.951,
my180615_013,terri,W,CL,DMO,2.483,0.65,1.987,0.728,1.725,0.44,NA,NA,NA,NA,NA,NA,NA,NA,2.841,1.133,2.444,0.922,2.575,1.018,2.67,0.674,2.411,0.727,3.454,1.122,3.634,1.257,2.442,1.097,3.206,1,3.599,1.316,2.545,0.857,MID TIBIA 1 BROKEN
MY180619_001,vag,W,CL,DMO,NA,NA,NA,NA,NA,NA,1.911,0.56,1.79,0.583,1.472,0.319,2.576,0.973,2.105,0.876,2.079,0.507,2.705,0.897,2.215,0.698,2.039,0.643,2.898,0.941,2.651,1.058,2.122,0.685,2.617,0.85,2.948,0.931,2.125,0.749,
MY180619_005,vag,W,CL,DMO,2.188,0.639,1.736,0.619,1.537,0.405,2.236,0.603,1.841,0.635,1.461,0.383,2.797,0.936,2.115,0.865,2.158,0.822,NA,NA,2.084,0.79,1.994,0.735,NA,NA,NA,NA,NA,NA,NA,NA,NA,NA,NA,NA,THREE HINDLEGS
MY180622_005_duplicate1,tern,W,CL,DMO,2.263,0.654,1.797,0.546,1.427,0.325,2.232,0.63,1.898,0.554,1.593,0.342,NA,0.951,2.186,0.922,2.033,0.622,2.868,1.023,2.221,0.894,2.088,0.722,2.307,1.008,3.103,1.085,2.144,0.966,1.546,0.577,3.024,1.077,2.105,0.986,HIND FEMURS BROKEN
MY180622_005_duplicate2,tern,W,CL,DMO,2.374,0.643,2.053,0.491,1.683,0.616,,0.546,1.854,0.58,1.497,0.506,2.849,1.048,2.491,0.975,2.206,0.716,2.972,1.102,3.551,1.116,2.031,1.066,3.219,1.105,3.79,1.23,1.902,0.92,3.003,1.12,3.436,1.193,2.204,0.962,
MY180626_001,vag,W,CL,DMO,1.895,0.529,1.609,0.436,1.278,0.327,1.739,0.509,1.68,0.514,1.08,0.318,2.307,0.845,2.04,0.718,1.932,0.591,NA,NA,NA,NA,NA,NA,2.501,0.801,2.564,0.809,1.802,0.602,2.565,0.915,2.842,0.812,1.814,0.614,
MY180626_002,tern,W,CL,DMO,NA,NA,NA,NA,NA,NA,2.021,0.554,1.77,0.599,1.456,0.515,2.303,0.915,2.038,0.802,1.902,0.568,2.219,0.848,2.004,0.673,2.039,0.654,2.738,1.011,2.815,1.223,1.935,0.693,3.342,0.813,3.218,1.065,1.956,0.791,
MY180626_006,tern,W,CL,DMO,2.131,0.673,1.656,0.556,1.449,0.417,2.104,0.689,1.591,0.516,1.295,0.38,NA,NA,2.094,0.834,1.848,0.588,NA,NA,1.89,0.871,1.849,0.673,2.671,1.111,2.245,1.01,1.983,0.915,2.281,0.823,2.964,1.059,1.963,0.982,
MY180626_008,vag,W,CL,DMO,2.161,0.592,1.925,0.395,1.602,0.308,2.332,0.599,1.693,0.534,NA,NA,3.037,1.269,2.521,0.76,2.698,0.545,2.955,1.21,2.691,0.76,2.407,0.49,3.388,0.923,3.686,0.897,2.704,0.492,NA,NA,3.726,0.942,2.855,0.772,
MY180629_001,bor,W,PF,DMO,2.313,1.041,1.99,0.651,1.566,0.589,NA,NA,NA,NA,NA,NA,2.879,1.099,2.31,0.866,2.275,0.602,2.866,0.992,2.312,0.9,2.251,0.529,3.496,1.114,3.545,1.434,2.514,0.763,3.917,0.965,3.172,0.473,2.654,0.802,
MY180629_002,vag,W,PF,DMO,NA,NA,NA,NA,NA,NA,NA,NA,NA,NA,NA,NA,2.487,0.835,2.054,0.711,1.974,0.425,2.142,0.879,1.871,0.671,2.075,0.366,2.596,0.74,2.926,0.818,1.935,0.64,2.66,0.667,2.856,0.569,1.941,0.497,
MY180703_004_duplicate1,terri,W,PF,DMO,NA,NA,NA,NA,NA,NA,NA,NA,NA,NA,NA,NA,3.059,1.1,2.577,0.84,2.591,0.521,3.665,1.155,2.949,0.849,2.717,0.648,3.611,1.17,3.977,0.922,2.816,1.002,3.633,1.028,4.137,1.278,2.425,1.153,
MY180703_004_duplicate2,terri,W,PF,DMO,2.641,0.646,2.337,0.579,1.909,0.528,2.801,0.844,2.241,0.671,1.868,0.378,2.987,1.125,2.457,0.887,2.382,0.698,2.859,0.991,2.507,0.769,2.395,0.575,NA,NA,NA,NA,NA,NA,NA,NA,NA,NA,NA,NA,
MY180703_007,imp,W,CL,DMO,2.626,0.804,2.094,0.625,1.609,0.456,2.627,0.792,1.858,0.738,1.821,0.652,3.159,1.162,2.892,1.068,2.627,0.748,3.374,1.247,2.271,0.9,2.68,0.855,3.269,1.047,3.794,0.895,2.67,0.651,,,2.971,0.92,3.22,0.975,
MY180719_003,imp,W,CL,DMO,2.526,0.684,2.037,0.694,1.514,0.606,NA,NA,1.923,0.748,1.726,0.432,2.985,0.934,2.569,0.845,2.542,0.763,3.108,1.083,2.52,0.908,2.347,0.722,3.307,0.998,3.608,1.436,2.309,0.889,3.315,1.043,3.578,1.161,2.369,0.91,
MY180724_027,bor,W,PF,DMO,2.864,1.087,2.545,0.736,2.29,0.546,NA,NA,NA,NA,NA,NA,2.981,0.85,2.527,0.737,1.975,0.415,3.428,1.147,2.62,0.945,2.739,0.504,3.899,1.305,4.164,1.439,2.914,1.144,NA,NA,NA,NA,NA,NA,
MY180731_001,vag,W,DY,DY,NA,NA,1.656,0.597,1.527,0.404,2.144,0.567,1.553,0.554,1.831,0.448,2.343,0.974,2.042,0.791,2.137,0.591,3.198,0.816,2.099,0.702,2.139,0.627,2.743,0.992,3.102,1.219,1.91,0.925,2.723,0.85,3.133,1.023,2.22,0.849,
MY180731_002,imp,W,CL,DMO,NA,NA,NA,NA,NA,NA,2.205,0.534,2.296,0.632,1.962,0.656,2.842,1.068,2.462,0.832,2.232,0.657,3.033,1.02,2.341,0.811,2.465,0.749,3.249,0.97,3.711,1.108,2.59,1.07,,,3.552,1.185,2.353,1.18,
MY180802_001,vag,W,DY,DY,2.193,0.7,1.619,0.569,1.768,0.49,2.52,0.67,1.802,0.587,1.545,0.545,2.678,1.028,2.07,1.033,2.148,0.545,2.724,0.848,2.317,0.99,2.179,0.682,2.953,0.823,3.354,0.979,2.177,0.708,3.242,0.865,3.348,1.305,2.005,0.935,
MY180802_002,bor,W,CL,DMO,3.303,0.898,2.773,0.796,2.01,0.558,3.211,0.872,2.547,0.775,1.959,0.486,3.886,1.467,3.17,1.332,3.127,1.141,3.981,1.433,3.028,0.854,3.24,1.013,4.349,1.703,4.551,1.512,3.113,1.269,4.604,1.389,4.771,1.455,3.1,1.21,
MY180803_005,terri,W,PF,DMO,2.557,0.644,2.045,0.56,1.817,0.51,2.492,0.869,2.152,0.57,1.695,0.55,3.339,1.157,2.69,0.876,2.398,0.503,NA,NA,NA,NA,NA,NA,3.651,1.241,4.077,0.928,2.555,0.823,3.737,1.283,4.006,1.052,2.466,0.894,
MY180814_009,vag,W,PF,DMO,2.41,0.695,2.019,0.545,1.562,0.401,NA,NA,NA,NA,NA,NA,2.753,0.952,2.561,0.762,2.297,0.454,NA,NA,NA,NA,NA,NA,3.079,0.938,3.644,0.965,2.292,0.712,NA,NA,NA,NA,NA,NA,
MY180814_010,vag,W,CL,DMO,2.4,0.653,2.068,0.627,1.697,0.483,2.235,0.692,2.18,0.545,1.645,0.48,2.958,1.144,2.504,1.073,2.352,0.705,NA,NA,NA,NA,NA,NA,3.013,0.856,3.663,1.081,2.483,1.037,NA,NA,NA,NA,NA,NA,
MY190620_008,vag,M,DY,DY,2.936,0.589,2.156,0.531,1.677,0.413,2.786,0.578,1.916,0.627,1.599,0.351,3.1,1.049,2.438,0.827,2.539,0.547,2.716,0.874,2.341,0.74,2.898,0.427,3.156,0.91,3.557,0.857,2.75,0.764,3.112,0.913,3.46,0.88,2.626,0.784,
MY190709_001,vag,W,CL,DMO,2.082,0.564,1.78,0.537,1.363,0.403,1.855,0.657,1.781,0.443,1.315,0.358,2.183,0.931,2.178,0.761,1.917,0.628,2.486,0.861,1.979,0.751,2.018,0.582,2.767,0.886,2.7,0.94,2.069,0.65,2.779,0.748,3.129,0.891,2.029,0.666,
PF190272-001,bim,W,DY,DY,3.2,0.87,2.385,0.823,2.231,0.682,NA,NA,NA,NA,3.256,1.049,3.762,1.476,2.874,1.47,3.229,1.051,NA,NA,NA,NA,NA,NA,5,1.372,4.719,1.522,3.123,1.283,3.905,1.42,4.523,1.033,3.303,1.155,
PF190709_002,vag,W,CL,DMO,1.944,0.508,1.775,0.641,1.508,0.436,2.133,0.641,1.72,0.581,1.526,0.485,2.302,0.906,1.824,0.848,2.105,0.632,2.21,0.932,2.143,0.836,2.013,0.62,2.69,0.881,3.05,0.944,1.944,0.703,NA,NA,2.843,1.017,2.03,0.874,
PF190709_003,RUF,W,CL,DMO,1.862,0.605,1.838,0.562,1.435,0.409,NA,NA,NA,NA,NA,NA,2.187,1.013,2.183,0.839,2.164,0.641,2.786,1.041,2.131,0.712,2.06,0.631,2.42,0.923,2.89,1.041,2.431,0.881,2.831,0.93,2.611,0.99,2.316,0.697,
PF190709_005,imp,W,CL,DMO,1.967,0.647,2.055,0.728,1.681,0.471,2.105,0.67,2.117,0.44,1.678,0.443,NA,NA,NA,NA,NA,NA,2.797,1.197,2.699,0.77,2.449,0.753,3.62,0.986,3.882,1.182,2.486,0.948,3.023,0.899,3.812,1.109,2.335,0.682,
PF190709_007,vag,W,CL,DMO,NA,NA,NA,NA,NA,NA,2.565,0.733,2.197,0.529,1.662,0.436,2.503,1.184,2.735,0.965,2.557,0.896,3.373,1.166,2.476,1.113,2.602,0.815,2.892,0.952,3.945,1.405,2.436,1.285,NA,NA,3.687,1.398,2.574,1.156,
PF190709_009,bor,W,CL,DMO,2.034,0.561,1.966,0.652,NA,NA,1.904,0.724,1.902,0.721,NA,NA,2.597,1.117,2.389,1.062,2.662,0.75,3.186,1.125,2.611,0.96,2.609,0.625,3.142,1.104,3.383,1.131,2.309,1.015,3.918,1.037,3.399,1.088,2.439,0.885,
PF190709-001,vag,W,DY,DY,NA,NA,NA,NA,NA,NA,NA,NA,NA,NA,NA,NA,2.577,0.926,2.406,0.8,2.074,0.564,2.233,0.894,2.158,0.853,2.19,0.683,2.872,0.818,2.773,0.919,2.069,0.839,2.681,0.769,3.111,1.055,2.055,0.769,
PF190709-003,bim,W,DY,DY,2.645,0.836,2.104,0.613,1.91,0.591,NA,NA,NA,NA,NA,NA,3.352,1.337,2.589,1.015,2.764,0.808,NA,NA,NA,NA,NA,NA,3.391,1.328,3.675,1.514,2.85,1.34,2.594,1.137,4.267,1.122,2.73,1.122,
PF190714_004,imp,W,CL,DMO,2.503,0.697,2.044,0.637,1.786,0.406,2.485,0.702,2.05,0.611,1.68,0.427,2.801,1.012,2.513,0.884,2.284,0.631,2.862,0.959,2.532,0.839,2.212,0.73,3.814,1.068,3.803,1.188,2.476,1.13,3.04,1.006,3.671,1.354,2.523,1.276,
PF190719_001,vag,W,CL,DMO,2.463,0.613,1.877,0.608,1.659,0.548,NA,NA,NA,NA,NA,NA,2.763,1.079,2.564,0.812,2.514,0.526,2.84,1.007,2.57,0.725,2.489,0.575,NA,NA,3.889,0.803,2.459,0.684,3.075,1.015,3.754,1.11,2.5,0.963,
PF190724_002,imp,W,CL,DMO,2.577,0.736,2.303,0.763,1.932,0.679,2.522,0.767,2.012,0.718,1.908,0.606,3.491,1.203,2.837,0.892,3.077,0.738,3.386,1.328,3.057,0.892,2.898,0.831,3.674,1.034,4.064,1.042,2.848,0.825,3.967,1.223,4.19,1.254,2.876,1.176,
PF190724_003,imp,W,CL,DMO,NA,NA,2.334,0.652,1.804,0.578,2.544,0.621,2.207,0.526,1.914,0.598,3.134,1.183,2.695,0.904,2.294,0.923,3.084,1.119,2.84,0.996,2.893,0.855,3.686,1.033,4.311,1.296,3.055,0.946,4.136,1.309,4.434,1.367,2.986,1.223,
PF190724_006_duplicate1,tern,W,CL,DMO,NA,NA,NA,NA,NA,NA,1.964,0.607,1.751,0.564,1.394,0.449,2.306,0.915,2.183,0.838,2.077,0.636,NA,NA,NA,NA,NA,NA,2.566,0.842,3.154,0.659,2.163,0.609,3.392,0.751,3.203,0.793,2.169,0.903,
PF190724_006_duplicate2,vag,W,CL,DMO,2.108,0.556,1.792,0.529,1.676,0.514,NA,NA,NA,NA,NA,NA,2.43,1.055,2.365,0.862,2.292,0.654,2.767,1.024,2.111,0.812,2.248,0.55,3.095,0.998,3.005,0.943,2.458,0.855,3.14,0.612,3.429,0.946,2.19,0.766,
PF190724_008,bim,W,CL,DMO,2.34,0.71,2.017,0.53,1.613,0.502,NA,NA,NA,NA,NA,NA,3.027,1.083,2.31,0.941,2.367,0.696,2.743,0.97,2.175,0.759,2.273,0.751,3.164,1.081,3.541,1.223,2.647,0.93,3.067,0.963,3.391,1.058,2.451,1.203,
PJ100724_003,terri,W,CL,DMO,2.163,0.652,2.153,0.705,1.82,0.643,NA,NA,NA,NA,1.687,0.555,3.429,0.944,2.781,0.781,2.652,0.75,2.951,1.05,2.651,0.861,2.609,0.599,3.611,1.021,3.936,1.278,2.73,1.215,3.374,0.98,4.107,0.842,3.029,1.036,
PJ190716_009,imp,W,CL,DMO,2.643,0.76,2.358,0.665,1.982,0.513,NA,NA,NA,NA,NA,NA,3.329,1.297,2.722,1.025,2.819,0.674,2.872,1.163,2.767,1.031,2.754,0.876,3.894,1.318,3.877,1.252,2.797,1.28,3.481,1.1,4.227,0.978,2.998,1.113,
RGA190718_001,tern,W,CL,DMO,NA,NA,NA,NA,NA,NA,NA,NA,NA,NA,NA,NA,1.95,0.813,2.315,0.725,2.095,0.574,NA,NA,NA,NA,NA,NA,NA,NA,NA,NA,NA,NA,NA,NA,NA,NA,NA,NA,
TJ190529_001,imp,W,CL,DMO,4.201,1.686,4.596,1.294,3.254,1.036,NA,NA,NA,NA,NA,NA,3.958,1.929,3.579,1.458,3.597,0.98,3.545,0.977,3.496,1.028,2.944,0.981,6.373,1.645,6.259,2.618,4.006,2.058,5.697,1.925,5.988,1.909,3.402,1.589,
TMF190815_003,imp,W,PF,DMO,2.45,0.685,1.968,0.564,1.761,0.441,NA,NA,NA,NA,NA,NA,NA,NA,NA,NA,NA,NA,NA,NA,NA,NA,NA,NA,3.214,0.949,3.581,1.094,2.607,0.878,3.255,1.01,3.59,1.029,2.339,0.887,
TMW180731_004,imp,W,CL,DMO,2.114,0.516,1.839,0.563,1.62,0.476,NA,NA,NA,NA,NA,NA,2.412,0.866,1.56,0.936,2.078,0.635,NA,NA,NA,NA,NA,NA,NA,NA,1.962,1.034,2.253,0.641,NA,NA,2.996,1.077,2.277,0.964,
TW180626_001,vag,W,CL,DMO,1.681,0.568,1.678,0.534,1.435,0.51,1.647,0.525,1.719,0.485,1.319,0.544,NA,NA,NA,NA,NA,NA,NA,NA,NA,NA,NA,NA,2.145,0.802,2.783,1.09,1.964,0.736,NA,NA,NA,NA,NA,NA,
TW180703_001,terri,W,CL,DMO,2.863,0.758,2.118,0.548,1.872,0.725,2.542,0.709,1.962,0.632,1.554,0.603,3.288,1.274,3.056,1.083,2.675,0.748,3.444,1.242,2.781,0.918,2.714,0.804,3.602,1.211,4.249,1.046,2.826,0.981,3.819,1.237,4.402,1.597,2.932,1.091,
TW180711_014,imp,W,DY,DY,2.732,0.742,1.953,0.675,1.789,0.739,2.768,0.738,2.069,0.696,1.912,0.622,3.967,1.118,2.43,0.978,2.648,0.87,4.017,1.138,2.4,0.902,2.36,0.776,3.364,1.028,4.033,1.579,2.613,1.187,NA,NA,4.111,1.633,2.522,1.241,
TW180731_003,imp,W,CL,DMO,2.226,0.563,1.911,0.618,1.632,0.477,2.377,0.597,1.899,0.621,NA,NA,2.591,1.012,2.164,0.997,2.358,0.789,NA,NA,NA,NA,NA,NA,3.007,1.086,3.294,1.258,2.364,1.106,2.988,1.108,3.365,1.184,2.074,1.2,
TW180814_002,bor,W,DY,DY,3.396,0.74,1.75,0.644,1.571,0.545,3.056,0.833,1.936,0.632,1.842,0.488,2.734,1.437,2.394,0.791,2.197,0.771,3.885,1.25,2.532,0.943,2.439,0.742,3.002,1.175,3.643,1.291,2.523,0.968,3.466,1.262,4.157,1.514,2.389,0.988,
TW180814_003,bor,W,DY,DY,2.814,0.846,2.231,0.702,1.761,0.787,NA,NA,NA,NA,NA,NA,4.013,1.262,2.888,1.088,2.826,0.874,3.434,1.287,2.746,1.088,2.901,1.022,3.758,1.215,3.969,1.607,2.613,1.104,NA,NA,4.045,1.196,2.696,0.849,
TW180814_016,imp,W,CL,DMO,2.483,0.71,1.985,0.65,1.653,0.61,2.519,0.693,2.135,0.73,1.9,0.61,2.773,1.159,2.681,0.92,2.555,0.748,2.858,1.166,2.665,1.026,2.773,0.874,2.905,1.075,3.38,1.227,2.545,0.977,3.175,1.083,3.849,1.175,2.347,1.172,
TW180826_10,vag,W,CL,DMO,NA,NA,NA,NA,NA,NA,NA,NA,NA,NA,NA,NA,NA,NA,NA,NA,NA,NA,NA,NA,NA,NA,NA,NA,2.996,0.973,3.356,1.003,2.181,1.039,2.748,0.848,3.166,1.002,2.202,0.925,
TWM180615_004,tern,W,CL,DMO,1.811,0.539,1.675,0.528,1.282,0.347,1.899,0.585,1.618,0.507,1.288,0.32,1.843,0.877,1.78,0.795,1.847,0.603,2.312,0.906,1.716,0.688,1.852,0.414,2.457,0.814,2.579,0.888,1.995,0.702,2.519,0.86,2.579,0.958,1.686,0.769,
TWM180626_003,vag,W,CL,DMO,2.754,0.634,2.227,0.685,1.729,0.631,2.845,0.931,2.381,0.458,1.386,0.448,2.389,1.075,2.129,0.98,1.448,0.595,NA,NA,1.903,0.917,1.383,0.782,2.27,0.999,2.394,0.935,1.851,0.763,2.399,1.073,2.376,1.001,1.759,0.944,
TWM180626_006,tern,W,CL,DMO,2.278,0.567,1.836,0.642,1.57,0.438,2.146,0.621,1.908,0.58,1.594,0.369,2.507,1.049,2.417,0.876,2.097,0.698,NA,NA,NA,NA,NA,NA,2.781,1.074,2.851,0.979,2.132,0.862,2.624,1.016,3.267,0.883,2.439,0.953,
TWM180626_007,tern,W,CL,DMO,2.35,0.693,1.837,0.535,1.594,0.453,2.352,0.715,1.884,0.565,1.569,0.53,2.426,0.997,2.309,0.864,2.041,0.685,2.92,0.937,2.272,0.864,2.02,0.699,2.761,0.816,3.515,1.14,2.026,0.91,2.94,0.917,3.553,1.166,1.868,0.869,
TWM180626_008,vag,W,CL,DMO,2.345,0.65,1.902,0.506,1.523,0.418,2.291,0.619,1.788,0.459,1.509,0.415,2.622,0.97,2.588,0.762,2.114,0.512,2.555,1.009,2.215,0.887,2.38,0.645,3.17,0.999,3.124,1.077,2.098,0.796,2.974,1.048,3.336,1.044,2.285,0.703,
TWM180703_004,bor,W,PF,DMO,2.949,0.876,2.478,0.826,1.799,0.648,2.957,1.02,2.416,0.821,1.919,0.67,3.472,1.198,3,1.04,2.769,0.673,3.331,1.029,2.913,0.826,2.695,0.692,3.852,1.227,4.473,1.373,3.062,1.12,NA,NA,NA,NA,NA,NA,
TWM180802_006,bor,W,CL,DMO,2.98,0.721,2.313,0.752,1.569,0.486,2.983,0.782,2.275,0.873,1.907,0.496,2.746,1.386,3.066,1.078,3.202,0.625,3.608,1.559,3.05,1.131,2.933,0.656,4.168,1.283,4.692,1.366,3.128,0.892,4.314,1.298,4.577,1.318,3.251,0.991,
TWM180826_010,vag,W,CL,DMO,2.339,0.594,1.996,0.593,1.493,0.414,2.208,0.609,1.829,0.59,1.575,0.318,2.729,1.096,2.327,0.974,2.173,0.652,2.651,0.998,2.284,0.84,2.288,0.614,NA,NA,NA,NA,NA,NA,NA,NA,NA,NA,NA,NA,